Sheet name,Metric,Question C,Retrieved C,Search_Score C
Balance Sheet Template,Other Debtors,What is Other under Current Assets in Balance sheets for year 2023 and 2024?,"[{""Page: 138"": ""Table Index: 15"", ""Unnamed: 1"": NaN, ""Unnamed: 2"": NaN, ""Unnamed: 3"": NaN, ""Unnamed: 4"": NaN}, {""Page: 138"": ""Table Header: , , 2024, 2023"", ""Unnamed: 1"": NaN, ""Unnamed: 2"": NaN, ""Unnamed: 3"": NaN, ""Unnamed: 4"": NaN}, {""Page: 138"": ""Page Header: Consolidated Statement of Financial Position | As at 31 March 2024 (2 April 2023) | 2024 2023"", ""Unnamed: 1"": NaN, ""Unnamed: 2"": NaN, ""Unnamed: 3"": NaN, ""Unnamed: 4"": NaN}, {""Page: 138"": ""Notes Mentioned: None"", ""Unnamed: 1"": NaN, ""Unnamed: 2"": NaN, ""Unnamed: 3"": NaN, ""Unnamed: 4"": NaN}, {""Page: 138"": NaN, ""Unnamed: 1"": NaN, ""Unnamed: 2"": NaN, ""Unnamed: 3"": ""2024"", ""Unnamed: 4"": ""2023""}, {""Page: 138"": NaN, ""Unnamed: 1"": NaN, ""Unnamed: 2"": ""Notes"", ""Unnamed: 3"": ""$\u2019m"", ""Unnamed: 4"": ""$\u2019m""}, {""Page: 138"": NaN, ""Unnamed: 1"": ""Non-current assets"", ""Unnamed: 2"": NaN, ""Unnamed: 3"": NaN, ""Unnamed: 4"": NaN}, {""Page: 138"": NaN, ""Unnamed: 1"": ""Goodwill"", ""Unnamed: 2"": ""12"", ""Unnamed: 3"": ""121.4"", ""Unnamed: 4"": ""82.3""}, {""Page: 138"": NaN, ""Unnamed: 1"": ""Other intangible assets"", ""Unnamed: 2"": ""13"", ""Unnamed: 3"": ""131.7"", ""Unnamed: 4"": ""41.8""}, {""Page: 138"": NaN, ""Unnamed: 1"": ""Property, plant and equipment"", ""Unnamed: 2"": ""14"", ""Unnamed: 3"": ""91.8"", ""Unnamed: 4"": ""50.1""}, {""Page: 138"": NaN, ""Unnamed: 1"": ""Right-of-use assets"", ""Unnamed: 2"": ""15"", ""Unnamed: 3"": ""38.4"", ""Unnamed: 4"": ""34.5""}, {""Page: 138"": NaN, ""Unnamed: 1"": ""Interests in associates"", ""Unnamed: 2"": ""16"", ""Unnamed: 3"": ""8.1"", ""Unnamed: 4"": ""2.6""}, {""Page: 138"": NaN, ""Unnamed: 1"": ""Other receivables"", ""Unnamed: 2"": ""18"", ""Unnamed: 3"": ""2.0"", ""Unnamed: 4"": ""1.8""}, {""Page: 138"": NaN, ""Unnamed: 1"": ""Derivative financial instruments"", ""Unnamed: 2"": ""31"", ""Unnamed: 3"": ""1.5"", ""Unnamed: 4"": ""0.9""}, {""Page: 138"": NaN, ""Unnamed: 1"": ""Retirement benefit asset"", ""Unnamed: 2"": ""30"", ""Unnamed: 3"": ""0.4"", ""Unnamed: 4"": ""\u2013""}, {""Page: 138"": NaN, ""Unnamed: 1"": ""Deferred tax assets"", ""Unnamed: 2"": ""21"", ""Unnamed: 3"": ""25.9"", ""Unnamed: 4"": ""24.6""}, {""Page: 138"": NaN, ""Unnamed: 1"": NaN, ""Unnamed: 2"": NaN, ""Unnamed: 3"": ""421.2"", ""Unnamed: 4"": ""238.6""}, {""Page: 138"": NaN, ""Unnamed: 1"": ""Current assets"", ""Unnamed: 2"": NaN, ""Unnamed: 3"": NaN, ""Unnamed: 4"": NaN}, {""Page: 138"": NaN, ""Unnamed: 1"": ""Inventories"", ""Unnamed: 2"": ""17"", ""Unnamed: 3"": ""174.3"", ""Unnamed: 4"": ""120.5""}, {""Page: 138"": NaN, ""Unnamed: 1"": ""Trade receivables"", ""Unnamed: 2"": ""18"", ""Unnamed: 3"": ""187.6"", ""Unnamed: 4"": ""136.2""}, {""Page: 138"": NaN, ""Unnamed: 1"": ""Other receivables"", ""Unnamed: 2"": ""18"", ""Unnamed: 3"": ""23.4"", ""Unnamed: 4"": ""15.7""}, {""Page: 138"": NaN, ""Unnamed: 1"": ""Current tax assets"", ""Unnamed: 2"": NaN, ""Unnamed: 3"": ""1.8"", ""Unnamed: 4"": ""0.8""}, {""Page: 138"": NaN, ""Unnamed: 1"": ""Derivative financial instruments"", ""Unnamed: 2"": ""31"", ""Unnamed: 3"": ""1.0"", ""Unnamed: 4"": ""0.9""}, {""Page: 138"": NaN, ""Unnamed: 1"": ""Cash and bank balances"", ""Unnamed: 2"": ""28"", ""Unnamed: 3"": ""29.8"", ""Unnamed: 4"": ""22.5""}, {""Page: 138"": NaN, ""Unnamed: 1"": NaN, ""Unnamed: 2"": NaN, ""Unnamed: 3"": ""417.9"", ""Unnamed: 4"": ""296.6""}, {""Page: 138"": NaN, ""Unnamed: 1"": ""Total assets"", ""Unnamed: 2"": NaN, ""Unnamed: 3"": ""839.1"", ""Unnamed: 4"": ""535.2""}, {""Page: 138"": NaN, ""Unnamed: 1"": ""Current liabilities"", ""Unnamed: 2"": NaN, ""Unnamed: 3"": NaN, ""Unnamed: 4"": NaN}, {""Page: 138"": NaN, ""Unnamed: 1"": ""Borrowings"", ""Unnamed: 2"": ""19"", ""Unnamed: 3"": ""3.3"", ""Unnamed: 4"": ""1.8""}, {""Page: 138"": NaN, ""Unnamed: 1"": ""Lease liabilities"", ""Unnamed: 2"": ""19"", ""Unnamed: 3"": ""21.3"", ""Unnamed: 4"": ""15.6""}, {""Page: 138"": NaN, ""Unnamed: 1"": ""Trade payables"", ""Unnamed: 2"": ""20"", ""Unnamed: 3"": ""133.1"", ""Unnamed: 4"": ""84.4""}, {""Page: 138"": NaN, ""Unnamed: 1"": ""Other payables"", ""Unnamed: 2"": ""20"", ""Unnamed: 3"": ""101.4"", ""Unnamed: 4"": ""65.2""}, {""Page: 138"": NaN, ""Unnamed: 1"": ""Current tax liabilities"", ""Unnamed: 2"": NaN, ""Unnamed: 3"": ""18.3"", ""Unnamed: 4"": ""14.5""}, {""Page: 138"": NaN, ""Unnamed: 1"": ""Retirement benefit obligations"", ""Unnamed: 2"": ""30"", ""Unnamed: 3"": ""\u2013"", ""Unnamed: 4"": ""0.3""}, {""Page: 138"": NaN, ""Unnamed: 1"": ""Provisions"", ""Unnamed: 2"": ""22"", ""Unnamed: 3"": ""2.9"", ""Unnamed: 4"": ""0.9""}, {""Page: 138"": NaN, ""Unnamed: 1"": ""Derivative financial instruments"", ""Unnamed: 2"": ""31"", ""Unnamed: 3"": ""0.4"", ""Unnamed: 4"": ""\u2013""}, {""Page: 138"": NaN, ""Unnamed: 1"": NaN, ""Unnamed: 2"": NaN, ""Unnamed: 3"": ""280.7"", ""Unnamed: 4"": ""182.7""}, {""Page: 138"": NaN, ""Unnamed: 1"": ""Net current assets"", ""Unnamed: 2"": NaN, ""Unnamed: 3"": ""137.2"", ""Unnamed: 4"": ""113.9""}, {""Page: 138"": NaN, ""Unnamed: 1"": ""Non-current liabilities"", ""Unnamed: 2"": NaN, ""Unnamed: 3"": NaN, ""Unnamed: 4"": NaN}, {""Page: 138"": NaN, ""Unnamed: 1"": ""Borrowings"", ""Unnamed: 2"": ""19"", ""Unnamed: 3"": ""143.1"", ""Unnamed: 4"": ""89.6""}, {""Page: 138"": NaN, ""Unnamed: 1"": ""Lease liabilities"", ""Unnamed: 2"": ""19"", ""Unnamed: 3"": ""16.1"", ""Unnamed: 4"": ""19.2""}, {""Page: 138"": NaN, ""Unnamed: 1"": ""Other payables"", ""Unnamed: 2"": ""20"", ""Unnamed: 3"": ""26.9"", ""Unnamed: 4"": ""1.4""}, {""Page: 138"": NaN, ""Unnamed: 1"": ""Deferred tax liabilities"", ""Unnamed: 2"": ""21"", ""Unnamed: 3"": ""28.2"", ""Unnamed: 4"": ""6.9""}, {""Page: 138"": NaN, ""Unnamed: 1"": ""Retirement benefit obligations"", ""Unnamed: 2"": ""30"", ""Unnamed: 3"": ""7.5"", ""Unnamed: 4"": ""2.3""}, {""Page: 138"": NaN, ""Unnamed: 1"": ""Provisions"", ""Unnamed: 2"": ""22"", ""Unnamed: 3"": ""1.0"", ""Unnamed: 4"": ""0.4""}, {""Page: 138"": NaN, ""Unnamed: 1"": NaN, ""Unnamed: 2"": NaN, ""Unnamed: 3"": ""222.8"", ""Unnamed: 4"": ""119.8""}, {""Page: 138"": NaN, ""Unnamed: 1"": ""Total liabilities"", ""Unnamed: 2"": NaN, ""Unnamed: 3"": ""503.5"", ""Unnamed: 4"": ""302.5""}, {""Page: 138"": NaN, ""Unnamed: 1"": ""Net assets"", ""Unnamed: 2"": NaN, ""Unnamed: 3"": ""335.6"", ""Unnamed: 4"": ""232.7""}, {""Page: 138"": NaN, ""Unnamed: 1"": ""Equity"", ""Unnamed: 2"": NaN, ""Unnamed: 3"": NaN, ""Unnamed: 4"": NaN}, {""Page: 138"": NaN, ""Unnamed: 1"": ""Share capital"", ""Unnamed: 2"": ""23"", ""Unnamed: 3"": ""69.6"", ""Unnamed: 4"": ""62.7""}, {""Page: 138"": NaN, ""Unnamed: 1"": ""Share premium account"", ""Unnamed: 2"": ""23"", ""Unnamed: 3"": ""62.0"", ""Unnamed: 4"": ""60.7""}, {""Page: 138"": NaN, ""Unnamed: 1"": ""Non-distributable reserve"", ""Unnamed: 2"": ""24"", ""Unnamed: 3"": ""2.5"", ""Unnamed: 4"": ""2.5""}, {""Page: 138"": NaN, ""Unnamed: 1"": ""Hedging and translation reserve"", ""Unnamed: 2"": NaN, ""Unnamed: 3"": ""(13.9)"", ""Unnamed: 4"": ""(14.6)""}, {""Page: 138"": NaN, ""Unnamed: 1"": ""Own shares"", ""Unnamed: 2"": ""24"", ""Unnamed: 3"": ""(4.3)"", ""Unnamed: 4"": ""(1.0)""}, {""Page: 138"": NaN, ""Unnamed: 1"": ""Retained earnings"", ""Unnamed: 2"": NaN, ""Unnamed: 3"": ""211.3"", ""Unnamed: 4"": ""115.0""}, {""Page: 138"": NaN, ""Unnamed: 1"": ""Total attributable to owners of the parent"", ""Unnamed: 2"": NaN, ""Unnamed: 3"": ""327.2"", ""Unnamed: 4"": ""225.3""}, {""Page: 138"": NaN, ""Unnamed: 1"": ""Non-controlling interests"", ""Unnamed: 2"": ""25"", ""Unnamed: 3"": ""8.4"", ""Unnamed: 4"": ""7.4""}, {""Page: 138"": NaN, ""Unnamed: 1"": ""Total equity"", ""Unnamed: 2"": NaN, ""Unnamed: 3"": ""335.6"", ""Unnamed: 4"": ""232.7""}, {""Page: 138"": NaN, ""Unnamed: 1"": NaN, ""Unnamed: 2"": ""The notes on pages 139 to 181 are an integral part of these financial statements. The consolidated financial statements of"", ""Unnamed: 3"": NaN, ""Unnamed: 4"": NaN}]
---
[{""Page: 138"": ""Table Index: 15"", ""Unnamed: 1"": NaN, ""Unnamed: 2"": NaN, ""Unnamed: 3"": NaN, ""Unnamed: 4"": NaN}, {""Page: 138"": ""Table Header: , , 2024, 2023"", ""Unnamed: 1"": NaN, ""Unnamed: 2"": NaN, ""Unnamed: 3"": NaN, ""Unnamed: 4"": NaN}, {""Page: 138"": ""Page Header: Consolidated Statement of Financial Position | As at 31 March 2024 (2 April 2023) | 2024 2023"", ""Unnamed: 1"": NaN, ""Unnamed: 2"": NaN, ""Unnamed: 3"": NaN, ""Unnamed: 4"": NaN}, {""Page: 138"": ""Notes Mentioned: None"", ""Unnamed: 1"": NaN, ""Unnamed: 2"": NaN, ""Unnamed: 3"": NaN, ""Unnamed: 4"": NaN}, {""Page: 138"": NaN, ""Unnamed: 1"": NaN, ""Unnamed: 2"": NaN, ""Unnamed: 3"": ""2024"", ""Unnamed: 4"": ""2023""}, {""Page: 138"": NaN, ""Unnamed: 1"": NaN, ""Unnamed: 2"": ""Notes"", ""Unnamed: 3"": ""$\u2019m"", ""Unnamed: 4"": ""$\u2019m""}, {""Page: 138"": NaN, ""Unnamed: 1"": ""Non-current assets"", ""Unnamed: 2"": NaN, ""Unnamed: 3"": NaN, ""Unnamed: 4"": NaN}, {""Page: 138"": NaN, ""Unnamed: 1"": ""Goodwill"", ""Unnamed: 2"": ""12"", ""Unnamed: 3"": ""121.4"", ""Unnamed: 4"": ""82.3""}, {""Page: 138"": NaN, ""Unnamed: 1"": ""Other intangible assets"", ""Unnamed: 2"": ""13"", ""Unnamed: 3"": ""131.7"", ""Unnamed: 4"": ""41.8""}, {""Page: 138"": NaN, ""Unnamed: 1"": ""Property, plant and equipment"", ""Unnamed: 2"": ""14"", ""Unnamed: 3"": ""91.8"", ""Unnamed: 4"": ""50.1""}, {""Page: 138"": NaN, ""Unnamed: 1"": ""Right-of-use assets"", ""Unnamed: 2"": ""15"", ""Unnamed: 3"": ""38.4"", ""Unnamed: 4"": ""34.5""}, {""Page: 138"": NaN, ""Unnamed: 1"": ""Interests in associates"", ""Unnamed: 2"": ""16"", ""Unnamed: 3"": ""8.1"", ""Unnamed: 4"": ""2.6""}, {""Page: 138"": NaN, ""Unnamed: 1"": ""Other receivables"", ""Unnamed: 2"": ""18"", ""Unnamed: 3"": ""2.0"", ""Unnamed: 4"": ""1.8""}, {""Page: 138"": NaN, ""Unnamed: 1"": ""Derivative financial instruments"", ""Unnamed: 2"": ""31"", ""Unnamed: 3"": ""1.5"", ""Unnamed: 4"": ""0.9""}, {""Page: 138"": NaN, ""Unnamed: 1"": ""Retirement benefit asset"", ""Unnamed: 2"": ""30"", ""Unnamed: 3"": ""0.4"", ""Unnamed: 4"": ""\u2013""}, {""Page: 138"": NaN, ""Unnamed: 1"": ""Deferred tax assets"", ""Unnamed: 2"": ""21"", ""Unnamed: 3"": ""25.9"", ""Unnamed: 4"": ""24.6""}, {""Page: 138"": NaN, ""Unnamed: 1"": NaN, ""Unnamed: 2"": NaN, ""Unnamed: 3"": ""421.2"", ""Unnamed: 4"": ""238.6""}, {""Page: 138"": NaN, ""Unnamed: 1"": ""Current assets"", ""Unnamed: 2"": NaN, ""Unnamed: 3"": NaN, ""Unnamed: 4"": NaN}, {""Page: 138"": NaN, ""Unnamed: 1"": ""Inventories"", ""Unnamed: 2"": ""17"", ""Unnamed: 3"": ""174.3"", ""Unnamed: 4"": ""120.5""}, {""Page: 138"": NaN, ""Unnamed: 1"": ""Trade receivables"", ""Unnamed: 2"": ""18"", ""Unnamed: 3"": ""187.6"", ""Unnamed: 4"": ""136.2""}, {""Page: 138"": NaN, ""Unnamed: 1"": ""Other receivables"", ""Unnamed: 2"": ""18"", ""Unnamed: 3"": ""23.4"", ""Unnamed: 4"": ""15.7""}, {""Page: 138"": NaN, ""Unnamed: 1"": ""Current tax assets"", ""Unnamed: 2"": NaN, ""Unnamed: 3"": ""1.8"", ""Unnamed: 4"": ""0.8""}, {""Page: 138"": NaN, ""Unnamed: 1"": ""Derivative financial instruments"", ""Unnamed: 2"": ""31"", ""Unnamed: 3"": ""1.0"", ""Unnamed: 4"": ""0.9""}, {""Page: 138"": NaN, ""Unnamed: 1"": ""Cash and bank balances"", ""Unnamed: 2"": ""28"", ""Unnamed: 3"": ""29.8"", ""Unnamed: 4"": ""22.5""}, {""Page: 138"": NaN, ""Unnamed: 1"": NaN, ""Unnamed: 2"": NaN, ""Unnamed: 3"": ""417.9"", ""Unnamed: 4"": ""296.6""}, {""Page: 138"": NaN, ""Unnamed: 1"": ""Total assets"", ""Unnamed: 2"": NaN, ""Unnamed: 3"": ""839.1"", ""Unnamed: 4"": ""535.2""}, {""Page: 138"": NaN, ""Unnamed: 1"": ""Current liabilities"", ""Unnamed: 2"": NaN, ""Unnamed: 3"": NaN, ""Unnamed: 4"": NaN}, {""Page: 138"": NaN, ""Unnamed: 1"": ""Borrowings"", ""Unnamed: 2"": ""19"", ""Unnamed: 3"": ""3.3"", ""Unnamed: 4"": ""1.8""}, {""Page: 138"": NaN, ""Unnamed: 1"": ""Lease liabilities"", ""Unnamed: 2"": ""19"", ""Unnamed: 3"": ""21.3"", ""Unnamed: 4"": ""15.6""}, {""Page: 138"": NaN, ""Unnamed: 1"": ""Trade payables"", ""Unnamed: 2"": ""20"", ""Unnamed: 3"": ""133.1"", ""Unnamed: 4"": ""84.4""}, {""Page: 138"": NaN, ""Unnamed: 1"": ""Other payables"", ""Unnamed: 2"": ""20"", ""Unnamed: 3"": ""101.4"", ""Unnamed: 4"": ""65.2""}, {""Page: 138"": NaN, ""Unnamed: 1"": ""Current tax liabilities"", ""Unnamed: 2"": NaN, ""Unnamed: 3"": ""18.3"", ""Unnamed: 4"": ""14.5""}, {""Page: 138"": NaN, ""Unnamed: 1"": ""Retirement benefit obligations"", ""Unnamed: 2"": ""30"", ""Unnamed: 3"": ""\u2013"", ""Unnamed: 4"": ""0.3""}, {""Page: 138"": NaN, ""Unnamed: 1"": ""Provisions"", ""Unnamed: 2"": ""22"", ""Unnamed: 3"": ""2.9"", ""Unnamed: 4"": ""0.9""}, {""Page: 138"": NaN, ""Unnamed: 1"": ""Derivative financial instruments"", ""Unnamed: 2"": ""31"", ""Unnamed: 3"": ""0.4"", ""Unnamed: 4"": ""\u2013""}, {""Page: 138"": NaN, ""Unnamed: 1"": NaN, ""Unnamed: 2"": NaN, ""Unnamed: 3"": ""280.7"", ""Unnamed: 4"": ""182.7""}, {""Page: 138"": NaN, ""Unnamed: 1"": ""Net current assets"", ""Unnamed: 2"": NaN, ""Unnamed: 3"": ""137.2"", ""Unnamed: 4"": ""113.9""}, {""Page: 138"": NaN, ""Unnamed: 1"": ""Non-current liabilities"", ""Unnamed: 2"": NaN, ""Unnamed: 3"": NaN, ""Unnamed: 4"": NaN}, {""Page: 138"": NaN, ""Unnamed: 1"": ""Borrowings"", ""Unnamed: 2"": ""19"", ""Unnamed: 3"": ""143.1"", ""Unnamed: 4"": ""89.6""}, {""Page: 138"": NaN, ""Unnamed: 1"": ""Lease liabilities"", ""Unnamed: 2"": ""19"", ""Unnamed: 3"": ""16.1"", ""Unnamed: 4"": ""19.2""}, {""Page: 138"": NaN, ""Unnamed: 1"": ""Other payables"", ""Unnamed: 2"": ""20"", ""Unnamed: 3"": ""26.9"", ""Unnamed: 4"": ""1.4""}, {""Page: 138"": NaN, ""Unnamed: 1"": ""Deferred tax liabilities"", ""Unnamed: 2"": ""21"", ""Unnamed: 3"": ""28.2"", ""Unnamed: 4"": ""6.9""}, {""Page: 138"": NaN, ""Unnamed: 1"": ""Retirement benefit obligations"", ""Unnamed: 2"": ""30"", ""Unnamed: 3"": ""7.5"", ""Unnamed: 4"": ""2.3""}, {""Page: 138"": NaN, ""Unnamed: 1"": ""Provisions"", ""Unnamed: 2"": ""22"", ""Unnamed: 3"": ""1.0"", ""Unnamed: 4"": ""0.4""}, {""Page: 138"": NaN, ""Unnamed: 1"": NaN, ""Unnamed: 2"": NaN, ""Unnamed: 3"": ""222.8"", ""Unnamed: 4"": ""119.8""}, {""Page: 138"": NaN, ""Unnamed: 1"": ""Total liabilities"", ""Unnamed: 2"": NaN, ""Unnamed: 3"": ""503.5"", ""Unnamed: 4"": ""302.5""}, {""Page: 138"": NaN, ""Unnamed: 1"": ""Net assets"", ""Unnamed: 2"": NaN, ""Unnamed: 3"": ""335.6"", ""Unnamed: 4"": ""232.7""}, {""Page: 138"": NaN, ""Unnamed: 1"": ""Equity"", ""Unnamed: 2"": NaN, ""Unnamed: 3"": NaN, ""Unnamed: 4"": NaN}, {""Page: 138"": NaN, ""Unnamed: 1"": ""Share capital"", ""Unnamed: 2"": ""23"", ""Unnamed: 3"": ""69.6"", ""Unnamed: 4"": ""62.7""}, {""Page: 138"": NaN, ""Unnamed: 1"": ""Share premium account"", ""Unnamed: 2"": ""23"", ""Unnamed: 3"": ""62.0"", ""Unnamed: 4"": ""60.7""}, {""Page: 138"": NaN, ""Unnamed: 1"": ""Non-distributable reserve"", ""Unnamed: 2"": ""24"", ""Unnamed: 3"": ""2.5"", ""Unnamed: 4"": ""2.5""}, {""Page: 138"": NaN, ""Unnamed: 1"": ""Hedging and translation reserve"", ""Unnamed: 2"": NaN, ""Unnamed: 3"": ""(13.9)"", ""Unnamed: 4"": ""(14.6)""}, {""Page: 138"": NaN, ""Unnamed: 1"": ""Own shares"", ""Unnamed: 2"": ""24"", ""Unnamed: 3"": ""(4.3)"", ""Unnamed: 4"": ""(1.0)""}, {""Page: 138"": NaN, ""Unnamed: 1"": ""Retained earnings"", ""Unnamed: 2"": NaN, ""Unnamed: 3"": ""211.3"", ""Unnamed: 4"": ""115.0""}, {""Page: 138"": NaN, ""Unnamed: 1"": ""Total attributable to owners of the parent"", ""Unnamed: 2"": NaN, ""Unnamed: 3"": ""327.2"", ""Unnamed: 4"": ""225.3""}, {""Page: 138"": NaN, ""Unnamed: 1"": ""Non-controlling interests"", ""Unnamed: 2"": ""25"", ""Unnamed: 3"": ""8.4"", ""Unnamed: 4"": ""7.4""}, {""Page: 138"": NaN, ""Unnamed: 1"": ""Total equity"", ""Unnamed: 2"": NaN, ""Unnamed: 3"": ""335.6"", ""Unnamed: 4"": ""232.7""}, {""Page: 138"": NaN, ""Unnamed: 1"": NaN, ""Unnamed: 2"": ""The notes on pages 139 to 181 are an integral part of these financial statements. The consolidated financial statements of"", ""Unnamed: 3"": NaN, ""Unnamed: 4"": NaN}]
---
[{""Page: 136"": ""Table Index: 13"", ""Unnamed: 1"": NaN, ""Unnamed: 2"": NaN, ""Unnamed: 3"": NaN, ""Unnamed: 4"": NaN, ""Unnamed: 5"": NaN, ""Unnamed: 6"": NaN, ""Unnamed: 7"": NaN, ""Unnamed: 8"": NaN}, {""Page: 136"": ""Table Header: , , , 2024, , , 2023, "", ""Unnamed: 1"": NaN, ""Unnamed: 2"": NaN, ""Unnamed: 3"": NaN, ""Unnamed: 4"": NaN, ""Unnamed: 5"": NaN, ""Unnamed: 6"": NaN, ""Unnamed: 7"": NaN, ""Unnamed: 8"": NaN}, {""Page: 136"": ""Page Header: Consolidated Income Statement | For the 52 weeks ended 31 March 2024 (52 weeks ended 2 April 2023) | 2024 2023"", ""Unnamed: 1"": NaN, ""Unnamed: 2"": NaN, ""Unnamed: 3"": NaN, ""Unnamed: 4"": NaN, ""Unnamed: 5"": NaN, ""Unnamed: 6"": NaN, ""Unnamed: 7"": NaN, ""Unnamed: 8"": NaN}, {""Page: 136"": ""Notes Mentioned: Note 4, Note 4"", ""Unnamed: 1"": NaN, ""Unnamed: 2"": NaN, ""Unnamed: 3"": NaN, ""Unnamed: 4"": NaN, ""Unnamed: 5"": NaN, ""Unnamed: 6"": NaN, ""Unnamed: 7"": NaN, ""Unnamed: 8"": NaN}, {""Page: 136"": NaN, ""Unnamed: 1"": NaN, ""Unnamed: 2"": NaN, ""Unnamed: 3"": NaN, ""Unnamed: 4"": ""2024"", ""Unnamed: 5"": NaN, ""Unnamed: 6"": NaN, ""Unnamed: 7"": ""2023"", ""Unnamed: 8"": NaN}, {""Page: 136"": NaN, ""Unnamed: 1"": NaN, ""Unnamed: 2"": NaN, ""Unnamed: 3"": ""Before"", ""Unnamed: 4"": ""Adjusting"", ""Unnamed: 5"": NaN, ""Unnamed: 6"": ""Before"", ""Unnamed: 7"": ""Adjusting"", ""Unnamed: 8"": NaN}, {""Page: 136"": NaN, ""Unnamed: 1"": NaN, ""Unnamed: 2"": NaN, ""Unnamed: 3"": ""adjusting"", ""Unnamed: 4"": ""items and"", ""Unnamed: 5"": NaN, ""Unnamed: 6"": ""adjusting"", ""Unnamed: 7"": ""items and"", ""Unnamed: 8"": NaN}, {""Page: 136"": NaN, ""Unnamed: 1"": NaN, ""Unnamed: 2"": NaN, ""Unnamed: 3"": ""items and"", ""Unnamed: 4"": ""share-based"", ""Unnamed: 5"": NaN, ""Unnamed: 6"": ""items and"", ""Unnamed: 7"": ""share-based"", ""Unnamed: 8"": NaN}, {""Page: 136"": NaN, ""Unnamed: 1"": NaN, ""Unnamed: 2"": NaN, ""Unnamed: 3"": ""share-based"", ""Unnamed: 4"": ""payments"", ""Unnamed: 5"": NaN, ""Unnamed: 6"": ""share-based"", ""Unnamed: 7"": ""payments"", ""Unnamed: 8"": NaN}, {""Page: 136"": NaN, ""Unnamed: 1"": NaN, ""Unnamed: 2"": NaN, ""Unnamed: 3"": ""payments"", ""Unnamed: 4"": ""(Note 4)"", ""Unnamed: 5"": ""Total"", ""Unnamed: 6"": ""payments"", ""Unnamed: 7"": ""(Note 4)"", ""Unnamed: 8"": ""Total""}, {""Page: 136"": NaN, ""Unnamed: 1"": NaN, ""Unnamed: 2"": ""Notes"", ""Unnamed: 3"": ""$\u2019m"", ""Unnamed: 4"": ""$\u2019m"", ""Unnamed: 5"": ""$\u2019m"", ""Unnamed: 6"": ""$\u2019m"", ""Unnamed: 7"": ""$\u2019m"", ""Unnamed: 8"": ""$\u2019m""}, {""Page: 136"": NaN, ""Unnamed: 1"": ""Revenue"", ""Unnamed: 2"": ""3"", ""Unnamed: 3"": ""912.8"", ""Unnamed: 4"": ""\u2013"", ""Unnamed: 5"": ""912.8"", ""Unnamed: 6"": ""722.8"", ""Unnamed: 7"": ""\u2013"", ""Unnamed: 8"": ""722.8""}, {""Page: 136"": NaN, ""Unnamed: 1"": ""Cost of sales"", ""Unnamed: 2"": NaN, ""Unnamed: 3"": ""(710.0)"", ""Unnamed: 4"": ""\u2013"", ""Unnamed: 5"": ""(710.0)"", ""Unnamed: 6"": ""(565.8)"", ""Unnamed: 7"": ""\u2013"", ""Unnamed: 8"": ""(565.8)""}, {""Page: 136"": NaN, ""Unnamed: 1"": ""Gross profit"", ""Unnamed: 2"": NaN, ""Unnamed: 3"": ""202.8"", ""Unnamed: 4"": ""\u2013"", ""Unnamed: 5"": ""202.8"", ""Unnamed: 6"": ""157.0"", ""Unnamed: 7"": ""\u2013"", ""Unnamed: 8"": ""157.0""}, {""Page: 136"": NaN, ""Unnamed: 1"": ""Operating expenses"", ""Unnamed: 2"": NaN, ""Unnamed: 3"": ""(113.1)"", ""Unnamed: 4"": ""(25.8)"", ""Unnamed: 5"": ""(138.9)"", ""Unnamed: 6"": ""(89.7)"", ""Unnamed: 7"": ""(13.5)"", ""Unnamed: 8"": ""(103.2)""}, {""Page: 136"": NaN, ""Unnamed: 1"": ""Operating profit"", ""Unnamed: 2"": ""7"", ""Unnamed: 3"": ""89.7"", ""Unnamed: 4"": ""(25.8)"", ""Unnamed: 5"": ""63.9"", ""Unnamed: 6"": ""67.3"", ""Unnamed: 7"": ""(13.5)"", ""Unnamed: 8"": ""53.8""}, {""Page: 136"": NaN, ""Unnamed: 1"": ""Share of net profit from"", ""Unnamed: 2"": NaN, ""Unnamed: 3"": NaN, ""Unnamed: 4"": NaN, ""Unnamed: 5"": NaN, ""Unnamed: 6"": NaN, ""Unnamed: 7"": NaN, ""Unnamed: 8"": NaN}, {""Page: 136"": NaN, ""Unnamed: 1"": ""associates"", ""Unnamed: 2"": ""16"", ""Unnamed: 3"": ""3.2"", ""Unnamed: 4"": ""\u2013"", ""Unnamed: 5"": ""3.2"", ""Unnamed: 6"": ""1.1"", ""Unnamed: 7"": ""\u2013"", ""Unnamed: 8"": ""1.1""}, {""Page: 136"": NaN, ""Unnamed: 1"": ""Finance income"", ""Unnamed: 2"": ""5"", ""Unnamed: 3"": ""1.3"", ""Unnamed: 4"": ""\u2013"", ""Unnamed: 5"": ""1.3"", ""Unnamed: 6"": ""0.4"", ""Unnamed: 7"": ""\u2013"", ""Unnamed: 8"": ""0.4""}, {""Page: 136"": NaN, ""Unnamed: 1"": ""Finance costs"", ""Unnamed: 2"": ""6"", ""Unnamed: 3"": ""(16.8)"", ""Unnamed: 4"": ""\u2013"", ""Unnamed: 5"": ""(16.8)"", ""Unnamed: 6"": ""(9.5)"", ""Unnamed: 7"": ""\u2013"", ""Unnamed: 8"": ""(9.5)""}, {""Page: 136"": NaN, ""Unnamed: 1"": ""Profit before taxation"", ""Unnamed: 2"": NaN, ""Unnamed: 3"": ""77.4"", ""Unnamed: 4"": ""(25.8)"", ""Unnamed: 5"": ""51.6"", ""Unnamed: 6"": ""59.3"", ""Unnamed: 7"": ""(13.5)"", ""Unnamed: 8"": ""45.8""}, {""Page: 136"": NaN, ""Unnamed: 1"": ""Taxation"", ""Unnamed: 2"": ""10"", ""Unnamed: 3"": ""(15.9)"", ""Unnamed: 4"": ""4.5"", ""Unnamed: 5"": ""(11.4)"", ""Unnamed: 6"": ""(10.7)"", ""Unnamed: 7"": ""2.3"", ""Unnamed: 8"": ""(8.4)""}, {""Page: 136"": NaN, ""Unnamed: 1"": ""Profit for the period"", ""Unnamed: 2"": NaN, ""Unnamed: 3"": ""61.5"", ""Unnamed: 4"": ""(21.3)"", ""Unnamed: 5"": ""40.2"", ""Unnamed: 6"": ""48.6"", ""Unnamed: 7"": ""(11.2)"", ""Unnamed: 8"": ""37.4""}, {""Page: 136"": NaN, ""Unnamed: 1"": ""Profit is attributable to:"", ""Unnamed: 2"": NaN, ""Unnamed: 3"": NaN, ""Unnamed: 4"": NaN, ""Unnamed: 5"": NaN, ""Unnamed: 6"": NaN, ""Unnamed: 7"": NaN, ""Unnamed: 8"": NaN}, {""Page: 136"": NaN, ""Unnamed: 1"": ""Owners of the parent"", ""Unnamed: 2"": NaN, ""Unnamed: 3"": ""60.5"", ""Unnamed: 4"": ""(21.2)"", ""Unnamed: 5"": ""39.3"", ""Unnamed: 6"": ""48.0"", ""Unnamed: 7"": ""(11.2)"", ""Unnamed: 8"": ""36.8""}, {""Page: 136"": NaN, ""Unnamed: 1"": ""Non-controlling interests"", ""Unnamed: 2"": NaN, ""Unnamed: 3"": ""1.0"", ""Unnamed: 4"": ""(0.1)"", ""Unnamed: 5"": ""0.9"", ""Unnamed: 6"": ""0.6"", ""Unnamed: 7"": ""\u2013"", ""Unnamed: 8"": ""0.6""}, {""Page: 136"": NaN, ""Unnamed: 1"": NaN, ""Unnamed: 2"": NaN, ""Unnamed: 3"": ""61.5"", ""Unnamed: 4"": ""(21.3)"", ""Unnamed: 5"": ""40.2"", ""Unnamed: 6"": ""48.6"", ""Unnamed: 7"": ""(11.2)"", ""Unnamed: 8"": ""37.4""}, {""Page: 136"": NaN, ""Unnamed: 1"": ""Earnings per share (cents)"", ""Unnamed: 2"": NaN, ""Unnamed: 3"": NaN, ""Unnamed: 4"": NaN, ""Unnamed: 5"": NaN, ""Unnamed: 6"": NaN, ""Unnamed: 7"": NaN, ""Unnamed: 8"": NaN}, {""Page: 136"": NaN, ""Unnamed: 1"": ""Basic"", ""Unnamed: 2"": ""11"", ""Unnamed: 3"": ""33.7"", ""Unnamed: 4"": NaN, ""Unnamed: 5"": ""21.8"", ""Unnamed: 6"": ""30.2"", ""Unnamed: 7"": NaN, ""Unnamed: 8"": ""23.2""}, {""Page: 136"": NaN, ""Unnamed: 1"": ""Diluted"", ""Unnamed: 2"": ""11"", ""Unnamed: 3"": ""33.0"", ""Unnamed: 4"": NaN, ""Unnamed: 5"": ""21.4"", ""Unnamed: 6"": ""28.8"", ""Unnamed: 7"": NaN, ""Unnamed: 8"": ""22.1""}]","[0.2629, 0.2629, 0.3132]"
Balance Sheet Template,Other Debtors,What is Other receivables under Current Assets in Consolidated statement of financial position for year 2023 and 2024?,"[{""Page: 138"": ""Table Index: 15"", ""Unnamed: 1"": NaN, ""Unnamed: 2"": NaN, ""Unnamed: 3"": NaN, ""Unnamed: 4"": NaN}, {""Page: 138"": ""Table Header: , , 2024, 2023"", ""Unnamed: 1"": NaN, ""Unnamed: 2"": NaN, ""Unnamed: 3"": NaN, ""Unnamed: 4"": NaN}, {""Page: 138"": ""Page Header: Consolidated Statement of Financial Position | As at 31 March 2024 (2 April 2023) | 2024 2023"", ""Unnamed: 1"": NaN, ""Unnamed: 2"": NaN, ""Unnamed: 3"": NaN, ""Unnamed: 4"": NaN}, {""Page: 138"": ""Notes Mentioned: None"", ""Unnamed: 1"": NaN, ""Unnamed: 2"": NaN, ""Unnamed: 3"": NaN, ""Unnamed: 4"": NaN}, {""Page: 138"": NaN, ""Unnamed: 1"": NaN, ""Unnamed: 2"": NaN, ""Unnamed: 3"": ""2024"", ""Unnamed: 4"": ""2023""}, {""Page: 138"": NaN, ""Unnamed: 1"": NaN, ""Unnamed: 2"": ""Notes"", ""Unnamed: 3"": ""$\u2019m"", ""Unnamed: 4"": ""$\u2019m""}, {""Page: 138"": NaN, ""Unnamed: 1"": ""Non-current assets"", ""Unnamed: 2"": NaN, ""Unnamed: 3"": NaN, ""Unnamed: 4"": NaN}, {""Page: 138"": NaN, ""Unnamed: 1"": ""Goodwill"", ""Unnamed: 2"": ""12"", ""Unnamed: 3"": ""121.4"", ""Unnamed: 4"": ""82.3""}, {""Page: 138"": NaN, ""Unnamed: 1"": ""Other intangible assets"", ""Unnamed: 2"": ""13"", ""Unnamed: 3"": ""131.7"", ""Unnamed: 4"": ""41.8""}, {""Page: 138"": NaN, ""Unnamed: 1"": ""Property, plant and equipment"", ""Unnamed: 2"": ""14"", ""Unnamed: 3"": ""91.8"", ""Unnamed: 4"": ""50.1""}, {""Page: 138"": NaN, ""Unnamed: 1"": ""Right-of-use assets"", ""Unnamed: 2"": ""15"", ""Unnamed: 3"": ""38.4"", ""Unnamed: 4"": ""34.5""}, {""Page: 138"": NaN, ""Unnamed: 1"": ""Interests in associates"", ""Unnamed: 2"": ""16"", ""Unnamed: 3"": ""8.1"", ""Unnamed: 4"": ""2.6""}, {""Page: 138"": NaN, ""Unnamed: 1"": ""Other receivables"", ""Unnamed: 2"": ""18"", ""Unnamed: 3"": ""2.0"", ""Unnamed: 4"": ""1.8""}, {""Page: 138"": NaN, ""Unnamed: 1"": ""Derivative financial instruments"", ""Unnamed: 2"": ""31"", ""Unnamed: 3"": ""1.5"", ""Unnamed: 4"": ""0.9""}, {""Page: 138"": NaN, ""Unnamed: 1"": ""Retirement benefit asset"", ""Unnamed: 2"": ""30"", ""Unnamed: 3"": ""0.4"", ""Unnamed: 4"": ""\u2013""}, {""Page: 138"": NaN, ""Unnamed: 1"": ""Deferred tax assets"", ""Unnamed: 2"": ""21"", ""Unnamed: 3"": ""25.9"", ""Unnamed: 4"": ""24.6""}, {""Page: 138"": NaN, ""Unnamed: 1"": NaN, ""Unnamed: 2"": NaN, ""Unnamed: 3"": ""421.2"", ""Unnamed: 4"": ""238.6""}, {""Page: 138"": NaN, ""Unnamed: 1"": ""Current assets"", ""Unnamed: 2"": NaN, ""Unnamed: 3"": NaN, ""Unnamed: 4"": NaN}, {""Page: 138"": NaN, ""Unnamed: 1"": ""Inventories"", ""Unnamed: 2"": ""17"", ""Unnamed: 3"": ""174.3"", ""Unnamed: 4"": ""120.5""}, {""Page: 138"": NaN, ""Unnamed: 1"": ""Trade receivables"", ""Unnamed: 2"": ""18"", ""Unnamed: 3"": ""187.6"", ""Unnamed: 4"": ""136.2""}, {""Page: 138"": NaN, ""Unnamed: 1"": ""Other receivables"", ""Unnamed: 2"": ""18"", ""Unnamed: 3"": ""23.4"", ""Unnamed: 4"": ""15.7""}, {""Page: 138"": NaN, ""Unnamed: 1"": ""Current tax assets"", ""Unnamed: 2"": NaN, ""Unnamed: 3"": ""1.8"", ""Unnamed: 4"": ""0.8""}, {""Page: 138"": NaN, ""Unnamed: 1"": ""Derivative financial instruments"", ""Unnamed: 2"": ""31"", ""Unnamed: 3"": ""1.0"", ""Unnamed: 4"": ""0.9""}, {""Page: 138"": NaN, ""Unnamed: 1"": ""Cash and bank balances"", ""Unnamed: 2"": ""28"", ""Unnamed: 3"": ""29.8"", ""Unnamed: 4"": ""22.5""}, {""Page: 138"": NaN, ""Unnamed: 1"": NaN, ""Unnamed: 2"": NaN, ""Unnamed: 3"": ""417.9"", ""Unnamed: 4"": ""296.6""}, {""Page: 138"": NaN, ""Unnamed: 1"": ""Total assets"", ""Unnamed: 2"": NaN, ""Unnamed: 3"": ""839.1"", ""Unnamed: 4"": ""535.2""}, {""Page: 138"": NaN, ""Unnamed: 1"": ""Current liabilities"", ""Unnamed: 2"": NaN, ""Unnamed: 3"": NaN, ""Unnamed: 4"": NaN}, {""Page: 138"": NaN, ""Unnamed: 1"": ""Borrowings"", ""Unnamed: 2"": ""19"", ""Unnamed: 3"": ""3.3"", ""Unnamed: 4"": ""1.8""}, {""Page: 138"": NaN, ""Unnamed: 1"": ""Lease liabilities"", ""Unnamed: 2"": ""19"", ""Unnamed: 3"": ""21.3"", ""Unnamed: 4"": ""15.6""}, {""Page: 138"": NaN, ""Unnamed: 1"": ""Trade payables"", ""Unnamed: 2"": ""20"", ""Unnamed: 3"": ""133.1"", ""Unnamed: 4"": ""84.4""}, {""Page: 138"": NaN, ""Unnamed: 1"": ""Other payables"", ""Unnamed: 2"": ""20"", ""Unnamed: 3"": ""101.4"", ""Unnamed: 4"": ""65.2""}, {""Page: 138"": NaN, ""Unnamed: 1"": ""Current tax liabilities"", ""Unnamed: 2"": NaN, ""Unnamed: 3"": ""18.3"", ""Unnamed: 4"": ""14.5""}, {""Page: 138"": NaN, ""Unnamed: 1"": ""Retirement benefit obligations"", ""Unnamed: 2"": ""30"", ""Unnamed: 3"": ""\u2013"", ""Unnamed: 4"": ""0.3""}, {""Page: 138"": NaN, ""Unnamed: 1"": ""Provisions"", ""Unnamed: 2"": ""22"", ""Unnamed: 3"": ""2.9"", ""Unnamed: 4"": ""0.9""}, {""Page: 138"": NaN, ""Unnamed: 1"": ""Derivative financial instruments"", ""Unnamed: 2"": ""31"", ""Unnamed: 3"": ""0.4"", ""Unnamed: 4"": ""\u2013""}, {""Page: 138"": NaN, ""Unnamed: 1"": NaN, ""Unnamed: 2"": NaN, ""Unnamed: 3"": ""280.7"", ""Unnamed: 4"": ""182.7""}, {""Page: 138"": NaN, ""Unnamed: 1"": ""Net current assets"", ""Unnamed: 2"": NaN, ""Unnamed: 3"": ""137.2"", ""Unnamed: 4"": ""113.9""}, {""Page: 138"": NaN, ""Unnamed: 1"": ""Non-current liabilities"", ""Unnamed: 2"": NaN, ""Unnamed: 3"": NaN, ""Unnamed: 4"": NaN}, {""Page: 138"": NaN, ""Unnamed: 1"": ""Borrowings"", ""Unnamed: 2"": ""19"", ""Unnamed: 3"": ""143.1"", ""Unnamed: 4"": ""89.6""}, {""Page: 138"": NaN, ""Unnamed: 1"": ""Lease liabilities"", ""Unnamed: 2"": ""19"", ""Unnamed: 3"": ""16.1"", ""Unnamed: 4"": ""19.2""}, {""Page: 138"": NaN, ""Unnamed: 1"": ""Other payables"", ""Unnamed: 2"": ""20"", ""Unnamed: 3"": ""26.9"", ""Unnamed: 4"": ""1.4""}, {""Page: 138"": NaN, ""Unnamed: 1"": ""Deferred tax liabilities"", ""Unnamed: 2"": ""21"", ""Unnamed: 3"": ""28.2"", ""Unnamed: 4"": ""6.9""}, {""Page: 138"": NaN, ""Unnamed: 1"": ""Retirement benefit obligations"", ""Unnamed: 2"": ""30"", ""Unnamed: 3"": ""7.5"", ""Unnamed: 4"": ""2.3""}, {""Page: 138"": NaN, ""Unnamed: 1"": ""Provisions"", ""Unnamed: 2"": ""22"", ""Unnamed: 3"": ""1.0"", ""Unnamed: 4"": ""0.4""}, {""Page: 138"": NaN, ""Unnamed: 1"": NaN, ""Unnamed: 2"": NaN, ""Unnamed: 3"": ""222.8"", ""Unnamed: 4"": ""119.8""}, {""Page: 138"": NaN, ""Unnamed: 1"": ""Total liabilities"", ""Unnamed: 2"": NaN, ""Unnamed: 3"": ""503.5"", ""Unnamed: 4"": ""302.5""}, {""Page: 138"": NaN, ""Unnamed: 1"": ""Net assets"", ""Unnamed: 2"": NaN, ""Unnamed: 3"": ""335.6"", ""Unnamed: 4"": ""232.7""}, {""Page: 138"": NaN, ""Unnamed: 1"": ""Equity"", ""Unnamed: 2"": NaN, ""Unnamed: 3"": NaN, ""Unnamed: 4"": NaN}, {""Page: 138"": NaN, ""Unnamed: 1"": ""Share capital"", ""Unnamed: 2"": ""23"", ""Unnamed: 3"": ""69.6"", ""Unnamed: 4"": ""62.7""}, {""Page: 138"": NaN, ""Unnamed: 1"": ""Share premium account"", ""Unnamed: 2"": ""23"", ""Unnamed: 3"": ""62.0"", ""Unnamed: 4"": ""60.7""}, {""Page: 138"": NaN, ""Unnamed: 1"": ""Non-distributable reserve"", ""Unnamed: 2"": ""24"", ""Unnamed: 3"": ""2.5"", ""Unnamed: 4"": ""2.5""}, {""Page: 138"": NaN, ""Unnamed: 1"": ""Hedging and translation reserve"", ""Unnamed: 2"": NaN, ""Unnamed: 3"": ""(13.9)"", ""Unnamed: 4"": ""(14.6)""}, {""Page: 138"": NaN, ""Unnamed: 1"": ""Own shares"", ""Unnamed: 2"": ""24"", ""Unnamed: 3"": ""(4.3)"", ""Unnamed: 4"": ""(1.0)""}, {""Page: 138"": NaN, ""Unnamed: 1"": ""Retained earnings"", ""Unnamed: 2"": NaN, ""Unnamed: 3"": ""211.3"", ""Unnamed: 4"": ""115.0""}, {""Page: 138"": NaN, ""Unnamed: 1"": ""Total attributable to owners of the parent"", ""Unnamed: 2"": NaN, ""Unnamed: 3"": ""327.2"", ""Unnamed: 4"": ""225.3""}, {""Page: 138"": NaN, ""Unnamed: 1"": ""Non-controlling interests"", ""Unnamed: 2"": ""25"", ""Unnamed: 3"": ""8.4"", ""Unnamed: 4"": ""7.4""}, {""Page: 138"": NaN, ""Unnamed: 1"": ""Total equity"", ""Unnamed: 2"": NaN, ""Unnamed: 3"": ""335.6"", ""Unnamed: 4"": ""232.7""}, {""Page: 138"": NaN, ""Unnamed: 1"": NaN, ""Unnamed: 2"": ""The notes on pages 139 to 181 are an integral part of these financial statements. The consolidated financial statements of"", ""Unnamed: 3"": NaN, ""Unnamed: 4"": NaN}]
---
[{""Page: 138"": ""Table Index: 15"", ""Unnamed: 1"": NaN, ""Unnamed: 2"": NaN, ""Unnamed: 3"": NaN, ""Unnamed: 4"": NaN}, {""Page: 138"": ""Table Header: , , 2024, 2023"", ""Unnamed: 1"": NaN, ""Unnamed: 2"": NaN, ""Unnamed: 3"": NaN, ""Unnamed: 4"": NaN}, {""Page: 138"": ""Page Header: Consolidated Statement of Financial Position | As at 31 March 2024 (2 April 2023) | 2024 2023"", ""Unnamed: 1"": NaN, ""Unnamed: 2"": NaN, ""Unnamed: 3"": NaN, ""Unnamed: 4"": NaN}, {""Page: 138"": ""Notes Mentioned: None"", ""Unnamed: 1"": NaN, ""Unnamed: 2"": NaN, ""Unnamed: 3"": NaN, ""Unnamed: 4"": NaN}, {""Page: 138"": NaN, ""Unnamed: 1"": NaN, ""Unnamed: 2"": NaN, ""Unnamed: 3"": ""2024"", ""Unnamed: 4"": ""2023""}, {""Page: 138"": NaN, ""Unnamed: 1"": NaN, ""Unnamed: 2"": ""Notes"", ""Unnamed: 3"": ""$\u2019m"", ""Unnamed: 4"": ""$\u2019m""}, {""Page: 138"": NaN, ""Unnamed: 1"": ""Non-current assets"", ""Unnamed: 2"": NaN, ""Unnamed: 3"": NaN, ""Unnamed: 4"": NaN}, {""Page: 138"": NaN, ""Unnamed: 1"": ""Goodwill"", ""Unnamed: 2"": ""12"", ""Unnamed: 3"": ""121.4"", ""Unnamed: 4"": ""82.3""}, {""Page: 138"": NaN, ""Unnamed: 1"": ""Other intangible assets"", ""Unnamed: 2"": ""13"", ""Unnamed: 3"": ""131.7"", ""Unnamed: 4"": ""41.8""}, {""Page: 138"": NaN, ""Unnamed: 1"": ""Property, plant and equipment"", ""Unnamed: 2"": ""14"", ""Unnamed: 3"": ""91.8"", ""Unnamed: 4"": ""50.1""}, {""Page: 138"": NaN, ""Unnamed: 1"": ""Right-of-use assets"", ""Unnamed: 2"": ""15"", ""Unnamed: 3"": ""38.4"", ""Unnamed: 4"": ""34.5""}, {""Page: 138"": NaN, ""Unnamed: 1"": ""Interests in associates"", ""Unnamed: 2"": ""16"", ""Unnamed: 3"": ""8.1"", ""Unnamed: 4"": ""2.6""}, {""Page: 138"": NaN, ""Unnamed: 1"": ""Other receivables"", ""Unnamed: 2"": ""18"", ""Unnamed: 3"": ""2.0"", ""Unnamed: 4"": ""1.8""}, {""Page: 138"": NaN, ""Unnamed: 1"": ""Derivative financial instruments"", ""Unnamed: 2"": ""31"", ""Unnamed: 3"": ""1.5"", ""Unnamed: 4"": ""0.9""}, {""Page: 138"": NaN, ""Unnamed: 1"": ""Retirement benefit asset"", ""Unnamed: 2"": ""30"", ""Unnamed: 3"": ""0.4"", ""Unnamed: 4"": ""\u2013""}, {""Page: 138"": NaN, ""Unnamed: 1"": ""Deferred tax assets"", ""Unnamed: 2"": ""21"", ""Unnamed: 3"": ""25.9"", ""Unnamed: 4"": ""24.6""}, {""Page: 138"": NaN, ""Unnamed: 1"": NaN, ""Unnamed: 2"": NaN, ""Unnamed: 3"": ""421.2"", ""Unnamed: 4"": ""238.6""}, {""Page: 138"": NaN, ""Unnamed: 1"": ""Current assets"", ""Unnamed: 2"": NaN, ""Unnamed: 3"": NaN, ""Unnamed: 4"": NaN}, {""Page: 138"": NaN, ""Unnamed: 1"": ""Inventories"", ""Unnamed: 2"": ""17"", ""Unnamed: 3"": ""174.3"", ""Unnamed: 4"": ""120.5""}, {""Page: 138"": NaN, ""Unnamed: 1"": ""Trade receivables"", ""Unnamed: 2"": ""18"", ""Unnamed: 3"": ""187.6"", ""Unnamed: 4"": ""136.2""}, {""Page: 138"": NaN, ""Unnamed: 1"": ""Other receivables"", ""Unnamed: 2"": ""18"", ""Unnamed: 3"": ""23.4"", ""Unnamed: 4"": ""15.7""}, {""Page: 138"": NaN, ""Unnamed: 1"": ""Current tax assets"", ""Unnamed: 2"": NaN, ""Unnamed: 3"": ""1.8"", ""Unnamed: 4"": ""0.8""}, {""Page: 138"": NaN, ""Unnamed: 1"": ""Derivative financial instruments"", ""Unnamed: 2"": ""31"", ""Unnamed: 3"": ""1.0"", ""Unnamed: 4"": ""0.9""}, {""Page: 138"": NaN, ""Unnamed: 1"": ""Cash and bank balances"", ""Unnamed: 2"": ""28"", ""Unnamed: 3"": ""29.8"", ""Unnamed: 4"": ""22.5""}, {""Page: 138"": NaN, ""Unnamed: 1"": NaN, ""Unnamed: 2"": NaN, ""Unnamed: 3"": ""417.9"", ""Unnamed: 4"": ""296.6""}, {""Page: 138"": NaN, ""Unnamed: 1"": ""Total assets"", ""Unnamed: 2"": NaN, ""Unnamed: 3"": ""839.1"", ""Unnamed: 4"": ""535.2""}, {""Page: 138"": NaN, ""Unnamed: 1"": ""Current liabilities"", ""Unnamed: 2"": NaN, ""Unnamed: 3"": NaN, ""Unnamed: 4"": NaN}, {""Page: 138"": NaN, ""Unnamed: 1"": ""Borrowings"", ""Unnamed: 2"": ""19"", ""Unnamed: 3"": ""3.3"", ""Unnamed: 4"": ""1.8""}, {""Page: 138"": NaN, ""Unnamed: 1"": ""Lease liabilities"", ""Unnamed: 2"": ""19"", ""Unnamed: 3"": ""21.3"", ""Unnamed: 4"": ""15.6""}, {""Page: 138"": NaN, ""Unnamed: 1"": ""Trade payables"", ""Unnamed: 2"": ""20"", ""Unnamed: 3"": ""133.1"", ""Unnamed: 4"": ""84.4""}, {""Page: 138"": NaN, ""Unnamed: 1"": ""Other payables"", ""Unnamed: 2"": ""20"", ""Unnamed: 3"": ""101.4"", ""Unnamed: 4"": ""65.2""}, {""Page: 138"": NaN, ""Unnamed: 1"": ""Current tax liabilities"", ""Unnamed: 2"": NaN, ""Unnamed: 3"": ""18.3"", ""Unnamed: 4"": ""14.5""}, {""Page: 138"": NaN, ""Unnamed: 1"": ""Retirement benefit obligations"", ""Unnamed: 2"": ""30"", ""Unnamed: 3"": ""\u2013"", ""Unnamed: 4"": ""0.3""}, {""Page: 138"": NaN, ""Unnamed: 1"": ""Provisions"", ""Unnamed: 2"": ""22"", ""Unnamed: 3"": ""2.9"", ""Unnamed: 4"": ""0.9""}, {""Page: 138"": NaN, ""Unnamed: 1"": ""Derivative financial instruments"", ""Unnamed: 2"": ""31"", ""Unnamed: 3"": ""0.4"", ""Unnamed: 4"": ""\u2013""}, {""Page: 138"": NaN, ""Unnamed: 1"": NaN, ""Unnamed: 2"": NaN, ""Unnamed: 3"": ""280.7"", ""Unnamed: 4"": ""182.7""}, {""Page: 138"": NaN, ""Unnamed: 1"": ""Net current assets"", ""Unnamed: 2"": NaN, ""Unnamed: 3"": ""137.2"", ""Unnamed: 4"": ""113.9""}, {""Page: 138"": NaN, ""Unnamed: 1"": ""Non-current liabilities"", ""Unnamed: 2"": NaN, ""Unnamed: 3"": NaN, ""Unnamed: 4"": NaN}, {""Page: 138"": NaN, ""Unnamed: 1"": ""Borrowings"", ""Unnamed: 2"": ""19"", ""Unnamed: 3"": ""143.1"", ""Unnamed: 4"": ""89.6""}, {""Page: 138"": NaN, ""Unnamed: 1"": ""Lease liabilities"", ""Unnamed: 2"": ""19"", ""Unnamed: 3"": ""16.1"", ""Unnamed: 4"": ""19.2""}, {""Page: 138"": NaN, ""Unnamed: 1"": ""Other payables"", ""Unnamed: 2"": ""20"", ""Unnamed: 3"": ""26.9"", ""Unnamed: 4"": ""1.4""}, {""Page: 138"": NaN, ""Unnamed: 1"": ""Deferred tax liabilities"", ""Unnamed: 2"": ""21"", ""Unnamed: 3"": ""28.2"", ""Unnamed: 4"": ""6.9""}, {""Page: 138"": NaN, ""Unnamed: 1"": ""Retirement benefit obligations"", ""Unnamed: 2"": ""30"", ""Unnamed: 3"": ""7.5"", ""Unnamed: 4"": ""2.3""}, {""Page: 138"": NaN, ""Unnamed: 1"": ""Provisions"", ""Unnamed: 2"": ""22"", ""Unnamed: 3"": ""1.0"", ""Unnamed: 4"": ""0.4""}, {""Page: 138"": NaN, ""Unnamed: 1"": NaN, ""Unnamed: 2"": NaN, ""Unnamed: 3"": ""222.8"", ""Unnamed: 4"": ""119.8""}, {""Page: 138"": NaN, ""Unnamed: 1"": ""Total liabilities"", ""Unnamed: 2"": NaN, ""Unnamed: 3"": ""503.5"", ""Unnamed: 4"": ""302.5""}, {""Page: 138"": NaN, ""Unnamed: 1"": ""Net assets"", ""Unnamed: 2"": NaN, ""Unnamed: 3"": ""335.6"", ""Unnamed: 4"": ""232.7""}, {""Page: 138"": NaN, ""Unnamed: 1"": ""Equity"", ""Unnamed: 2"": NaN, ""Unnamed: 3"": NaN, ""Unnamed: 4"": NaN}, {""Page: 138"": NaN, ""Unnamed: 1"": ""Share capital"", ""Unnamed: 2"": ""23"", ""Unnamed: 3"": ""69.6"", ""Unnamed: 4"": ""62.7""}, {""Page: 138"": NaN, ""Unnamed: 1"": ""Share premium account"", ""Unnamed: 2"": ""23"", ""Unnamed: 3"": ""62.0"", ""Unnamed: 4"": ""60.7""}, {""Page: 138"": NaN, ""Unnamed: 1"": ""Non-distributable reserve"", ""Unnamed: 2"": ""24"", ""Unnamed: 3"": ""2.5"", ""Unnamed: 4"": ""2.5""}, {""Page: 138"": NaN, ""Unnamed: 1"": ""Hedging and translation reserve"", ""Unnamed: 2"": NaN, ""Unnamed: 3"": ""(13.9)"", ""Unnamed: 4"": ""(14.6)""}, {""Page: 138"": NaN, ""Unnamed: 1"": ""Own shares"", ""Unnamed: 2"": ""24"", ""Unnamed: 3"": ""(4.3)"", ""Unnamed: 4"": ""(1.0)""}, {""Page: 138"": NaN, ""Unnamed: 1"": ""Retained earnings"", ""Unnamed: 2"": NaN, ""Unnamed: 3"": ""211.3"", ""Unnamed: 4"": ""115.0""}, {""Page: 138"": NaN, ""Unnamed: 1"": ""Total attributable to owners of the parent"", ""Unnamed: 2"": NaN, ""Unnamed: 3"": ""327.2"", ""Unnamed: 4"": ""225.3""}, {""Page: 138"": NaN, ""Unnamed: 1"": ""Non-controlling interests"", ""Unnamed: 2"": ""25"", ""Unnamed: 3"": ""8.4"", ""Unnamed: 4"": ""7.4""}, {""Page: 138"": NaN, ""Unnamed: 1"": ""Total equity"", ""Unnamed: 2"": NaN, ""Unnamed: 3"": ""335.6"", ""Unnamed: 4"": ""232.7""}, {""Page: 138"": NaN, ""Unnamed: 1"": NaN, ""Unnamed: 2"": ""The notes on pages 139 to 181 are an integral part of these financial statements. The consolidated financial statements of"", ""Unnamed: 3"": NaN, ""Unnamed: 4"": NaN}]
---
[{""Page: 136"": ""Table Index: 13"", ""Unnamed: 1"": NaN, ""Unnamed: 2"": NaN, ""Unnamed: 3"": NaN, ""Unnamed: 4"": NaN, ""Unnamed: 5"": NaN, ""Unnamed: 6"": NaN, ""Unnamed: 7"": NaN, ""Unnamed: 8"": NaN}, {""Page: 136"": ""Table Header: , , , 2024, , , 2023, "", ""Unnamed: 1"": NaN, ""Unnamed: 2"": NaN, ""Unnamed: 3"": NaN, ""Unnamed: 4"": NaN, ""Unnamed: 5"": NaN, ""Unnamed: 6"": NaN, ""Unnamed: 7"": NaN, ""Unnamed: 8"": NaN}, {""Page: 136"": ""Page Header: Consolidated Income Statement | For the 52 weeks ended 31 March 2024 (52 weeks ended 2 April 2023) | 2024 2023"", ""Unnamed: 1"": NaN, ""Unnamed: 2"": NaN, ""Unnamed: 3"": NaN, ""Unnamed: 4"": NaN, ""Unnamed: 5"": NaN, ""Unnamed: 6"": NaN, ""Unnamed: 7"": NaN, ""Unnamed: 8"": NaN}, {""Page: 136"": ""Notes Mentioned: Note 4, Note 4"", ""Unnamed: 1"": NaN, ""Unnamed: 2"": NaN, ""Unnamed: 3"": NaN, ""Unnamed: 4"": NaN, ""Unnamed: 5"": NaN, ""Unnamed: 6"": NaN, ""Unnamed: 7"": NaN, ""Unnamed: 8"": NaN}, {""Page: 136"": NaN, ""Unnamed: 1"": NaN, ""Unnamed: 2"": NaN, ""Unnamed: 3"": NaN, ""Unnamed: 4"": ""2024"", ""Unnamed: 5"": NaN, ""Unnamed: 6"": NaN, ""Unnamed: 7"": ""2023"", ""Unnamed: 8"": NaN}, {""Page: 136"": NaN, ""Unnamed: 1"": NaN, ""Unnamed: 2"": NaN, ""Unnamed: 3"": ""Before"", ""Unnamed: 4"": ""Adjusting"", ""Unnamed: 5"": NaN, ""Unnamed: 6"": ""Before"", ""Unnamed: 7"": ""Adjusting"", ""Unnamed: 8"": NaN}, {""Page: 136"": NaN, ""Unnamed: 1"": NaN, ""Unnamed: 2"": NaN, ""Unnamed: 3"": ""adjusting"", ""Unnamed: 4"": ""items and"", ""Unnamed: 5"": NaN, ""Unnamed: 6"": ""adjusting"", ""Unnamed: 7"": ""items and"", ""Unnamed: 8"": NaN}, {""Page: 136"": NaN, ""Unnamed: 1"": NaN, ""Unnamed: 2"": NaN, ""Unnamed: 3"": ""items and"", ""Unnamed: 4"": ""share-based"", ""Unnamed: 5"": NaN, ""Unnamed: 6"": ""items and"", ""Unnamed: 7"": ""share-based"", ""Unnamed: 8"": NaN}, {""Page: 136"": NaN, ""Unnamed: 1"": NaN, ""Unnamed: 2"": NaN, ""Unnamed: 3"": ""share-based"", ""Unnamed: 4"": ""payments"", ""Unnamed: 5"": NaN, ""Unnamed: 6"": ""share-based"", ""Unnamed: 7"": ""payments"", ""Unnamed: 8"": NaN}, {""Page: 136"": NaN, ""Unnamed: 1"": NaN, ""Unnamed: 2"": NaN, ""Unnamed: 3"": ""payments"", ""Unnamed: 4"": ""(Note 4)"", ""Unnamed: 5"": ""Total"", ""Unnamed: 6"": ""payments"", ""Unnamed: 7"": ""(Note 4)"", ""Unnamed: 8"": ""Total""}, {""Page: 136"": NaN, ""Unnamed: 1"": NaN, ""Unnamed: 2"": ""Notes"", ""Unnamed: 3"": ""$\u2019m"", ""Unnamed: 4"": ""$\u2019m"", ""Unnamed: 5"": ""$\u2019m"", ""Unnamed: 6"": ""$\u2019m"", ""Unnamed: 7"": ""$\u2019m"", ""Unnamed: 8"": ""$\u2019m""}, {""Page: 136"": NaN, ""Unnamed: 1"": ""Revenue"", ""Unnamed: 2"": ""3"", ""Unnamed: 3"": ""912.8"", ""Unnamed: 4"": ""\u2013"", ""Unnamed: 5"": ""912.8"", ""Unnamed: 6"": ""722.8"", ""Unnamed: 7"": ""\u2013"", ""Unnamed: 8"": ""722.8""}, {""Page: 136"": NaN, ""Unnamed: 1"": ""Cost of sales"", ""Unnamed: 2"": NaN, ""Unnamed: 3"": ""(710.0)"", ""Unnamed: 4"": ""\u2013"", ""Unnamed: 5"": ""(710.0)"", ""Unnamed: 6"": ""(565.8)"", ""Unnamed: 7"": ""\u2013"", ""Unnamed: 8"": ""(565.8)""}, {""Page: 136"": NaN, ""Unnamed: 1"": ""Gross profit"", ""Unnamed: 2"": NaN, ""Unnamed: 3"": ""202.8"", ""Unnamed: 4"": ""\u2013"", ""Unnamed: 5"": ""202.8"", ""Unnamed: 6"": ""157.0"", ""Unnamed: 7"": ""\u2013"", ""Unnamed: 8"": ""157.0""}, {""Page: 136"": NaN, ""Unnamed: 1"": ""Operating expenses"", ""Unnamed: 2"": NaN, ""Unnamed: 3"": ""(113.1)"", ""Unnamed: 4"": ""(25.8)"", ""Unnamed: 5"": ""(138.9)"", ""Unnamed: 6"": ""(89.7)"", ""Unnamed: 7"": ""(13.5)"", ""Unnamed: 8"": ""(103.2)""}, {""Page: 136"": NaN, ""Unnamed: 1"": ""Operating profit"", ""Unnamed: 2"": ""7"", ""Unnamed: 3"": ""89.7"", ""Unnamed: 4"": ""(25.8)"", ""Unnamed: 5"": ""63.9"", ""Unnamed: 6"": ""67.3"", ""Unnamed: 7"": ""(13.5)"", ""Unnamed: 8"": ""53.8""}, {""Page: 136"": NaN, ""Unnamed: 1"": ""Share of net profit from"", ""Unnamed: 2"": NaN, ""Unnamed: 3"": NaN, ""Unnamed: 4"": NaN, ""Unnamed: 5"": NaN, ""Unnamed: 6"": NaN, ""Unnamed: 7"": NaN, ""Unnamed: 8"": NaN}, {""Page: 136"": NaN, ""Unnamed: 1"": ""associates"", ""Unnamed: 2"": ""16"", ""Unnamed: 3"": ""3.2"", ""Unnamed: 4"": ""\u2013"", ""Unnamed: 5"": ""3.2"", ""Unnamed: 6"": ""1.1"", ""Unnamed: 7"": ""\u2013"", ""Unnamed: 8"": ""1.1""}, {""Page: 136"": NaN, ""Unnamed: 1"": ""Finance income"", ""Unnamed: 2"": ""5"", ""Unnamed: 3"": ""1.3"", ""Unnamed: 4"": ""\u2013"", ""Unnamed: 5"": ""1.3"", ""Unnamed: 6"": ""0.4"", ""Unnamed: 7"": ""\u2013"", ""Unnamed: 8"": ""0.4""}, {""Page: 136"": NaN, ""Unnamed: 1"": ""Finance costs"", ""Unnamed: 2"": ""6"", ""Unnamed: 3"": ""(16.8)"", ""Unnamed: 4"": ""\u2013"", ""Unnamed: 5"": ""(16.8)"", ""Unnamed: 6"": ""(9.5)"", ""Unnamed: 7"": ""\u2013"", ""Unnamed: 8"": ""(9.5)""}, {""Page: 136"": NaN, ""Unnamed: 1"": ""Profit before taxation"", ""Unnamed: 2"": NaN, ""Unnamed: 3"": ""77.4"", ""Unnamed: 4"": ""(25.8)"", ""Unnamed: 5"": ""51.6"", ""Unnamed: 6"": ""59.3"", ""Unnamed: 7"": ""(13.5)"", ""Unnamed: 8"": ""45.8""}, {""Page: 136"": NaN, ""Unnamed: 1"": ""Taxation"", ""Unnamed: 2"": ""10"", ""Unnamed: 3"": ""(15.9)"", ""Unnamed: 4"": ""4.5"", ""Unnamed: 5"": ""(11.4)"", ""Unnamed: 6"": ""(10.7)"", ""Unnamed: 7"": ""2.3"", ""Unnamed: 8"": ""(8.4)""}, {""Page: 136"": NaN, ""Unnamed: 1"": ""Profit for the period"", ""Unnamed: 2"": NaN, ""Unnamed: 3"": ""61.5"", ""Unnamed: 4"": ""(21.3)"", ""Unnamed: 5"": ""40.2"", ""Unnamed: 6"": ""48.6"", ""Unnamed: 7"": ""(11.2)"", ""Unnamed: 8"": ""37.4""}, {""Page: 136"": NaN, ""Unnamed: 1"": ""Profit is attributable to:"", ""Unnamed: 2"": NaN, ""Unnamed: 3"": NaN, ""Unnamed: 4"": NaN, ""Unnamed: 5"": NaN, ""Unnamed: 6"": NaN, ""Unnamed: 7"": NaN, ""Unnamed: 8"": NaN}, {""Page: 136"": NaN, ""Unnamed: 1"": ""Owners of the parent"", ""Unnamed: 2"": NaN, ""Unnamed: 3"": ""60.5"", ""Unnamed: 4"": ""(21.2)"", ""Unnamed: 5"": ""39.3"", ""Unnamed: 6"": ""48.0"", ""Unnamed: 7"": ""(11.2)"", ""Unnamed: 8"": ""36.8""}, {""Page: 136"": NaN, ""Unnamed: 1"": ""Non-controlling interests"", ""Unnamed: 2"": NaN, ""Unnamed: 3"": ""1.0"", ""Unnamed: 4"": ""(0.1)"", ""Unnamed: 5"": ""0.9"", ""Unnamed: 6"": ""0.6"", ""Unnamed: 7"": ""\u2013"", ""Unnamed: 8"": ""0.6""}, {""Page: 136"": NaN, ""Unnamed: 1"": NaN, ""Unnamed: 2"": NaN, ""Unnamed: 3"": ""61.5"", ""Unnamed: 4"": ""(21.3)"", ""Unnamed: 5"": ""40.2"", ""Unnamed: 6"": ""48.6"", ""Unnamed: 7"": ""(11.2)"", ""Unnamed: 8"": ""37.4""}, {""Page: 136"": NaN, ""Unnamed: 1"": ""Earnings per share (cents)"", ""Unnamed: 2"": NaN, ""Unnamed: 3"": NaN, ""Unnamed: 4"": NaN, ""Unnamed: 5"": NaN, ""Unnamed: 6"": NaN, ""Unnamed: 7"": NaN, ""Unnamed: 8"": NaN}, {""Page: 136"": NaN, ""Unnamed: 1"": ""Basic"", ""Unnamed: 2"": ""11"", ""Unnamed: 3"": ""33.7"", ""Unnamed: 4"": NaN, ""Unnamed: 5"": ""21.8"", ""Unnamed: 6"": ""30.2"", ""Unnamed: 7"": NaN, ""Unnamed: 8"": ""23.2""}, {""Page: 136"": NaN, ""Unnamed: 1"": ""Diluted"", ""Unnamed: 2"": ""11"", ""Unnamed: 3"": ""33.0"", ""Unnamed: 4"": NaN, ""Unnamed: 5"": ""21.4"", ""Unnamed: 6"": ""28.8"", ""Unnamed: 7"": NaN, ""Unnamed: 8"": ""22.1""}]","[0.2369, 0.2369, 0.2799]"
Balance Sheet Template,Other Debtors,What is Other receivables under Non-Current Assets in Consolidated Balance sheet for year 2023 and 2024?,"[{""Page: 138"": ""Table Index: 15"", ""Unnamed: 1"": NaN, ""Unnamed: 2"": NaN, ""Unnamed: 3"": NaN, ""Unnamed: 4"": NaN}, {""Page: 138"": ""Table Header: , , 2024, 2023"", ""Unnamed: 1"": NaN, ""Unnamed: 2"": NaN, ""Unnamed: 3"": NaN, ""Unnamed: 4"": NaN}, {""Page: 138"": ""Page Header: Consolidated Statement of Financial Position | As at 31 March 2024 (2 April 2023) | 2024 2023"", ""Unnamed: 1"": NaN, ""Unnamed: 2"": NaN, ""Unnamed: 3"": NaN, ""Unnamed: 4"": NaN}, {""Page: 138"": ""Notes Mentioned: None"", ""Unnamed: 1"": NaN, ""Unnamed: 2"": NaN, ""Unnamed: 3"": NaN, ""Unnamed: 4"": NaN}, {""Page: 138"": NaN, ""Unnamed: 1"": NaN, ""Unnamed: 2"": NaN, ""Unnamed: 3"": ""2024"", ""Unnamed: 4"": ""2023""}, {""Page: 138"": NaN, ""Unnamed: 1"": NaN, ""Unnamed: 2"": ""Notes"", ""Unnamed: 3"": ""$\u2019m"", ""Unnamed: 4"": ""$\u2019m""}, {""Page: 138"": NaN, ""Unnamed: 1"": ""Non-current assets"", ""Unnamed: 2"": NaN, ""Unnamed: 3"": NaN, ""Unnamed: 4"": NaN}, {""Page: 138"": NaN, ""Unnamed: 1"": ""Goodwill"", ""Unnamed: 2"": ""12"", ""Unnamed: 3"": ""121.4"", ""Unnamed: 4"": ""82.3""}, {""Page: 138"": NaN, ""Unnamed: 1"": ""Other intangible assets"", ""Unnamed: 2"": ""13"", ""Unnamed: 3"": ""131.7"", ""Unnamed: 4"": ""41.8""}, {""Page: 138"": NaN, ""Unnamed: 1"": ""Property, plant and equipment"", ""Unnamed: 2"": ""14"", ""Unnamed: 3"": ""91.8"", ""Unnamed: 4"": ""50.1""}, {""Page: 138"": NaN, ""Unnamed: 1"": ""Right-of-use assets"", ""Unnamed: 2"": ""15"", ""Unnamed: 3"": ""38.4"", ""Unnamed: 4"": ""34.5""}, {""Page: 138"": NaN, ""Unnamed: 1"": ""Interests in associates"", ""Unnamed: 2"": ""16"", ""Unnamed: 3"": ""8.1"", ""Unnamed: 4"": ""2.6""}, {""Page: 138"": NaN, ""Unnamed: 1"": ""Other receivables"", ""Unnamed: 2"": ""18"", ""Unnamed: 3"": ""2.0"", ""Unnamed: 4"": ""1.8""}, {""Page: 138"": NaN, ""Unnamed: 1"": ""Derivative financial instruments"", ""Unnamed: 2"": ""31"", ""Unnamed: 3"": ""1.5"", ""Unnamed: 4"": ""0.9""}, {""Page: 138"": NaN, ""Unnamed: 1"": ""Retirement benefit asset"", ""Unnamed: 2"": ""30"", ""Unnamed: 3"": ""0.4"", ""Unnamed: 4"": ""\u2013""}, {""Page: 138"": NaN, ""Unnamed: 1"": ""Deferred tax assets"", ""Unnamed: 2"": ""21"", ""Unnamed: 3"": ""25.9"", ""Unnamed: 4"": ""24.6""}, {""Page: 138"": NaN, ""Unnamed: 1"": NaN, ""Unnamed: 2"": NaN, ""Unnamed: 3"": ""421.2"", ""Unnamed: 4"": ""238.6""}, {""Page: 138"": NaN, ""Unnamed: 1"": ""Current assets"", ""Unnamed: 2"": NaN, ""Unnamed: 3"": NaN, ""Unnamed: 4"": NaN}, {""Page: 138"": NaN, ""Unnamed: 1"": ""Inventories"", ""Unnamed: 2"": ""17"", ""Unnamed: 3"": ""174.3"", ""Unnamed: 4"": ""120.5""}, {""Page: 138"": NaN, ""Unnamed: 1"": ""Trade receivables"", ""Unnamed: 2"": ""18"", ""Unnamed: 3"": ""187.6"", ""Unnamed: 4"": ""136.2""}, {""Page: 138"": NaN, ""Unnamed: 1"": ""Other receivables"", ""Unnamed: 2"": ""18"", ""Unnamed: 3"": ""23.4"", ""Unnamed: 4"": ""15.7""}, {""Page: 138"": NaN, ""Unnamed: 1"": ""Current tax assets"", ""Unnamed: 2"": NaN, ""Unnamed: 3"": ""1.8"", ""Unnamed: 4"": ""0.8""}, {""Page: 138"": NaN, ""Unnamed: 1"": ""Derivative financial instruments"", ""Unnamed: 2"": ""31"", ""Unnamed: 3"": ""1.0"", ""Unnamed: 4"": ""0.9""}, {""Page: 138"": NaN, ""Unnamed: 1"": ""Cash and bank balances"", ""Unnamed: 2"": ""28"", ""Unnamed: 3"": ""29.8"", ""Unnamed: 4"": ""22.5""}, {""Page: 138"": NaN, ""Unnamed: 1"": NaN, ""Unnamed: 2"": NaN, ""Unnamed: 3"": ""417.9"", ""Unnamed: 4"": ""296.6""}, {""Page: 138"": NaN, ""Unnamed: 1"": ""Total assets"", ""Unnamed: 2"": NaN, ""Unnamed: 3"": ""839.1"", ""Unnamed: 4"": ""535.2""}, {""Page: 138"": NaN, ""Unnamed: 1"": ""Current liabilities"", ""Unnamed: 2"": NaN, ""Unnamed: 3"": NaN, ""Unnamed: 4"": NaN}, {""Page: 138"": NaN, ""Unnamed: 1"": ""Borrowings"", ""Unnamed: 2"": ""19"", ""Unnamed: 3"": ""3.3"", ""Unnamed: 4"": ""1.8""}, {""Page: 138"": NaN, ""Unnamed: 1"": ""Lease liabilities"", ""Unnamed: 2"": ""19"", ""Unnamed: 3"": ""21.3"", ""Unnamed: 4"": ""15.6""}, {""Page: 138"": NaN, ""Unnamed: 1"": ""Trade payables"", ""Unnamed: 2"": ""20"", ""Unnamed: 3"": ""133.1"", ""Unnamed: 4"": ""84.4""}, {""Page: 138"": NaN, ""Unnamed: 1"": ""Other payables"", ""Unnamed: 2"": ""20"", ""Unnamed: 3"": ""101.4"", ""Unnamed: 4"": ""65.2""}, {""Page: 138"": NaN, ""Unnamed: 1"": ""Current tax liabilities"", ""Unnamed: 2"": NaN, ""Unnamed: 3"": ""18.3"", ""Unnamed: 4"": ""14.5""}, {""Page: 138"": NaN, ""Unnamed: 1"": ""Retirement benefit obligations"", ""Unnamed: 2"": ""30"", ""Unnamed: 3"": ""\u2013"", ""Unnamed: 4"": ""0.3""}, {""Page: 138"": NaN, ""Unnamed: 1"": ""Provisions"", ""Unnamed: 2"": ""22"", ""Unnamed: 3"": ""2.9"", ""Unnamed: 4"": ""0.9""}, {""Page: 138"": NaN, ""Unnamed: 1"": ""Derivative financial instruments"", ""Unnamed: 2"": ""31"", ""Unnamed: 3"": ""0.4"", ""Unnamed: 4"": ""\u2013""}, {""Page: 138"": NaN, ""Unnamed: 1"": NaN, ""Unnamed: 2"": NaN, ""Unnamed: 3"": ""280.7"", ""Unnamed: 4"": ""182.7""}, {""Page: 138"": NaN, ""Unnamed: 1"": ""Net current assets"", ""Unnamed: 2"": NaN, ""Unnamed: 3"": ""137.2"", ""Unnamed: 4"": ""113.9""}, {""Page: 138"": NaN, ""Unnamed: 1"": ""Non-current liabilities"", ""Unnamed: 2"": NaN, ""Unnamed: 3"": NaN, ""Unnamed: 4"": NaN}, {""Page: 138"": NaN, ""Unnamed: 1"": ""Borrowings"", ""Unnamed: 2"": ""19"", ""Unnamed: 3"": ""143.1"", ""Unnamed: 4"": ""89.6""}, {""Page: 138"": NaN, ""Unnamed: 1"": ""Lease liabilities"", ""Unnamed: 2"": ""19"", ""Unnamed: 3"": ""16.1"", ""Unnamed: 4"": ""19.2""}, {""Page: 138"": NaN, ""Unnamed: 1"": ""Other payables"", ""Unnamed: 2"": ""20"", ""Unnamed: 3"": ""26.9"", ""Unnamed: 4"": ""1.4""}, {""Page: 138"": NaN, ""Unnamed: 1"": ""Deferred tax liabilities"", ""Unnamed: 2"": ""21"", ""Unnamed: 3"": ""28.2"", ""Unnamed: 4"": ""6.9""}, {""Page: 138"": NaN, ""Unnamed: 1"": ""Retirement benefit obligations"", ""Unnamed: 2"": ""30"", ""Unnamed: 3"": ""7.5"", ""Unnamed: 4"": ""2.3""}, {""Page: 138"": NaN, ""Unnamed: 1"": ""Provisions"", ""Unnamed: 2"": ""22"", ""Unnamed: 3"": ""1.0"", ""Unnamed: 4"": ""0.4""}, {""Page: 138"": NaN, ""Unnamed: 1"": NaN, ""Unnamed: 2"": NaN, ""Unnamed: 3"": ""222.8"", ""Unnamed: 4"": ""119.8""}, {""Page: 138"": NaN, ""Unnamed: 1"": ""Total liabilities"", ""Unnamed: 2"": NaN, ""Unnamed: 3"": ""503.5"", ""Unnamed: 4"": ""302.5""}, {""Page: 138"": NaN, ""Unnamed: 1"": ""Net assets"", ""Unnamed: 2"": NaN, ""Unnamed: 3"": ""335.6"", ""Unnamed: 4"": ""232.7""}, {""Page: 138"": NaN, ""Unnamed: 1"": ""Equity"", ""Unnamed: 2"": NaN, ""Unnamed: 3"": NaN, ""Unnamed: 4"": NaN}, {""Page: 138"": NaN, ""Unnamed: 1"": ""Share capital"", ""Unnamed: 2"": ""23"", ""Unnamed: 3"": ""69.6"", ""Unnamed: 4"": ""62.7""}, {""Page: 138"": NaN, ""Unnamed: 1"": ""Share premium account"", ""Unnamed: 2"": ""23"", ""Unnamed: 3"": ""62.0"", ""Unnamed: 4"": ""60.7""}, {""Page: 138"": NaN, ""Unnamed: 1"": ""Non-distributable reserve"", ""Unnamed: 2"": ""24"", ""Unnamed: 3"": ""2.5"", ""Unnamed: 4"": ""2.5""}, {""Page: 138"": NaN, ""Unnamed: 1"": ""Hedging and translation reserve"", ""Unnamed: 2"": NaN, ""Unnamed: 3"": ""(13.9)"", ""Unnamed: 4"": ""(14.6)""}, {""Page: 138"": NaN, ""Unnamed: 1"": ""Own shares"", ""Unnamed: 2"": ""24"", ""Unnamed: 3"": ""(4.3)"", ""Unnamed: 4"": ""(1.0)""}, {""Page: 138"": NaN, ""Unnamed: 1"": ""Retained earnings"", ""Unnamed: 2"": NaN, ""Unnamed: 3"": ""211.3"", ""Unnamed: 4"": ""115.0""}, {""Page: 138"": NaN, ""Unnamed: 1"": ""Total attributable to owners of the parent"", ""Unnamed: 2"": NaN, ""Unnamed: 3"": ""327.2"", ""Unnamed: 4"": ""225.3""}, {""Page: 138"": NaN, ""Unnamed: 1"": ""Non-controlling interests"", ""Unnamed: 2"": ""25"", ""Unnamed: 3"": ""8.4"", ""Unnamed: 4"": ""7.4""}, {""Page: 138"": NaN, ""Unnamed: 1"": ""Total equity"", ""Unnamed: 2"": NaN, ""Unnamed: 3"": ""335.6"", ""Unnamed: 4"": ""232.7""}, {""Page: 138"": NaN, ""Unnamed: 1"": NaN, ""Unnamed: 2"": ""The notes on pages 139 to 181 are an integral part of these financial statements. The consolidated financial statements of"", ""Unnamed: 3"": NaN, ""Unnamed: 4"": NaN}]
---
[{""Page: 138"": ""Table Index: 15"", ""Unnamed: 1"": NaN, ""Unnamed: 2"": NaN, ""Unnamed: 3"": NaN, ""Unnamed: 4"": NaN}, {""Page: 138"": ""Table Header: , , 2024, 2023"", ""Unnamed: 1"": NaN, ""Unnamed: 2"": NaN, ""Unnamed: 3"": NaN, ""Unnamed: 4"": NaN}, {""Page: 138"": ""Page Header: Consolidated Statement of Financial Position | As at 31 March 2024 (2 April 2023) | 2024 2023"", ""Unnamed: 1"": NaN, ""Unnamed: 2"": NaN, ""Unnamed: 3"": NaN, ""Unnamed: 4"": NaN}, {""Page: 138"": ""Notes Mentioned: None"", ""Unnamed: 1"": NaN, ""Unnamed: 2"": NaN, ""Unnamed: 3"": NaN, ""Unnamed: 4"": NaN}, {""Page: 138"": NaN, ""Unnamed: 1"": NaN, ""Unnamed: 2"": NaN, ""Unnamed: 3"": ""2024"", ""Unnamed: 4"": ""2023""}, {""Page: 138"": NaN, ""Unnamed: 1"": NaN, ""Unnamed: 2"": ""Notes"", ""Unnamed: 3"": ""$\u2019m"", ""Unnamed: 4"": ""$\u2019m""}, {""Page: 138"": NaN, ""Unnamed: 1"": ""Non-current assets"", ""Unnamed: 2"": NaN, ""Unnamed: 3"": NaN, ""Unnamed: 4"": NaN}, {""Page: 138"": NaN, ""Unnamed: 1"": ""Goodwill"", ""Unnamed: 2"": ""12"", ""Unnamed: 3"": ""121.4"", ""Unnamed: 4"": ""82.3""}, {""Page: 138"": NaN, ""Unnamed: 1"": ""Other intangible assets"", ""Unnamed: 2"": ""13"", ""Unnamed: 3"": ""131.7"", ""Unnamed: 4"": ""41.8""}, {""Page: 138"": NaN, ""Unnamed: 1"": ""Property, plant and equipment"", ""Unnamed: 2"": ""14"", ""Unnamed: 3"": ""91.8"", ""Unnamed: 4"": ""50.1""}, {""Page: 138"": NaN, ""Unnamed: 1"": ""Right-of-use assets"", ""Unnamed: 2"": ""15"", ""Unnamed: 3"": ""38.4"", ""Unnamed: 4"": ""34.5""}, {""Page: 138"": NaN, ""Unnamed: 1"": ""Interests in associates"", ""Unnamed: 2"": ""16"", ""Unnamed: 3"": ""8.1"", ""Unnamed: 4"": ""2.6""}, {""Page: 138"": NaN, ""Unnamed: 1"": ""Other receivables"", ""Unnamed: 2"": ""18"", ""Unnamed: 3"": ""2.0"", ""Unnamed: 4"": ""1.8""}, {""Page: 138"": NaN, ""Unnamed: 1"": ""Derivative financial instruments"", ""Unnamed: 2"": ""31"", ""Unnamed: 3"": ""1.5"", ""Unnamed: 4"": ""0.9""}, {""Page: 138"": NaN, ""Unnamed: 1"": ""Retirement benefit asset"", ""Unnamed: 2"": ""30"", ""Unnamed: 3"": ""0.4"", ""Unnamed: 4"": ""\u2013""}, {""Page: 138"": NaN, ""Unnamed: 1"": ""Deferred tax assets"", ""Unnamed: 2"": ""21"", ""Unnamed: 3"": ""25.9"", ""Unnamed: 4"": ""24.6""}, {""Page: 138"": NaN, ""Unnamed: 1"": NaN, ""Unnamed: 2"": NaN, ""Unnamed: 3"": ""421.2"", ""Unnamed: 4"": ""238.6""}, {""Page: 138"": NaN, ""Unnamed: 1"": ""Current assets"", ""Unnamed: 2"": NaN, ""Unnamed: 3"": NaN, ""Unnamed: 4"": NaN}, {""Page: 138"": NaN, ""Unnamed: 1"": ""Inventories"", ""Unnamed: 2"": ""17"", ""Unnamed: 3"": ""174.3"", ""Unnamed: 4"": ""120.5""}, {""Page: 138"": NaN, ""Unnamed: 1"": ""Trade receivables"", ""Unnamed: 2"": ""18"", ""Unnamed: 3"": ""187.6"", ""Unnamed: 4"": ""136.2""}, {""Page: 138"": NaN, ""Unnamed: 1"": ""Other receivables"", ""Unnamed: 2"": ""18"", ""Unnamed: 3"": ""23.4"", ""Unnamed: 4"": ""15.7""}, {""Page: 138"": NaN, ""Unnamed: 1"": ""Current tax assets"", ""Unnamed: 2"": NaN, ""Unnamed: 3"": ""1.8"", ""Unnamed: 4"": ""0.8""}, {""Page: 138"": NaN, ""Unnamed: 1"": ""Derivative financial instruments"", ""Unnamed: 2"": ""31"", ""Unnamed: 3"": ""1.0"", ""Unnamed: 4"": ""0.9""}, {""Page: 138"": NaN, ""Unnamed: 1"": ""Cash and bank balances"", ""Unnamed: 2"": ""28"", ""Unnamed: 3"": ""29.8"", ""Unnamed: 4"": ""22.5""}, {""Page: 138"": NaN, ""Unnamed: 1"": NaN, ""Unnamed: 2"": NaN, ""Unnamed: 3"": ""417.9"", ""Unnamed: 4"": ""296.6""}, {""Page: 138"": NaN, ""Unnamed: 1"": ""Total assets"", ""Unnamed: 2"": NaN, ""Unnamed: 3"": ""839.1"", ""Unnamed: 4"": ""535.2""}, {""Page: 138"": NaN, ""Unnamed: 1"": ""Current liabilities"", ""Unnamed: 2"": NaN, ""Unnamed: 3"": NaN, ""Unnamed: 4"": NaN}, {""Page: 138"": NaN, ""Unnamed: 1"": ""Borrowings"", ""Unnamed: 2"": ""19"", ""Unnamed: 3"": ""3.3"", ""Unnamed: 4"": ""1.8""}, {""Page: 138"": NaN, ""Unnamed: 1"": ""Lease liabilities"", ""Unnamed: 2"": ""19"", ""Unnamed: 3"": ""21.3"", ""Unnamed: 4"": ""15.6""}, {""Page: 138"": NaN, ""Unnamed: 1"": ""Trade payables"", ""Unnamed: 2"": ""20"", ""Unnamed: 3"": ""133.1"", ""Unnamed: 4"": ""84.4""}, {""Page: 138"": NaN, ""Unnamed: 1"": ""Other payables"", ""Unnamed: 2"": ""20"", ""Unnamed: 3"": ""101.4"", ""Unnamed: 4"": ""65.2""}, {""Page: 138"": NaN, ""Unnamed: 1"": ""Current tax liabilities"", ""Unnamed: 2"": NaN, ""Unnamed: 3"": ""18.3"", ""Unnamed: 4"": ""14.5""}, {""Page: 138"": NaN, ""Unnamed: 1"": ""Retirement benefit obligations"", ""Unnamed: 2"": ""30"", ""Unnamed: 3"": ""\u2013"", ""Unnamed: 4"": ""0.3""}, {""Page: 138"": NaN, ""Unnamed: 1"": ""Provisions"", ""Unnamed: 2"": ""22"", ""Unnamed: 3"": ""2.9"", ""Unnamed: 4"": ""0.9""}, {""Page: 138"": NaN, ""Unnamed: 1"": ""Derivative financial instruments"", ""Unnamed: 2"": ""31"", ""Unnamed: 3"": ""0.4"", ""Unnamed: 4"": ""\u2013""}, {""Page: 138"": NaN, ""Unnamed: 1"": NaN, ""Unnamed: 2"": NaN, ""Unnamed: 3"": ""280.7"", ""Unnamed: 4"": ""182.7""}, {""Page: 138"": NaN, ""Unnamed: 1"": ""Net current assets"", ""Unnamed: 2"": NaN, ""Unnamed: 3"": ""137.2"", ""Unnamed: 4"": ""113.9""}, {""Page: 138"": NaN, ""Unnamed: 1"": ""Non-current liabilities"", ""Unnamed: 2"": NaN, ""Unnamed: 3"": NaN, ""Unnamed: 4"": NaN}, {""Page: 138"": NaN, ""Unnamed: 1"": ""Borrowings"", ""Unnamed: 2"": ""19"", ""Unnamed: 3"": ""143.1"", ""Unnamed: 4"": ""89.6""}, {""Page: 138"": NaN, ""Unnamed: 1"": ""Lease liabilities"", ""Unnamed: 2"": ""19"", ""Unnamed: 3"": ""16.1"", ""Unnamed: 4"": ""19.2""}, {""Page: 138"": NaN, ""Unnamed: 1"": ""Other payables"", ""Unnamed: 2"": ""20"", ""Unnamed: 3"": ""26.9"", ""Unnamed: 4"": ""1.4""}, {""Page: 138"": NaN, ""Unnamed: 1"": ""Deferred tax liabilities"", ""Unnamed: 2"": ""21"", ""Unnamed: 3"": ""28.2"", ""Unnamed: 4"": ""6.9""}, {""Page: 138"": NaN, ""Unnamed: 1"": ""Retirement benefit obligations"", ""Unnamed: 2"": ""30"", ""Unnamed: 3"": ""7.5"", ""Unnamed: 4"": ""2.3""}, {""Page: 138"": NaN, ""Unnamed: 1"": ""Provisions"", ""Unnamed: 2"": ""22"", ""Unnamed: 3"": ""1.0"", ""Unnamed: 4"": ""0.4""}, {""Page: 138"": NaN, ""Unnamed: 1"": NaN, ""Unnamed: 2"": NaN, ""Unnamed: 3"": ""222.8"", ""Unnamed: 4"": ""119.8""}, {""Page: 138"": NaN, ""Unnamed: 1"": ""Total liabilities"", ""Unnamed: 2"": NaN, ""Unnamed: 3"": ""503.5"", ""Unnamed: 4"": ""302.5""}, {""Page: 138"": NaN, ""Unnamed: 1"": ""Net assets"", ""Unnamed: 2"": NaN, ""Unnamed: 3"": ""335.6"", ""Unnamed: 4"": ""232.7""}, {""Page: 138"": NaN, ""Unnamed: 1"": ""Equity"", ""Unnamed: 2"": NaN, ""Unnamed: 3"": NaN, ""Unnamed: 4"": NaN}, {""Page: 138"": NaN, ""Unnamed: 1"": ""Share capital"", ""Unnamed: 2"": ""23"", ""Unnamed: 3"": ""69.6"", ""Unnamed: 4"": ""62.7""}, {""Page: 138"": NaN, ""Unnamed: 1"": ""Share premium account"", ""Unnamed: 2"": ""23"", ""Unnamed: 3"": ""62.0"", ""Unnamed: 4"": ""60.7""}, {""Page: 138"": NaN, ""Unnamed: 1"": ""Non-distributable reserve"", ""Unnamed: 2"": ""24"", ""Unnamed: 3"": ""2.5"", ""Unnamed: 4"": ""2.5""}, {""Page: 138"": NaN, ""Unnamed: 1"": ""Hedging and translation reserve"", ""Unnamed: 2"": NaN, ""Unnamed: 3"": ""(13.9)"", ""Unnamed: 4"": ""(14.6)""}, {""Page: 138"": NaN, ""Unnamed: 1"": ""Own shares"", ""Unnamed: 2"": ""24"", ""Unnamed: 3"": ""(4.3)"", ""Unnamed: 4"": ""(1.0)""}, {""Page: 138"": NaN, ""Unnamed: 1"": ""Retained earnings"", ""Unnamed: 2"": NaN, ""Unnamed: 3"": ""211.3"", ""Unnamed: 4"": ""115.0""}, {""Page: 138"": NaN, ""Unnamed: 1"": ""Total attributable to owners of the parent"", ""Unnamed: 2"": NaN, ""Unnamed: 3"": ""327.2"", ""Unnamed: 4"": ""225.3""}, {""Page: 138"": NaN, ""Unnamed: 1"": ""Non-controlling interests"", ""Unnamed: 2"": ""25"", ""Unnamed: 3"": ""8.4"", ""Unnamed: 4"": ""7.4""}, {""Page: 138"": NaN, ""Unnamed: 1"": ""Total equity"", ""Unnamed: 2"": NaN, ""Unnamed: 3"": ""335.6"", ""Unnamed: 4"": ""232.7""}, {""Page: 138"": NaN, ""Unnamed: 1"": NaN, ""Unnamed: 2"": ""The notes on pages 139 to 181 are an integral part of these financial statements. The consolidated financial statements of"", ""Unnamed: 3"": NaN, ""Unnamed: 4"": NaN}]
---
[{""Page: 136"": ""Table Index: 13"", ""Unnamed: 1"": NaN, ""Unnamed: 2"": NaN, ""Unnamed: 3"": NaN, ""Unnamed: 4"": NaN, ""Unnamed: 5"": NaN, ""Unnamed: 6"": NaN, ""Unnamed: 7"": NaN, ""Unnamed: 8"": NaN}, {""Page: 136"": ""Table Header: , , , 2024, , , 2023, "", ""Unnamed: 1"": NaN, ""Unnamed: 2"": NaN, ""Unnamed: 3"": NaN, ""Unnamed: 4"": NaN, ""Unnamed: 5"": NaN, ""Unnamed: 6"": NaN, ""Unnamed: 7"": NaN, ""Unnamed: 8"": NaN}, {""Page: 136"": ""Page Header: Consolidated Income Statement | For the 52 weeks ended 31 March 2024 (52 weeks ended 2 April 2023) | 2024 2023"", ""Unnamed: 1"": NaN, ""Unnamed: 2"": NaN, ""Unnamed: 3"": NaN, ""Unnamed: 4"": NaN, ""Unnamed: 5"": NaN, ""Unnamed: 6"": NaN, ""Unnamed: 7"": NaN, ""Unnamed: 8"": NaN}, {""Page: 136"": ""Notes Mentioned: Note 4, Note 4"", ""Unnamed: 1"": NaN, ""Unnamed: 2"": NaN, ""Unnamed: 3"": NaN, ""Unnamed: 4"": NaN, ""Unnamed: 5"": NaN, ""Unnamed: 6"": NaN, ""Unnamed: 7"": NaN, ""Unnamed: 8"": NaN}, {""Page: 136"": NaN, ""Unnamed: 1"": NaN, ""Unnamed: 2"": NaN, ""Unnamed: 3"": NaN, ""Unnamed: 4"": ""2024"", ""Unnamed: 5"": NaN, ""Unnamed: 6"": NaN, ""Unnamed: 7"": ""2023"", ""Unnamed: 8"": NaN}, {""Page: 136"": NaN, ""Unnamed: 1"": NaN, ""Unnamed: 2"": NaN, ""Unnamed: 3"": ""Before"", ""Unnamed: 4"": ""Adjusting"", ""Unnamed: 5"": NaN, ""Unnamed: 6"": ""Before"", ""Unnamed: 7"": ""Adjusting"", ""Unnamed: 8"": NaN}, {""Page: 136"": NaN, ""Unnamed: 1"": NaN, ""Unnamed: 2"": NaN, ""Unnamed: 3"": ""adjusting"", ""Unnamed: 4"": ""items and"", ""Unnamed: 5"": NaN, ""Unnamed: 6"": ""adjusting"", ""Unnamed: 7"": ""items and"", ""Unnamed: 8"": NaN}, {""Page: 136"": NaN, ""Unnamed: 1"": NaN, ""Unnamed: 2"": NaN, ""Unnamed: 3"": ""items and"", ""Unnamed: 4"": ""share-based"", ""Unnamed: 5"": NaN, ""Unnamed: 6"": ""items and"", ""Unnamed: 7"": ""share-based"", ""Unnamed: 8"": NaN}, {""Page: 136"": NaN, ""Unnamed: 1"": NaN, ""Unnamed: 2"": NaN, ""Unnamed: 3"": ""share-based"", ""Unnamed: 4"": ""payments"", ""Unnamed: 5"": NaN, ""Unnamed: 6"": ""share-based"", ""Unnamed: 7"": ""payments"", ""Unnamed: 8"": NaN}, {""Page: 136"": NaN, ""Unnamed: 1"": NaN, ""Unnamed: 2"": NaN, ""Unnamed: 3"": ""payments"", ""Unnamed: 4"": ""(Note 4)"", ""Unnamed: 5"": ""Total"", ""Unnamed: 6"": ""payments"", ""Unnamed: 7"": ""(Note 4)"", ""Unnamed: 8"": ""Total""}, {""Page: 136"": NaN, ""Unnamed: 1"": NaN, ""Unnamed: 2"": ""Notes"", ""Unnamed: 3"": ""$\u2019m"", ""Unnamed: 4"": ""$\u2019m"", ""Unnamed: 5"": ""$\u2019m"", ""Unnamed: 6"": ""$\u2019m"", ""Unnamed: 7"": ""$\u2019m"", ""Unnamed: 8"": ""$\u2019m""}, {""Page: 136"": NaN, ""Unnamed: 1"": ""Revenue"", ""Unnamed: 2"": ""3"", ""Unnamed: 3"": ""912.8"", ""Unnamed: 4"": ""\u2013"", ""Unnamed: 5"": ""912.8"", ""Unnamed: 6"": ""722.8"", ""Unnamed: 7"": ""\u2013"", ""Unnamed: 8"": ""722.8""}, {""Page: 136"": NaN, ""Unnamed: 1"": ""Cost of sales"", ""Unnamed: 2"": NaN, ""Unnamed: 3"": ""(710.0)"", ""Unnamed: 4"": ""\u2013"", ""Unnamed: 5"": ""(710.0)"", ""Unnamed: 6"": ""(565.8)"", ""Unnamed: 7"": ""\u2013"", ""Unnamed: 8"": ""(565.8)""}, {""Page: 136"": NaN, ""Unnamed: 1"": ""Gross profit"", ""Unnamed: 2"": NaN, ""Unnamed: 3"": ""202.8"", ""Unnamed: 4"": ""\u2013"", ""Unnamed: 5"": ""202.8"", ""Unnamed: 6"": ""157.0"", ""Unnamed: 7"": ""\u2013"", ""Unnamed: 8"": ""157.0""}, {""Page: 136"": NaN, ""Unnamed: 1"": ""Operating expenses"", ""Unnamed: 2"": NaN, ""Unnamed: 3"": ""(113.1)"", ""Unnamed: 4"": ""(25.8)"", ""Unnamed: 5"": ""(138.9)"", ""Unnamed: 6"": ""(89.7)"", ""Unnamed: 7"": ""(13.5)"", ""Unnamed: 8"": ""(103.2)""}, {""Page: 136"": NaN, ""Unnamed: 1"": ""Operating profit"", ""Unnamed: 2"": ""7"", ""Unnamed: 3"": ""89.7"", ""Unnamed: 4"": ""(25.8)"", ""Unnamed: 5"": ""63.9"", ""Unnamed: 6"": ""67.3"", ""Unnamed: 7"": ""(13.5)"", ""Unnamed: 8"": ""53.8""}, {""Page: 136"": NaN, ""Unnamed: 1"": ""Share of net profit from"", ""Unnamed: 2"": NaN, ""Unnamed: 3"": NaN, ""Unnamed: 4"": NaN, ""Unnamed: 5"": NaN, ""Unnamed: 6"": NaN, ""Unnamed: 7"": NaN, ""Unnamed: 8"": NaN}, {""Page: 136"": NaN, ""Unnamed: 1"": ""associates"", ""Unnamed: 2"": ""16"", ""Unnamed: 3"": ""3.2"", ""Unnamed: 4"": ""\u2013"", ""Unnamed: 5"": ""3.2"", ""Unnamed: 6"": ""1.1"", ""Unnamed: 7"": ""\u2013"", ""Unnamed: 8"": ""1.1""}, {""Page: 136"": NaN, ""Unnamed: 1"": ""Finance income"", ""Unnamed: 2"": ""5"", ""Unnamed: 3"": ""1.3"", ""Unnamed: 4"": ""\u2013"", ""Unnamed: 5"": ""1.3"", ""Unnamed: 6"": ""0.4"", ""Unnamed: 7"": ""\u2013"", ""Unnamed: 8"": ""0.4""}, {""Page: 136"": NaN, ""Unnamed: 1"": ""Finance costs"", ""Unnamed: 2"": ""6"", ""Unnamed: 3"": ""(16.8)"", ""Unnamed: 4"": ""\u2013"", ""Unnamed: 5"": ""(16.8)"", ""Unnamed: 6"": ""(9.5)"", ""Unnamed: 7"": ""\u2013"", ""Unnamed: 8"": ""(9.5)""}, {""Page: 136"": NaN, ""Unnamed: 1"": ""Profit before taxation"", ""Unnamed: 2"": NaN, ""Unnamed: 3"": ""77.4"", ""Unnamed: 4"": ""(25.8)"", ""Unnamed: 5"": ""51.6"", ""Unnamed: 6"": ""59.3"", ""Unnamed: 7"": ""(13.5)"", ""Unnamed: 8"": ""45.8""}, {""Page: 136"": NaN, ""Unnamed: 1"": ""Taxation"", ""Unnamed: 2"": ""10"", ""Unnamed: 3"": ""(15.9)"", ""Unnamed: 4"": ""4.5"", ""Unnamed: 5"": ""(11.4)"", ""Unnamed: 6"": ""(10.7)"", ""Unnamed: 7"": ""2.3"", ""Unnamed: 8"": ""(8.4)""}, {""Page: 136"": NaN, ""Unnamed: 1"": ""Profit for the period"", ""Unnamed: 2"": NaN, ""Unnamed: 3"": ""61.5"", ""Unnamed: 4"": ""(21.3)"", ""Unnamed: 5"": ""40.2"", ""Unnamed: 6"": ""48.6"", ""Unnamed: 7"": ""(11.2)"", ""Unnamed: 8"": ""37.4""}, {""Page: 136"": NaN, ""Unnamed: 1"": ""Profit is attributable to:"", ""Unnamed: 2"": NaN, ""Unnamed: 3"": NaN, ""Unnamed: 4"": NaN, ""Unnamed: 5"": NaN, ""Unnamed: 6"": NaN, ""Unnamed: 7"": NaN, ""Unnamed: 8"": NaN}, {""Page: 136"": NaN, ""Unnamed: 1"": ""Owners of the parent"", ""Unnamed: 2"": NaN, ""Unnamed: 3"": ""60.5"", ""Unnamed: 4"": ""(21.2)"", ""Unnamed: 5"": ""39.3"", ""Unnamed: 6"": ""48.0"", ""Unnamed: 7"": ""(11.2)"", ""Unnamed: 8"": ""36.8""}, {""Page: 136"": NaN, ""Unnamed: 1"": ""Non-controlling interests"", ""Unnamed: 2"": NaN, ""Unnamed: 3"": ""1.0"", ""Unnamed: 4"": ""(0.1)"", ""Unnamed: 5"": ""0.9"", ""Unnamed: 6"": ""0.6"", ""Unnamed: 7"": ""\u2013"", ""Unnamed: 8"": ""0.6""}, {""Page: 136"": NaN, ""Unnamed: 1"": NaN, ""Unnamed: 2"": NaN, ""Unnamed: 3"": ""61.5"", ""Unnamed: 4"": ""(21.3)"", ""Unnamed: 5"": ""40.2"", ""Unnamed: 6"": ""48.6"", ""Unnamed: 7"": ""(11.2)"", ""Unnamed: 8"": ""37.4""}, {""Page: 136"": NaN, ""Unnamed: 1"": ""Earnings per share (cents)"", ""Unnamed: 2"": NaN, ""Unnamed: 3"": NaN, ""Unnamed: 4"": NaN, ""Unnamed: 5"": NaN, ""Unnamed: 6"": NaN, ""Unnamed: 7"": NaN, ""Unnamed: 8"": NaN}, {""Page: 136"": NaN, ""Unnamed: 1"": ""Basic"", ""Unnamed: 2"": ""11"", ""Unnamed: 3"": ""33.7"", ""Unnamed: 4"": NaN, ""Unnamed: 5"": ""21.8"", ""Unnamed: 6"": ""30.2"", ""Unnamed: 7"": NaN, ""Unnamed: 8"": ""23.2""}, {""Page: 136"": NaN, ""Unnamed: 1"": ""Diluted"", ""Unnamed: 2"": ""11"", ""Unnamed: 3"": ""33.0"", ""Unnamed: 4"": NaN, ""Unnamed: 5"": ""21.4"", ""Unnamed: 6"": ""28.8"", ""Unnamed: 7"": NaN, ""Unnamed: 8"": ""22.1""}]","[0.2224, 0.2224, 0.2644]"
Balance Sheet Template,Other Debtors,What is Other debtors and prepayments under Current Assets in Consolidated Statement of financial Position for year 2023 and 2024?,"[{""Page: 138"": ""Table Index: 15"", ""Unnamed: 1"": NaN, ""Unnamed: 2"": NaN, ""Unnamed: 3"": NaN, ""Unnamed: 4"": NaN}, {""Page: 138"": ""Table Header: , , 2024, 2023"", ""Unnamed: 1"": NaN, ""Unnamed: 2"": NaN, ""Unnamed: 3"": NaN, ""Unnamed: 4"": NaN}, {""Page: 138"": ""Page Header: Consolidated Statement of Financial Position | As at 31 March 2024 (2 April 2023) | 2024 2023"", ""Unnamed: 1"": NaN, ""Unnamed: 2"": NaN, ""Unnamed: 3"": NaN, ""Unnamed: 4"": NaN}, {""Page: 138"": ""Notes Mentioned: None"", ""Unnamed: 1"": NaN, ""Unnamed: 2"": NaN, ""Unnamed: 3"": NaN, ""Unnamed: 4"": NaN}, {""Page: 138"": NaN, ""Unnamed: 1"": NaN, ""Unnamed: 2"": NaN, ""Unnamed: 3"": ""2024"", ""Unnamed: 4"": ""2023""}, {""Page: 138"": NaN, ""Unnamed: 1"": NaN, ""Unnamed: 2"": ""Notes"", ""Unnamed: 3"": ""$\u2019m"", ""Unnamed: 4"": ""$\u2019m""}, {""Page: 138"": NaN, ""Unnamed: 1"": ""Non-current assets"", ""Unnamed: 2"": NaN, ""Unnamed: 3"": NaN, ""Unnamed: 4"": NaN}, {""Page: 138"": NaN, ""Unnamed: 1"": ""Goodwill"", ""Unnamed: 2"": ""12"", ""Unnamed: 3"": ""121.4"", ""Unnamed: 4"": ""82.3""}, {""Page: 138"": NaN, ""Unnamed: 1"": ""Other intangible assets"", ""Unnamed: 2"": ""13"", ""Unnamed: 3"": ""131.7"", ""Unnamed: 4"": ""41.8""}, {""Page: 138"": NaN, ""Unnamed: 1"": ""Property, plant and equipment"", ""Unnamed: 2"": ""14"", ""Unnamed: 3"": ""91.8"", ""Unnamed: 4"": ""50.1""}, {""Page: 138"": NaN, ""Unnamed: 1"": ""Right-of-use assets"", ""Unnamed: 2"": ""15"", ""Unnamed: 3"": ""38.4"", ""Unnamed: 4"": ""34.5""}, {""Page: 138"": NaN, ""Unnamed: 1"": ""Interests in associates"", ""Unnamed: 2"": ""16"", ""Unnamed: 3"": ""8.1"", ""Unnamed: 4"": ""2.6""}, {""Page: 138"": NaN, ""Unnamed: 1"": ""Other receivables"", ""Unnamed: 2"": ""18"", ""Unnamed: 3"": ""2.0"", ""Unnamed: 4"": ""1.8""}, {""Page: 138"": NaN, ""Unnamed: 1"": ""Derivative financial instruments"", ""Unnamed: 2"": ""31"", ""Unnamed: 3"": ""1.5"", ""Unnamed: 4"": ""0.9""}, {""Page: 138"": NaN, ""Unnamed: 1"": ""Retirement benefit asset"", ""Unnamed: 2"": ""30"", ""Unnamed: 3"": ""0.4"", ""Unnamed: 4"": ""\u2013""}, {""Page: 138"": NaN, ""Unnamed: 1"": ""Deferred tax assets"", ""Unnamed: 2"": ""21"", ""Unnamed: 3"": ""25.9"", ""Unnamed: 4"": ""24.6""}, {""Page: 138"": NaN, ""Unnamed: 1"": NaN, ""Unnamed: 2"": NaN, ""Unnamed: 3"": ""421.2"", ""Unnamed: 4"": ""238.6""}, {""Page: 138"": NaN, ""Unnamed: 1"": ""Current assets"", ""Unnamed: 2"": NaN, ""Unnamed: 3"": NaN, ""Unnamed: 4"": NaN}, {""Page: 138"": NaN, ""Unnamed: 1"": ""Inventories"", ""Unnamed: 2"": ""17"", ""Unnamed: 3"": ""174.3"", ""Unnamed: 4"": ""120.5""}, {""Page: 138"": NaN, ""Unnamed: 1"": ""Trade receivables"", ""Unnamed: 2"": ""18"", ""Unnamed: 3"": ""187.6"", ""Unnamed: 4"": ""136.2""}, {""Page: 138"": NaN, ""Unnamed: 1"": ""Other receivables"", ""Unnamed: 2"": ""18"", ""Unnamed: 3"": ""23.4"", ""Unnamed: 4"": ""15.7""}, {""Page: 138"": NaN, ""Unnamed: 1"": ""Current tax assets"", ""Unnamed: 2"": NaN, ""Unnamed: 3"": ""1.8"", ""Unnamed: 4"": ""0.8""}, {""Page: 138"": NaN, ""Unnamed: 1"": ""Derivative financial instruments"", ""Unnamed: 2"": ""31"", ""Unnamed: 3"": ""1.0"", ""Unnamed: 4"": ""0.9""}, {""Page: 138"": NaN, ""Unnamed: 1"": ""Cash and bank balances"", ""Unnamed: 2"": ""28"", ""Unnamed: 3"": ""29.8"", ""Unnamed: 4"": ""22.5""}, {""Page: 138"": NaN, ""Unnamed: 1"": NaN, ""Unnamed: 2"": NaN, ""Unnamed: 3"": ""417.9"", ""Unnamed: 4"": ""296.6""}, {""Page: 138"": NaN, ""Unnamed: 1"": ""Total assets"", ""Unnamed: 2"": NaN, ""Unnamed: 3"": ""839.1"", ""Unnamed: 4"": ""535.2""}, {""Page: 138"": NaN, ""Unnamed: 1"": ""Current liabilities"", ""Unnamed: 2"": NaN, ""Unnamed: 3"": NaN, ""Unnamed: 4"": NaN}, {""Page: 138"": NaN, ""Unnamed: 1"": ""Borrowings"", ""Unnamed: 2"": ""19"", ""Unnamed: 3"": ""3.3"", ""Unnamed: 4"": ""1.8""}, {""Page: 138"": NaN, ""Unnamed: 1"": ""Lease liabilities"", ""Unnamed: 2"": ""19"", ""Unnamed: 3"": ""21.3"", ""Unnamed: 4"": ""15.6""}, {""Page: 138"": NaN, ""Unnamed: 1"": ""Trade payables"", ""Unnamed: 2"": ""20"", ""Unnamed: 3"": ""133.1"", ""Unnamed: 4"": ""84.4""}, {""Page: 138"": NaN, ""Unnamed: 1"": ""Other payables"", ""Unnamed: 2"": ""20"", ""Unnamed: 3"": ""101.4"", ""Unnamed: 4"": ""65.2""}, {""Page: 138"": NaN, ""Unnamed: 1"": ""Current tax liabilities"", ""Unnamed: 2"": NaN, ""Unnamed: 3"": ""18.3"", ""Unnamed: 4"": ""14.5""}, {""Page: 138"": NaN, ""Unnamed: 1"": ""Retirement benefit obligations"", ""Unnamed: 2"": ""30"", ""Unnamed: 3"": ""\u2013"", ""Unnamed: 4"": ""0.3""}, {""Page: 138"": NaN, ""Unnamed: 1"": ""Provisions"", ""Unnamed: 2"": ""22"", ""Unnamed: 3"": ""2.9"", ""Unnamed: 4"": ""0.9""}, {""Page: 138"": NaN, ""Unnamed: 1"": ""Derivative financial instruments"", ""Unnamed: 2"": ""31"", ""Unnamed: 3"": ""0.4"", ""Unnamed: 4"": ""\u2013""}, {""Page: 138"": NaN, ""Unnamed: 1"": NaN, ""Unnamed: 2"": NaN, ""Unnamed: 3"": ""280.7"", ""Unnamed: 4"": ""182.7""}, {""Page: 138"": NaN, ""Unnamed: 1"": ""Net current assets"", ""Unnamed: 2"": NaN, ""Unnamed: 3"": ""137.2"", ""Unnamed: 4"": ""113.9""}, {""Page: 138"": NaN, ""Unnamed: 1"": ""Non-current liabilities"", ""Unnamed: 2"": NaN, ""Unnamed: 3"": NaN, ""Unnamed: 4"": NaN}, {""Page: 138"": NaN, ""Unnamed: 1"": ""Borrowings"", ""Unnamed: 2"": ""19"", ""Unnamed: 3"": ""143.1"", ""Unnamed: 4"": ""89.6""}, {""Page: 138"": NaN, ""Unnamed: 1"": ""Lease liabilities"", ""Unnamed: 2"": ""19"", ""Unnamed: 3"": ""16.1"", ""Unnamed: 4"": ""19.2""}, {""Page: 138"": NaN, ""Unnamed: 1"": ""Other payables"", ""Unnamed: 2"": ""20"", ""Unnamed: 3"": ""26.9"", ""Unnamed: 4"": ""1.4""}, {""Page: 138"": NaN, ""Unnamed: 1"": ""Deferred tax liabilities"", ""Unnamed: 2"": ""21"", ""Unnamed: 3"": ""28.2"", ""Unnamed: 4"": ""6.9""}, {""Page: 138"": NaN, ""Unnamed: 1"": ""Retirement benefit obligations"", ""Unnamed: 2"": ""30"", ""Unnamed: 3"": ""7.5"", ""Unnamed: 4"": ""2.3""}, {""Page: 138"": NaN, ""Unnamed: 1"": ""Provisions"", ""Unnamed: 2"": ""22"", ""Unnamed: 3"": ""1.0"", ""Unnamed: 4"": ""0.4""}, {""Page: 138"": NaN, ""Unnamed: 1"": NaN, ""Unnamed: 2"": NaN, ""Unnamed: 3"": ""222.8"", ""Unnamed: 4"": ""119.8""}, {""Page: 138"": NaN, ""Unnamed: 1"": ""Total liabilities"", ""Unnamed: 2"": NaN, ""Unnamed: 3"": ""503.5"", ""Unnamed: 4"": ""302.5""}, {""Page: 138"": NaN, ""Unnamed: 1"": ""Net assets"", ""Unnamed: 2"": NaN, ""Unnamed: 3"": ""335.6"", ""Unnamed: 4"": ""232.7""}, {""Page: 138"": NaN, ""Unnamed: 1"": ""Equity"", ""Unnamed: 2"": NaN, ""Unnamed: 3"": NaN, ""Unnamed: 4"": NaN}, {""Page: 138"": NaN, ""Unnamed: 1"": ""Share capital"", ""Unnamed: 2"": ""23"", ""Unnamed: 3"": ""69.6"", ""Unnamed: 4"": ""62.7""}, {""Page: 138"": NaN, ""Unnamed: 1"": ""Share premium account"", ""Unnamed: 2"": ""23"", ""Unnamed: 3"": ""62.0"", ""Unnamed: 4"": ""60.7""}, {""Page: 138"": NaN, ""Unnamed: 1"": ""Non-distributable reserve"", ""Unnamed: 2"": ""24"", ""Unnamed: 3"": ""2.5"", ""Unnamed: 4"": ""2.5""}, {""Page: 138"": NaN, ""Unnamed: 1"": ""Hedging and translation reserve"", ""Unnamed: 2"": NaN, ""Unnamed: 3"": ""(13.9)"", ""Unnamed: 4"": ""(14.6)""}, {""Page: 138"": NaN, ""Unnamed: 1"": ""Own shares"", ""Unnamed: 2"": ""24"", ""Unnamed: 3"": ""(4.3)"", ""Unnamed: 4"": ""(1.0)""}, {""Page: 138"": NaN, ""Unnamed: 1"": ""Retained earnings"", ""Unnamed: 2"": NaN, ""Unnamed: 3"": ""211.3"", ""Unnamed: 4"": ""115.0""}, {""Page: 138"": NaN, ""Unnamed: 1"": ""Total attributable to owners of the parent"", ""Unnamed: 2"": NaN, ""Unnamed: 3"": ""327.2"", ""Unnamed: 4"": ""225.3""}, {""Page: 138"": NaN, ""Unnamed: 1"": ""Non-controlling interests"", ""Unnamed: 2"": ""25"", ""Unnamed: 3"": ""8.4"", ""Unnamed: 4"": ""7.4""}, {""Page: 138"": NaN, ""Unnamed: 1"": ""Total equity"", ""Unnamed: 2"": NaN, ""Unnamed: 3"": ""335.6"", ""Unnamed: 4"": ""232.7""}, {""Page: 138"": NaN, ""Unnamed: 1"": NaN, ""Unnamed: 2"": ""The notes on pages 139 to 181 are an integral part of these financial statements. The consolidated financial statements of"", ""Unnamed: 3"": NaN, ""Unnamed: 4"": NaN}]
---
[{""Page: 138"": ""Table Index: 15"", ""Unnamed: 1"": NaN, ""Unnamed: 2"": NaN, ""Unnamed: 3"": NaN, ""Unnamed: 4"": NaN}, {""Page: 138"": ""Table Header: , , 2024, 2023"", ""Unnamed: 1"": NaN, ""Unnamed: 2"": NaN, ""Unnamed: 3"": NaN, ""Unnamed: 4"": NaN}, {""Page: 138"": ""Page Header: Consolidated Statement of Financial Position | As at 31 March 2024 (2 April 2023) | 2024 2023"", ""Unnamed: 1"": NaN, ""Unnamed: 2"": NaN, ""Unnamed: 3"": NaN, ""Unnamed: 4"": NaN}, {""Page: 138"": ""Notes Mentioned: None"", ""Unnamed: 1"": NaN, ""Unnamed: 2"": NaN, ""Unnamed: 3"": NaN, ""Unnamed: 4"": NaN}, {""Page: 138"": NaN, ""Unnamed: 1"": NaN, ""Unnamed: 2"": NaN, ""Unnamed: 3"": ""2024"", ""Unnamed: 4"": ""2023""}, {""Page: 138"": NaN, ""Unnamed: 1"": NaN, ""Unnamed: 2"": ""Notes"", ""Unnamed: 3"": ""$\u2019m"", ""Unnamed: 4"": ""$\u2019m""}, {""Page: 138"": NaN, ""Unnamed: 1"": ""Non-current assets"", ""Unnamed: 2"": NaN, ""Unnamed: 3"": NaN, ""Unnamed: 4"": NaN}, {""Page: 138"": NaN, ""Unnamed: 1"": ""Goodwill"", ""Unnamed: 2"": ""12"", ""Unnamed: 3"": ""121.4"", ""Unnamed: 4"": ""82.3""}, {""Page: 138"": NaN, ""Unnamed: 1"": ""Other intangible assets"", ""Unnamed: 2"": ""13"", ""Unnamed: 3"": ""131.7"", ""Unnamed: 4"": ""41.8""}, {""Page: 138"": NaN, ""Unnamed: 1"": ""Property, plant and equipment"", ""Unnamed: 2"": ""14"", ""Unnamed: 3"": ""91.8"", ""Unnamed: 4"": ""50.1""}, {""Page: 138"": NaN, ""Unnamed: 1"": ""Right-of-use assets"", ""Unnamed: 2"": ""15"", ""Unnamed: 3"": ""38.4"", ""Unnamed: 4"": ""34.5""}, {""Page: 138"": NaN, ""Unnamed: 1"": ""Interests in associates"", ""Unnamed: 2"": ""16"", ""Unnamed: 3"": ""8.1"", ""Unnamed: 4"": ""2.6""}, {""Page: 138"": NaN, ""Unnamed: 1"": ""Other receivables"", ""Unnamed: 2"": ""18"", ""Unnamed: 3"": ""2.0"", ""Unnamed: 4"": ""1.8""}, {""Page: 138"": NaN, ""Unnamed: 1"": ""Derivative financial instruments"", ""Unnamed: 2"": ""31"", ""Unnamed: 3"": ""1.5"", ""Unnamed: 4"": ""0.9""}, {""Page: 138"": NaN, ""Unnamed: 1"": ""Retirement benefit asset"", ""Unnamed: 2"": ""30"", ""Unnamed: 3"": ""0.4"", ""Unnamed: 4"": ""\u2013""}, {""Page: 138"": NaN, ""Unnamed: 1"": ""Deferred tax assets"", ""Unnamed: 2"": ""21"", ""Unnamed: 3"": ""25.9"", ""Unnamed: 4"": ""24.6""}, {""Page: 138"": NaN, ""Unnamed: 1"": NaN, ""Unnamed: 2"": NaN, ""Unnamed: 3"": ""421.2"", ""Unnamed: 4"": ""238.6""}, {""Page: 138"": NaN, ""Unnamed: 1"": ""Current assets"", ""Unnamed: 2"": NaN, ""Unnamed: 3"": NaN, ""Unnamed: 4"": NaN}, {""Page: 138"": NaN, ""Unnamed: 1"": ""Inventories"", ""Unnamed: 2"": ""17"", ""Unnamed: 3"": ""174.3"", ""Unnamed: 4"": ""120.5""}, {""Page: 138"": NaN, ""Unnamed: 1"": ""Trade receivables"", ""Unnamed: 2"": ""18"", ""Unnamed: 3"": ""187.6"", ""Unnamed: 4"": ""136.2""}, {""Page: 138"": NaN, ""Unnamed: 1"": ""Other receivables"", ""Unnamed: 2"": ""18"", ""Unnamed: 3"": ""23.4"", ""Unnamed: 4"": ""15.7""}, {""Page: 138"": NaN, ""Unnamed: 1"": ""Current tax assets"", ""Unnamed: 2"": NaN, ""Unnamed: 3"": ""1.8"", ""Unnamed: 4"": ""0.8""}, {""Page: 138"": NaN, ""Unnamed: 1"": ""Derivative financial instruments"", ""Unnamed: 2"": ""31"", ""Unnamed: 3"": ""1.0"", ""Unnamed: 4"": ""0.9""}, {""Page: 138"": NaN, ""Unnamed: 1"": ""Cash and bank balances"", ""Unnamed: 2"": ""28"", ""Unnamed: 3"": ""29.8"", ""Unnamed: 4"": ""22.5""}, {""Page: 138"": NaN, ""Unnamed: 1"": NaN, ""Unnamed: 2"": NaN, ""Unnamed: 3"": ""417.9"", ""Unnamed: 4"": ""296.6""}, {""Page: 138"": NaN, ""Unnamed: 1"": ""Total assets"", ""Unnamed: 2"": NaN, ""Unnamed: 3"": ""839.1"", ""Unnamed: 4"": ""535.2""}, {""Page: 138"": NaN, ""Unnamed: 1"": ""Current liabilities"", ""Unnamed: 2"": NaN, ""Unnamed: 3"": NaN, ""Unnamed: 4"": NaN}, {""Page: 138"": NaN, ""Unnamed: 1"": ""Borrowings"", ""Unnamed: 2"": ""19"", ""Unnamed: 3"": ""3.3"", ""Unnamed: 4"": ""1.8""}, {""Page: 138"": NaN, ""Unnamed: 1"": ""Lease liabilities"", ""Unnamed: 2"": ""19"", ""Unnamed: 3"": ""21.3"", ""Unnamed: 4"": ""15.6""}, {""Page: 138"": NaN, ""Unnamed: 1"": ""Trade payables"", ""Unnamed: 2"": ""20"", ""Unnamed: 3"": ""133.1"", ""Unnamed: 4"": ""84.4""}, {""Page: 138"": NaN, ""Unnamed: 1"": ""Other payables"", ""Unnamed: 2"": ""20"", ""Unnamed: 3"": ""101.4"", ""Unnamed: 4"": ""65.2""}, {""Page: 138"": NaN, ""Unnamed: 1"": ""Current tax liabilities"", ""Unnamed: 2"": NaN, ""Unnamed: 3"": ""18.3"", ""Unnamed: 4"": ""14.5""}, {""Page: 138"": NaN, ""Unnamed: 1"": ""Retirement benefit obligations"", ""Unnamed: 2"": ""30"", ""Unnamed: 3"": ""\u2013"", ""Unnamed: 4"": ""0.3""}, {""Page: 138"": NaN, ""Unnamed: 1"": ""Provisions"", ""Unnamed: 2"": ""22"", ""Unnamed: 3"": ""2.9"", ""Unnamed: 4"": ""0.9""}, {""Page: 138"": NaN, ""Unnamed: 1"": ""Derivative financial instruments"", ""Unnamed: 2"": ""31"", ""Unnamed: 3"": ""0.4"", ""Unnamed: 4"": ""\u2013""}, {""Page: 138"": NaN, ""Unnamed: 1"": NaN, ""Unnamed: 2"": NaN, ""Unnamed: 3"": ""280.7"", ""Unnamed: 4"": ""182.7""}, {""Page: 138"": NaN, ""Unnamed: 1"": ""Net current assets"", ""Unnamed: 2"": NaN, ""Unnamed: 3"": ""137.2"", ""Unnamed: 4"": ""113.9""}, {""Page: 138"": NaN, ""Unnamed: 1"": ""Non-current liabilities"", ""Unnamed: 2"": NaN, ""Unnamed: 3"": NaN, ""Unnamed: 4"": NaN}, {""Page: 138"": NaN, ""Unnamed: 1"": ""Borrowings"", ""Unnamed: 2"": ""19"", ""Unnamed: 3"": ""143.1"", ""Unnamed: 4"": ""89.6""}, {""Page: 138"": NaN, ""Unnamed: 1"": ""Lease liabilities"", ""Unnamed: 2"": ""19"", ""Unnamed: 3"": ""16.1"", ""Unnamed: 4"": ""19.2""}, {""Page: 138"": NaN, ""Unnamed: 1"": ""Other payables"", ""Unnamed: 2"": ""20"", ""Unnamed: 3"": ""26.9"", ""Unnamed: 4"": ""1.4""}, {""Page: 138"": NaN, ""Unnamed: 1"": ""Deferred tax liabilities"", ""Unnamed: 2"": ""21"", ""Unnamed: 3"": ""28.2"", ""Unnamed: 4"": ""6.9""}, {""Page: 138"": NaN, ""Unnamed: 1"": ""Retirement benefit obligations"", ""Unnamed: 2"": ""30"", ""Unnamed: 3"": ""7.5"", ""Unnamed: 4"": ""2.3""}, {""Page: 138"": NaN, ""Unnamed: 1"": ""Provisions"", ""Unnamed: 2"": ""22"", ""Unnamed: 3"": ""1.0"", ""Unnamed: 4"": ""0.4""}, {""Page: 138"": NaN, ""Unnamed: 1"": NaN, ""Unnamed: 2"": NaN, ""Unnamed: 3"": ""222.8"", ""Unnamed: 4"": ""119.8""}, {""Page: 138"": NaN, ""Unnamed: 1"": ""Total liabilities"", ""Unnamed: 2"": NaN, ""Unnamed: 3"": ""503.5"", ""Unnamed: 4"": ""302.5""}, {""Page: 138"": NaN, ""Unnamed: 1"": ""Net assets"", ""Unnamed: 2"": NaN, ""Unnamed: 3"": ""335.6"", ""Unnamed: 4"": ""232.7""}, {""Page: 138"": NaN, ""Unnamed: 1"": ""Equity"", ""Unnamed: 2"": NaN, ""Unnamed: 3"": NaN, ""Unnamed: 4"": NaN}, {""Page: 138"": NaN, ""Unnamed: 1"": ""Share capital"", ""Unnamed: 2"": ""23"", ""Unnamed: 3"": ""69.6"", ""Unnamed: 4"": ""62.7""}, {""Page: 138"": NaN, ""Unnamed: 1"": ""Share premium account"", ""Unnamed: 2"": ""23"", ""Unnamed: 3"": ""62.0"", ""Unnamed: 4"": ""60.7""}, {""Page: 138"": NaN, ""Unnamed: 1"": ""Non-distributable reserve"", ""Unnamed: 2"": ""24"", ""Unnamed: 3"": ""2.5"", ""Unnamed: 4"": ""2.5""}, {""Page: 138"": NaN, ""Unnamed: 1"": ""Hedging and translation reserve"", ""Unnamed: 2"": NaN, ""Unnamed: 3"": ""(13.9)"", ""Unnamed: 4"": ""(14.6)""}, {""Page: 138"": NaN, ""Unnamed: 1"": ""Own shares"", ""Unnamed: 2"": ""24"", ""Unnamed: 3"": ""(4.3)"", ""Unnamed: 4"": ""(1.0)""}, {""Page: 138"": NaN, ""Unnamed: 1"": ""Retained earnings"", ""Unnamed: 2"": NaN, ""Unnamed: 3"": ""211.3"", ""Unnamed: 4"": ""115.0""}, {""Page: 138"": NaN, ""Unnamed: 1"": ""Total attributable to owners of the parent"", ""Unnamed: 2"": NaN, ""Unnamed: 3"": ""327.2"", ""Unnamed: 4"": ""225.3""}, {""Page: 138"": NaN, ""Unnamed: 1"": ""Non-controlling interests"", ""Unnamed: 2"": ""25"", ""Unnamed: 3"": ""8.4"", ""Unnamed: 4"": ""7.4""}, {""Page: 138"": NaN, ""Unnamed: 1"": ""Total equity"", ""Unnamed: 2"": NaN, ""Unnamed: 3"": ""335.6"", ""Unnamed: 4"": ""232.7""}, {""Page: 138"": NaN, ""Unnamed: 1"": NaN, ""Unnamed: 2"": ""The notes on pages 139 to 181 are an integral part of these financial statements. The consolidated financial statements of"", ""Unnamed: 3"": NaN, ""Unnamed: 4"": NaN}]
---
[{""Page: 195"": ""Table Index: 84"", ""Unnamed: 1"": NaN, ""Unnamed: 2"": NaN, ""Unnamed: 3"": NaN, ""Unnamed: 4"": NaN, ""Unnamed: 5"": NaN}, {""Page: 195"": ""Table Header: 14. Equity dividend, , , , "", ""Unnamed: 1"": NaN, ""Unnamed: 2"": NaN, ""Unnamed: 3"": NaN, ""Unnamed: 4"": NaN, ""Unnamed: 5"": NaN}, {""Page: 195"": ""Page Header: 14. Equity dividend | Dividends paid and received are included in the Company financial statements in the period in which the related dividends | are actually paid or received, or, in respect of the Company\u2019s final dividend for the period, approved by shareholders."", ""Unnamed: 1"": NaN, ""Unnamed: 2"": NaN, ""Unnamed: 3"": NaN, ""Unnamed: 4"": NaN, ""Unnamed: 5"": NaN}, {""Page: 195"": ""Notes Mentioned: None"", ""Unnamed: 1"": NaN, ""Unnamed: 2"": NaN, ""Unnamed: 3"": NaN, ""Unnamed: 4"": NaN, ""Unnamed: 5"": NaN}, {""Page: 195"": NaN, ""Unnamed: 1"": ""14. Equity dividend"", ""Unnamed: 2"": NaN, ""Unnamed: 3"": NaN, ""Unnamed: 4"": NaN, ""Unnamed: 5"": NaN}, {""Page: 195"": NaN, ""Unnamed: 1"": NaN, ""Unnamed: 2"": ""Dividends paid and received are included in the Company financial statements in the period in which the related dividends"", ""Unnamed: 3"": NaN, ""Unnamed: 4"": NaN, ""Unnamed: 5"": NaN}, {""Page: 195"": NaN, ""Unnamed: 1"": NaN, ""Unnamed: 2"": ""are actually paid or received, or, in respect of the Company\u2019s final dividend for the period, approved by shareholders."", ""Unnamed: 3"": NaN, ""Unnamed: 4"": NaN, ""Unnamed: 5"": NaN}, {""Page: 195"": NaN, ""Unnamed: 1"": NaN, ""Unnamed: 2"": NaN, ""Unnamed: 3"": NaN, ""Unnamed: 4"": ""Settled \nSettled \nDividend"", ""Unnamed: 5"": ""Dividend""}, {""Page: 195"": NaN, ""Unnamed: 1"": NaN, ""Unnamed: 2"": NaN, ""Unnamed: 3"": ""2024"", ""Unnamed: 4"": ""2023\nvia \nvia \nper ordinary"", ""Unnamed: 5"": ""per ordinary""}, {""Page: 195"": NaN, ""Unnamed: 1"": NaN, ""Unnamed: 2"": NaN, ""Unnamed: 3"": ""Total"", ""Unnamed: 4"": ""Total\nscrip\nscrip\nshare"", ""Unnamed: 5"": ""share""}, {""Page: 195"": NaN, ""Unnamed: 1"": ""Dividends"", ""Unnamed: 2"": NaN, ""Unnamed: 3"": ""\u00a3\u2019m"", ""Unnamed: 4"": ""\u00a3\u2019m \n\u00a3\u2019m\n\u00a3\u2019m\n(p)"", ""Unnamed: 5"": ""(p)""}, {""Page: 195"": NaN, ""Unnamed: 1"": ""Declared during the financial period:"", ""Unnamed: 2"": NaN, ""Unnamed: 3"": NaN, ""Unnamed: 4"": NaN, ""Unnamed: 5"": NaN}, {""Page: 195"": NaN, ""Unnamed: 1"": ""Final \u2013 period ended 2 April 2023"", ""Unnamed: 2"": NaN, ""Unnamed: 3"": ""4.7"", ""Unnamed: 4"": ""\u2013\n\u2013\n1.4\n2.6p"", ""Unnamed: 5"": ""\u2013""}, {""Page: 195"": NaN, ""Unnamed: 1"": ""Interim \u2013 period ended 31 March 2024"", ""Unnamed: 2"": NaN, ""Unnamed: 3"": ""2.5"", ""Unnamed: 4"": ""\u2013\n\u2013\n0.6\n1.4p"", ""Unnamed: 5"": ""\u2013""}, {""Page: 195"": NaN, ""Unnamed: 1"": ""Final \u2013 period ended 3 April 2022"", ""Unnamed: 2"": NaN, ""Unnamed: 3"": ""\u2013"", ""Unnamed: 4"": ""3.8\n1.2\n\u2013\n\u2013"", ""Unnamed: 5"": ""2.4p""}, {""Page: 195"": NaN, ""Unnamed: 1"": ""Interim \u2013 period ended 2 April 2023"", ""Unnamed: 2"": NaN, ""Unnamed: 3"": ""\u2013"", ""Unnamed: 4"": ""2.1\n\u2013\n\u2013\n\u2013"", ""Unnamed: 5"": ""1.3p""}, {""Page: 195"": NaN, ""Unnamed: 1"": NaN, ""Unnamed: 2"": NaN, ""Unnamed: 3"": ""7.2"", ""Unnamed: 4"": ""5.9\n1.2\n2.0"", ""Unnamed: 5"": NaN}, {""Page: 195"": NaN, ""Unnamed: 1"": ""The proposed final dividend of 2.8p per ordinary share based on the number of issued ordinary shares at 31 March 2024 is"", ""Unnamed: 2"": NaN, ""Unnamed: 3"": NaN, ""Unnamed: 4"": NaN, ""Unnamed: 5"": NaN}, {""Page: 195"": NaN, ""Unnamed: 1"": ""subject to approval by shareholders at the Annual General Meeting and has not been included as a liability in these financial"", ""Unnamed: 2"": NaN, ""Unnamed: 3"": NaN, ""Unnamed: 4"": NaN, ""Unnamed: 5"": NaN}, {""Page: 195"": NaN, ""Unnamed: 1"": ""statements. Based on shares in issue at 31 March 2024, this would equate to a final dividend of \u00a35.1m."", ""Unnamed: 2"": NaN, ""Unnamed: 3"": NaN, ""Unnamed: 4"": NaN, ""Unnamed: 5"": NaN}, {""Page: 195"": NaN, ""Unnamed: 1"": ""The Group\u2019s consolidated reserves set out on page 137 do not reflect the profits available for distribution in the Group."", ""Unnamed: 2"": NaN, ""Unnamed: 3"": NaN, ""Unnamed: 4"": NaN, ""Unnamed: 5"": NaN}, {""Page: 195"": NaN, ""Unnamed: 1"": ""15. Other matters"", ""Unnamed: 2"": NaN, ""Unnamed: 3"": NaN, ""Unnamed: 4"": NaN, ""Unnamed: 5"": NaN}, {""Page: 195"": NaN, ""Unnamed: 1"": NaN, ""Unnamed: 2"": ""The auditors\u2019 remuneration for the current period in respect of audit services was \u00a30.6m (2023: \u00a30.5m) and \u00a3nil for non-audit"", ""Unnamed: 3"": NaN, ""Unnamed: 4"": NaN, ""Unnamed: 5"": NaN}, {""Page: 195"": NaN, ""Unnamed: 1"": ""services performed (2023: \u00a3nil)."", ""Unnamed: 2"": NaN, ""Unnamed: 3"": NaN, ""Unnamed: 4"": NaN, ""Unnamed: 5"": NaN}, {""Page: 195"": NaN, ""Unnamed: 1"": ""16. Related party transactions"", ""Unnamed: 2"": NaN, ""Unnamed: 3"": NaN, ""Unnamed: 4"": NaN, ""Unnamed: 5"": NaN}, {""Page: 195"": NaN, ""Unnamed: 1"": NaN, ""Unnamed: 2"": ""For full details of transactions and arrangements with key management personnel (Directors of the Company), see note 9 of"", ""Unnamed: 3"": NaN, ""Unnamed: 4"": NaN, ""Unnamed: 5"": NaN}, {""Page: 195"": NaN, ""Unnamed: 1"": ""the consolidated financial statements."", ""Unnamed: 2"": NaN, ""Unnamed: 3"": NaN, ""Unnamed: 4"": NaN, ""Unnamed: 5"": NaN}, {""Page: 195"": NaN, ""Unnamed: 1"": ""17. Related undertakings"", ""Unnamed: 2"": NaN, ""Unnamed: 3"": NaN, ""Unnamed: 4"": NaN, ""Unnamed: 5"": NaN}, {""Page: 195"": NaN, ""Unnamed: 1"": NaN, ""Unnamed: 2"": ""Volex Powercords Europe, Volex Europe Cable Assemblies and Volex plc Italian branch are trading divisions of Volex plc."", ""Unnamed: 3"": NaN, ""Unnamed: 4"": NaN, ""Unnamed: 5"": NaN}, {""Page: 195"": NaN, ""Unnamed: 1"": NaN, ""Unnamed: 2"": ""In accordance with Section 409 of the Companies Act 2006, the subsidiaries owned at 31 March 2024 are disclosed below."", ""Unnamed: 3"": NaN, ""Unnamed: 4"": NaN, ""Unnamed: 5"": NaN}, {""Page: 195"": NaN, ""Unnamed: 1"": NaN, ""Unnamed: 2"": ""Unless otherwise stated the following subsidiary entities are either wholly, or partly, owned directly by the plc and/or"", ""Unnamed: 3"": NaN, ""Unnamed: 4"": NaN, ""Unnamed: 5"": NaN}, {""Page: 195"": NaN, ""Unnamed: 1"": NaN, ""Unnamed: 2"": ""through other Group companies. For the two associates, ownership is shared between a local Volex subsidiary and the"", ""Unnamed: 3"": NaN, ""Unnamed: 4"": NaN, ""Unnamed: 5"": NaN}, {""Page: 195"": NaN, ""Unnamed: 1"": ""relevant partner."", ""Unnamed: 2"": NaN, ""Unnamed: 3"": NaN, ""Unnamed: 4"": NaN, ""Unnamed: 5"": NaN}, {""Page: 195"": NaN, ""Unnamed: 1"": NaN, ""Unnamed: 2"": NaN, ""Unnamed: 3"": ""Country of"", ""Unnamed: 4"": NaN, ""Unnamed: 5"": ""Percentage""}, {""Page: 195"": NaN, ""Unnamed: 1"": ""Name of entity"", ""Unnamed: 2"": ""Footnote"", ""Unnamed: 3"": ""incorporation"", ""Unnamed: 4"": ""Address"", ""Unnamed: 5"": ""owned by plc""}, {""Page: 195"": NaN, ""Unnamed: 1"": ""Directly held"", ""Unnamed: 2"": NaN, ""Unnamed: 3"": NaN, ""Unnamed: 4"": NaN, ""Unnamed: 5"": NaN}, {""Page: 195"": NaN, ""Unnamed: 1"": ""Volex Pte Ltd"", ""Unnamed: 2"": ""2"", ""Unnamed: 3"": ""Singapore"", ""Unnamed: 4"": ""37A Tampines Street 92, #08\u201301, Singapore"", ""Unnamed: 5"": ""100%""}, {""Page: 195"": NaN, ""Unnamed: 1"": NaN, ""Unnamed: 2"": NaN, ""Unnamed: 3"": NaN, ""Unnamed: 4"": ""528886"", ""Unnamed: 5"": NaN}, {""Page: 195"": NaN, ""Unnamed: 1"": ""Volex Holdings Inc"", ""Unnamed: 2"": ""2"", ""Unnamed: 3"": ""USA"", ""Unnamed: 4"": ""511 E San Ysidro Blvd # 509, San Ysidro CA 92173,"", ""Unnamed: 5"": ""100%""}, {""Page: 195"": NaN, ""Unnamed: 1"": NaN, ""Unnamed: 2"": NaN, ""Unnamed: 3"": NaN, ""Unnamed: 4"": ""USA"", ""Unnamed: 5"": NaN}, {""Page: 195"": NaN, ""Unnamed: 1"": ""Terminal & Cable TC Inc"", ""Unnamed: 2"": ""1"", ""Unnamed: 3"": ""Canada"", ""Unnamed: 4"": ""300 \u2013 50 O\u2019Connor Street, Ottawa ON K1P 6L2,"", ""Unnamed: 5"": ""100%""}, {""Page: 195"": NaN, ""Unnamed: 1"": NaN, ""Unnamed: 2"": NaN, ""Unnamed: 3"": NaN, ""Unnamed: 4"": ""Canada"", ""Unnamed: 5"": NaN}, {""Page: 195"": NaN, ""Unnamed: 1"": ""Volex Group Holdings Ltd"", ""Unnamed: 2"": ""2"", ""Unnamed: 3"": ""UK"", ""Unnamed: 4"": ""Unit C1 Antura, Bond Close, Basingstoke,"", ""Unnamed: 5"": ""100%""}, {""Page: 195"": NaN, ""Unnamed: 1"": NaN, ""Unnamed: 2"": NaN, ""Unnamed: 3"": NaN, ""Unnamed: 4"": ""Hampshire, RG24 8PZ, England"", ""Unnamed: 5"": NaN}, {""Page: 195"": NaN, ""Unnamed: 1"": ""GTK (Holdco) Ltd"", ""Unnamed: 2"": ""2"", ""Unnamed: 3"": ""UK"", ""Unnamed: 4"": ""Unit C1 Antura, Bond Close, Basingstoke,"", ""Unnamed: 5"": ""100%""}, {""Page: 195"": NaN, ""Unnamed: 1"": NaN, ""Unnamed: 2"": NaN, ""Unnamed: 3"": NaN, ""Unnamed: 4"": ""Hampshire, RG24 8PZ, England"", ""Unnamed: 5"": NaN}, {""Page: 195"": NaN, ""Unnamed: 1"": ""Volex Poland Sp z.o.o."", ""Unnamed: 2"": ""1"", ""Unnamed: 3"": ""Poland"", ""Unnamed: 4"": ""Przemyslowa 8, 85\u2013758, Bydgoszcz, Kuyavian\u2013"", ""Unnamed: 5"": ""99%""}, {""Page: 195"": NaN, ""Unnamed: 1"": NaN, ""Unnamed: 2"": NaN, ""Unnamed: 3"": NaN, ""Unnamed: 4"": ""Pomeranian Voivodeship, Poland"", ""Unnamed: 5"": NaN}, {""Page: 195"": NaN, ""Unnamed: 1"": ""Volex Germany GmbH"", ""Unnamed: 2"": ""3"", ""Unnamed: 3"": ""Germany"", ""Unnamed: 4"": ""Zu den M\u00fchlen 19, 35390 Gie\u00dfen, Germany"", ""Unnamed: 5"": ""100%""}, {""Page: 195"": NaN, ""Unnamed: 1"": ""Volex Sweden AB"", ""Unnamed: 2"": ""3"", ""Unnamed: 3"": ""Sweden"", ""Unnamed: 4"": ""C/O Servando Bolag AB, Johan Fredrik Stahl,"", ""Unnamed: 5"": ""100%""}, {""Page: 195"": NaN, ""Unnamed: 1"": NaN, ""Unnamed: 2"": NaN, ""Unnamed: 3"": NaN, ""Unnamed: 4"": ""Box 5814, 102 48 Stockholm, Sweden"", ""Unnamed: 5"": NaN}, {""Page: 195"": NaN, ""Unnamed: 1"": ""Volex International Korea LLC"", ""Unnamed: 2"": ""3"", ""Unnamed: 3"": ""South Korea"", ""Unnamed: 4"": ""6th Floor, 100 Toegye-ro, Hoehyun-dong 2-ga,"", ""Unnamed: 5"": ""100%""}, {""Page: 195"": NaN, ""Unnamed: 1"": NaN, ""Unnamed: 2"": NaN, ""Unnamed: 3"": NaN, ""Unnamed: 4"": ""State Tower Namsan, Jung-gu, Seoul, South"", ""Unnamed: 5"": NaN}, {""Page: 195"": NaN, ""Unnamed: 1"": NaN, ""Unnamed: 2"": NaN, ""Unnamed: 3"": NaN, ""Unnamed: 4"": ""Korea"", ""Unnamed: 5"": NaN}, {""Page: 195"": NaN, ""Unnamed: 1"": ""Volex do Brasil Ltda"", ""Unnamed: 2"": ""3"", ""Unnamed: 3"": ""Brazil"", ""Unnamed: 4"": ""Rod. Geraldo Scavone 2.080, Unidade 13 A 16,"", ""Unnamed: 5"": ""99%""}, {""Page: 195"": NaN, ""Unnamed: 1"": NaN, ""Unnamed: 2"": NaN, ""Unnamed: 3"": NaN, ""Unnamed: 4"": ""Jacarei, 12305\u2013490, Brazil"", ""Unnamed: 5"": NaN}, {""Page: 195"": NaN, ""Unnamed: 1"": ""Volex (No.4) Ltd"", ""Unnamed: 2"": ""3"", ""Unnamed: 3"": ""UK"", ""Unnamed: 4"": ""Unit C1 Antura, Bond Close, Basingstoke,"", ""Unnamed: 5"": ""99%""}, {""Page: 195"": NaN, ""Unnamed: 1"": NaN, ""Unnamed: 2"": NaN, ""Unnamed: 3"": NaN, ""Unnamed: 4"": ""Hampshire, RG24 8PZ, England"", ""Unnamed: 5"": NaN}]","[0.2488, 0.2488, 0.3005]"
Balance Sheet Template,Other Debtors,What is Loans under Non-Current Assets in Consolidated and Company Statements of Financial Position for year 2023 and 2024?,"[{""Page: 138"": ""Table Index: 15"", ""Unnamed: 1"": NaN, ""Unnamed: 2"": NaN, ""Unnamed: 3"": NaN, ""Unnamed: 4"": NaN}, {""Page: 138"": ""Table Header: , , 2024, 2023"", ""Unnamed: 1"": NaN, ""Unnamed: 2"": NaN, ""Unnamed: 3"": NaN, ""Unnamed: 4"": NaN}, {""Page: 138"": ""Page Header: Consolidated Statement of Financial Position | As at 31 March 2024 (2 April 2023) | 2024 2023"", ""Unnamed: 1"": NaN, ""Unnamed: 2"": NaN, ""Unnamed: 3"": NaN, ""Unnamed: 4"": NaN}, {""Page: 138"": ""Notes Mentioned: None"", ""Unnamed: 1"": NaN, ""Unnamed: 2"": NaN, ""Unnamed: 3"": NaN, ""Unnamed: 4"": NaN}, {""Page: 138"": NaN, ""Unnamed: 1"": NaN, ""Unnamed: 2"": NaN, ""Unnamed: 3"": ""2024"", ""Unnamed: 4"": ""2023""}, {""Page: 138"": NaN, ""Unnamed: 1"": NaN, ""Unnamed: 2"": ""Notes"", ""Unnamed: 3"": ""$\u2019m"", ""Unnamed: 4"": ""$\u2019m""}, {""Page: 138"": NaN, ""Unnamed: 1"": ""Non-current assets"", ""Unnamed: 2"": NaN, ""Unnamed: 3"": NaN, ""Unnamed: 4"": NaN}, {""Page: 138"": NaN, ""Unnamed: 1"": ""Goodwill"", ""Unnamed: 2"": ""12"", ""Unnamed: 3"": ""121.4"", ""Unnamed: 4"": ""82.3""}, {""Page: 138"": NaN, ""Unnamed: 1"": ""Other intangible assets"", ""Unnamed: 2"": ""13"", ""Unnamed: 3"": ""131.7"", ""Unnamed: 4"": ""41.8""}, {""Page: 138"": NaN, ""Unnamed: 1"": ""Property, plant and equipment"", ""Unnamed: 2"": ""14"", ""Unnamed: 3"": ""91.8"", ""Unnamed: 4"": ""50.1""}, {""Page: 138"": NaN, ""Unnamed: 1"": ""Right-of-use assets"", ""Unnamed: 2"": ""15"", ""Unnamed: 3"": ""38.4"", ""Unnamed: 4"": ""34.5""}, {""Page: 138"": NaN, ""Unnamed: 1"": ""Interests in associates"", ""Unnamed: 2"": ""16"", ""Unnamed: 3"": ""8.1"", ""Unnamed: 4"": ""2.6""}, {""Page: 138"": NaN, ""Unnamed: 1"": ""Other receivables"", ""Unnamed: 2"": ""18"", ""Unnamed: 3"": ""2.0"", ""Unnamed: 4"": ""1.8""}, {""Page: 138"": NaN, ""Unnamed: 1"": ""Derivative financial instruments"", ""Unnamed: 2"": ""31"", ""Unnamed: 3"": ""1.5"", ""Unnamed: 4"": ""0.9""}, {""Page: 138"": NaN, ""Unnamed: 1"": ""Retirement benefit asset"", ""Unnamed: 2"": ""30"", ""Unnamed: 3"": ""0.4"", ""Unnamed: 4"": ""\u2013""}, {""Page: 138"": NaN, ""Unnamed: 1"": ""Deferred tax assets"", ""Unnamed: 2"": ""21"", ""Unnamed: 3"": ""25.9"", ""Unnamed: 4"": ""24.6""}, {""Page: 138"": NaN, ""Unnamed: 1"": NaN, ""Unnamed: 2"": NaN, ""Unnamed: 3"": ""421.2"", ""Unnamed: 4"": ""238.6""}, {""Page: 138"": NaN, ""Unnamed: 1"": ""Current assets"", ""Unnamed: 2"": NaN, ""Unnamed: 3"": NaN, ""Unnamed: 4"": NaN}, {""Page: 138"": NaN, ""Unnamed: 1"": ""Inventories"", ""Unnamed: 2"": ""17"", ""Unnamed: 3"": ""174.3"", ""Unnamed: 4"": ""120.5""}, {""Page: 138"": NaN, ""Unnamed: 1"": ""Trade receivables"", ""Unnamed: 2"": ""18"", ""Unnamed: 3"": ""187.6"", ""Unnamed: 4"": ""136.2""}, {""Page: 138"": NaN, ""Unnamed: 1"": ""Other receivables"", ""Unnamed: 2"": ""18"", ""Unnamed: 3"": ""23.4"", ""Unnamed: 4"": ""15.7""}, {""Page: 138"": NaN, ""Unnamed: 1"": ""Current tax assets"", ""Unnamed: 2"": NaN, ""Unnamed: 3"": ""1.8"", ""Unnamed: 4"": ""0.8""}, {""Page: 138"": NaN, ""Unnamed: 1"": ""Derivative financial instruments"", ""Unnamed: 2"": ""31"", ""Unnamed: 3"": ""1.0"", ""Unnamed: 4"": ""0.9""}, {""Page: 138"": NaN, ""Unnamed: 1"": ""Cash and bank balances"", ""Unnamed: 2"": ""28"", ""Unnamed: 3"": ""29.8"", ""Unnamed: 4"": ""22.5""}, {""Page: 138"": NaN, ""Unnamed: 1"": NaN, ""Unnamed: 2"": NaN, ""Unnamed: 3"": ""417.9"", ""Unnamed: 4"": ""296.6""}, {""Page: 138"": NaN, ""Unnamed: 1"": ""Total assets"", ""Unnamed: 2"": NaN, ""Unnamed: 3"": ""839.1"", ""Unnamed: 4"": ""535.2""}, {""Page: 138"": NaN, ""Unnamed: 1"": ""Current liabilities"", ""Unnamed: 2"": NaN, ""Unnamed: 3"": NaN, ""Unnamed: 4"": NaN}, {""Page: 138"": NaN, ""Unnamed: 1"": ""Borrowings"", ""Unnamed: 2"": ""19"", ""Unnamed: 3"": ""3.3"", ""Unnamed: 4"": ""1.8""}, {""Page: 138"": NaN, ""Unnamed: 1"": ""Lease liabilities"", ""Unnamed: 2"": ""19"", ""Unnamed: 3"": ""21.3"", ""Unnamed: 4"": ""15.6""}, {""Page: 138"": NaN, ""Unnamed: 1"": ""Trade payables"", ""Unnamed: 2"": ""20"", ""Unnamed: 3"": ""133.1"", ""Unnamed: 4"": ""84.4""}, {""Page: 138"": NaN, ""Unnamed: 1"": ""Other payables"", ""Unnamed: 2"": ""20"", ""Unnamed: 3"": ""101.4"", ""Unnamed: 4"": ""65.2""}, {""Page: 138"": NaN, ""Unnamed: 1"": ""Current tax liabilities"", ""Unnamed: 2"": NaN, ""Unnamed: 3"": ""18.3"", ""Unnamed: 4"": ""14.5""}, {""Page: 138"": NaN, ""Unnamed: 1"": ""Retirement benefit obligations"", ""Unnamed: 2"": ""30"", ""Unnamed: 3"": ""\u2013"", ""Unnamed: 4"": ""0.3""}, {""Page: 138"": NaN, ""Unnamed: 1"": ""Provisions"", ""Unnamed: 2"": ""22"", ""Unnamed: 3"": ""2.9"", ""Unnamed: 4"": ""0.9""}, {""Page: 138"": NaN, ""Unnamed: 1"": ""Derivative financial instruments"", ""Unnamed: 2"": ""31"", ""Unnamed: 3"": ""0.4"", ""Unnamed: 4"": ""\u2013""}, {""Page: 138"": NaN, ""Unnamed: 1"": NaN, ""Unnamed: 2"": NaN, ""Unnamed: 3"": ""280.7"", ""Unnamed: 4"": ""182.7""}, {""Page: 138"": NaN, ""Unnamed: 1"": ""Net current assets"", ""Unnamed: 2"": NaN, ""Unnamed: 3"": ""137.2"", ""Unnamed: 4"": ""113.9""}, {""Page: 138"": NaN, ""Unnamed: 1"": ""Non-current liabilities"", ""Unnamed: 2"": NaN, ""Unnamed: 3"": NaN, ""Unnamed: 4"": NaN}, {""Page: 138"": NaN, ""Unnamed: 1"": ""Borrowings"", ""Unnamed: 2"": ""19"", ""Unnamed: 3"": ""143.1"", ""Unnamed: 4"": ""89.6""}, {""Page: 138"": NaN, ""Unnamed: 1"": ""Lease liabilities"", ""Unnamed: 2"": ""19"", ""Unnamed: 3"": ""16.1"", ""Unnamed: 4"": ""19.2""}, {""Page: 138"": NaN, ""Unnamed: 1"": ""Other payables"", ""Unnamed: 2"": ""20"", ""Unnamed: 3"": ""26.9"", ""Unnamed: 4"": ""1.4""}, {""Page: 138"": NaN, ""Unnamed: 1"": ""Deferred tax liabilities"", ""Unnamed: 2"": ""21"", ""Unnamed: 3"": ""28.2"", ""Unnamed: 4"": ""6.9""}, {""Page: 138"": NaN, ""Unnamed: 1"": ""Retirement benefit obligations"", ""Unnamed: 2"": ""30"", ""Unnamed: 3"": ""7.5"", ""Unnamed: 4"": ""2.3""}, {""Page: 138"": NaN, ""Unnamed: 1"": ""Provisions"", ""Unnamed: 2"": ""22"", ""Unnamed: 3"": ""1.0"", ""Unnamed: 4"": ""0.4""}, {""Page: 138"": NaN, ""Unnamed: 1"": NaN, ""Unnamed: 2"": NaN, ""Unnamed: 3"": ""222.8"", ""Unnamed: 4"": ""119.8""}, {""Page: 138"": NaN, ""Unnamed: 1"": ""Total liabilities"", ""Unnamed: 2"": NaN, ""Unnamed: 3"": ""503.5"", ""Unnamed: 4"": ""302.5""}, {""Page: 138"": NaN, ""Unnamed: 1"": ""Net assets"", ""Unnamed: 2"": NaN, ""Unnamed: 3"": ""335.6"", ""Unnamed: 4"": ""232.7""}, {""Page: 138"": NaN, ""Unnamed: 1"": ""Equity"", ""Unnamed: 2"": NaN, ""Unnamed: 3"": NaN, ""Unnamed: 4"": NaN}, {""Page: 138"": NaN, ""Unnamed: 1"": ""Share capital"", ""Unnamed: 2"": ""23"", ""Unnamed: 3"": ""69.6"", ""Unnamed: 4"": ""62.7""}, {""Page: 138"": NaN, ""Unnamed: 1"": ""Share premium account"", ""Unnamed: 2"": ""23"", ""Unnamed: 3"": ""62.0"", ""Unnamed: 4"": ""60.7""}, {""Page: 138"": NaN, ""Unnamed: 1"": ""Non-distributable reserve"", ""Unnamed: 2"": ""24"", ""Unnamed: 3"": ""2.5"", ""Unnamed: 4"": ""2.5""}, {""Page: 138"": NaN, ""Unnamed: 1"": ""Hedging and translation reserve"", ""Unnamed: 2"": NaN, ""Unnamed: 3"": ""(13.9)"", ""Unnamed: 4"": ""(14.6)""}, {""Page: 138"": NaN, ""Unnamed: 1"": ""Own shares"", ""Unnamed: 2"": ""24"", ""Unnamed: 3"": ""(4.3)"", ""Unnamed: 4"": ""(1.0)""}, {""Page: 138"": NaN, ""Unnamed: 1"": ""Retained earnings"", ""Unnamed: 2"": NaN, ""Unnamed: 3"": ""211.3"", ""Unnamed: 4"": ""115.0""}, {""Page: 138"": NaN, ""Unnamed: 1"": ""Total attributable to owners of the parent"", ""Unnamed: 2"": NaN, ""Unnamed: 3"": ""327.2"", ""Unnamed: 4"": ""225.3""}, {""Page: 138"": NaN, ""Unnamed: 1"": ""Non-controlling interests"", ""Unnamed: 2"": ""25"", ""Unnamed: 3"": ""8.4"", ""Unnamed: 4"": ""7.4""}, {""Page: 138"": NaN, ""Unnamed: 1"": ""Total equity"", ""Unnamed: 2"": NaN, ""Unnamed: 3"": ""335.6"", ""Unnamed: 4"": ""232.7""}, {""Page: 138"": NaN, ""Unnamed: 1"": NaN, ""Unnamed: 2"": ""The notes on pages 139 to 181 are an integral part of these financial statements. The consolidated financial statements of"", ""Unnamed: 3"": NaN, ""Unnamed: 4"": NaN}]
---
[{""Page: 138"": ""Table Index: 15"", ""Unnamed: 1"": NaN, ""Unnamed: 2"": NaN, ""Unnamed: 3"": NaN, ""Unnamed: 4"": NaN}, {""Page: 138"": ""Table Header: , , 2024, 2023"", ""Unnamed: 1"": NaN, ""Unnamed: 2"": NaN, ""Unnamed: 3"": NaN, ""Unnamed: 4"": NaN}, {""Page: 138"": ""Page Header: Consolidated Statement of Financial Position | As at 31 March 2024 (2 April 2023) | 2024 2023"", ""Unnamed: 1"": NaN, ""Unnamed: 2"": NaN, ""Unnamed: 3"": NaN, ""Unnamed: 4"": NaN}, {""Page: 138"": ""Notes Mentioned: None"", ""Unnamed: 1"": NaN, ""Unnamed: 2"": NaN, ""Unnamed: 3"": NaN, ""Unnamed: 4"": NaN}, {""Page: 138"": NaN, ""Unnamed: 1"": NaN, ""Unnamed: 2"": NaN, ""Unnamed: 3"": ""2024"", ""Unnamed: 4"": ""2023""}, {""Page: 138"": NaN, ""Unnamed: 1"": NaN, ""Unnamed: 2"": ""Notes"", ""Unnamed: 3"": ""$\u2019m"", ""Unnamed: 4"": ""$\u2019m""}, {""Page: 138"": NaN, ""Unnamed: 1"": ""Non-current assets"", ""Unnamed: 2"": NaN, ""Unnamed: 3"": NaN, ""Unnamed: 4"": NaN}, {""Page: 138"": NaN, ""Unnamed: 1"": ""Goodwill"", ""Unnamed: 2"": ""12"", ""Unnamed: 3"": ""121.4"", ""Unnamed: 4"": ""82.3""}, {""Page: 138"": NaN, ""Unnamed: 1"": ""Other intangible assets"", ""Unnamed: 2"": ""13"", ""Unnamed: 3"": ""131.7"", ""Unnamed: 4"": ""41.8""}, {""Page: 138"": NaN, ""Unnamed: 1"": ""Property, plant and equipment"", ""Unnamed: 2"": ""14"", ""Unnamed: 3"": ""91.8"", ""Unnamed: 4"": ""50.1""}, {""Page: 138"": NaN, ""Unnamed: 1"": ""Right-of-use assets"", ""Unnamed: 2"": ""15"", ""Unnamed: 3"": ""38.4"", ""Unnamed: 4"": ""34.5""}, {""Page: 138"": NaN, ""Unnamed: 1"": ""Interests in associates"", ""Unnamed: 2"": ""16"", ""Unnamed: 3"": ""8.1"", ""Unnamed: 4"": ""2.6""}, {""Page: 138"": NaN, ""Unnamed: 1"": ""Other receivables"", ""Unnamed: 2"": ""18"", ""Unnamed: 3"": ""2.0"", ""Unnamed: 4"": ""1.8""}, {""Page: 138"": NaN, ""Unnamed: 1"": ""Derivative financial instruments"", ""Unnamed: 2"": ""31"", ""Unnamed: 3"": ""1.5"", ""Unnamed: 4"": ""0.9""}, {""Page: 138"": NaN, ""Unnamed: 1"": ""Retirement benefit asset"", ""Unnamed: 2"": ""30"", ""Unnamed: 3"": ""0.4"", ""Unnamed: 4"": ""\u2013""}, {""Page: 138"": NaN, ""Unnamed: 1"": ""Deferred tax assets"", ""Unnamed: 2"": ""21"", ""Unnamed: 3"": ""25.9"", ""Unnamed: 4"": ""24.6""}, {""Page: 138"": NaN, ""Unnamed: 1"": NaN, ""Unnamed: 2"": NaN, ""Unnamed: 3"": ""421.2"", ""Unnamed: 4"": ""238.6""}, {""Page: 138"": NaN, ""Unnamed: 1"": ""Current assets"", ""Unnamed: 2"": NaN, ""Unnamed: 3"": NaN, ""Unnamed: 4"": NaN}, {""Page: 138"": NaN, ""Unnamed: 1"": ""Inventories"", ""Unnamed: 2"": ""17"", ""Unnamed: 3"": ""174.3"", ""Unnamed: 4"": ""120.5""}, {""Page: 138"": NaN, ""Unnamed: 1"": ""Trade receivables"", ""Unnamed: 2"": ""18"", ""Unnamed: 3"": ""187.6"", ""Unnamed: 4"": ""136.2""}, {""Page: 138"": NaN, ""Unnamed: 1"": ""Other receivables"", ""Unnamed: 2"": ""18"", ""Unnamed: 3"": ""23.4"", ""Unnamed: 4"": ""15.7""}, {""Page: 138"": NaN, ""Unnamed: 1"": ""Current tax assets"", ""Unnamed: 2"": NaN, ""Unnamed: 3"": ""1.8"", ""Unnamed: 4"": ""0.8""}, {""Page: 138"": NaN, ""Unnamed: 1"": ""Derivative financial instruments"", ""Unnamed: 2"": ""31"", ""Unnamed: 3"": ""1.0"", ""Unnamed: 4"": ""0.9""}, {""Page: 138"": NaN, ""Unnamed: 1"": ""Cash and bank balances"", ""Unnamed: 2"": ""28"", ""Unnamed: 3"": ""29.8"", ""Unnamed: 4"": ""22.5""}, {""Page: 138"": NaN, ""Unnamed: 1"": NaN, ""Unnamed: 2"": NaN, ""Unnamed: 3"": ""417.9"", ""Unnamed: 4"": ""296.6""}, {""Page: 138"": NaN, ""Unnamed: 1"": ""Total assets"", ""Unnamed: 2"": NaN, ""Unnamed: 3"": ""839.1"", ""Unnamed: 4"": ""535.2""}, {""Page: 138"": NaN, ""Unnamed: 1"": ""Current liabilities"", ""Unnamed: 2"": NaN, ""Unnamed: 3"": NaN, ""Unnamed: 4"": NaN}, {""Page: 138"": NaN, ""Unnamed: 1"": ""Borrowings"", ""Unnamed: 2"": ""19"", ""Unnamed: 3"": ""3.3"", ""Unnamed: 4"": ""1.8""}, {""Page: 138"": NaN, ""Unnamed: 1"": ""Lease liabilities"", ""Unnamed: 2"": ""19"", ""Unnamed: 3"": ""21.3"", ""Unnamed: 4"": ""15.6""}, {""Page: 138"": NaN, ""Unnamed: 1"": ""Trade payables"", ""Unnamed: 2"": ""20"", ""Unnamed: 3"": ""133.1"", ""Unnamed: 4"": ""84.4""}, {""Page: 138"": NaN, ""Unnamed: 1"": ""Other payables"", ""Unnamed: 2"": ""20"", ""Unnamed: 3"": ""101.4"", ""Unnamed: 4"": ""65.2""}, {""Page: 138"": NaN, ""Unnamed: 1"": ""Current tax liabilities"", ""Unnamed: 2"": NaN, ""Unnamed: 3"": ""18.3"", ""Unnamed: 4"": ""14.5""}, {""Page: 138"": NaN, ""Unnamed: 1"": ""Retirement benefit obligations"", ""Unnamed: 2"": ""30"", ""Unnamed: 3"": ""\u2013"", ""Unnamed: 4"": ""0.3""}, {""Page: 138"": NaN, ""Unnamed: 1"": ""Provisions"", ""Unnamed: 2"": ""22"", ""Unnamed: 3"": ""2.9"", ""Unnamed: 4"": ""0.9""}, {""Page: 138"": NaN, ""Unnamed: 1"": ""Derivative financial instruments"", ""Unnamed: 2"": ""31"", ""Unnamed: 3"": ""0.4"", ""Unnamed: 4"": ""\u2013""}, {""Page: 138"": NaN, ""Unnamed: 1"": NaN, ""Unnamed: 2"": NaN, ""Unnamed: 3"": ""280.7"", ""Unnamed: 4"": ""182.7""}, {""Page: 138"": NaN, ""Unnamed: 1"": ""Net current assets"", ""Unnamed: 2"": NaN, ""Unnamed: 3"": ""137.2"", ""Unnamed: 4"": ""113.9""}, {""Page: 138"": NaN, ""Unnamed: 1"": ""Non-current liabilities"", ""Unnamed: 2"": NaN, ""Unnamed: 3"": NaN, ""Unnamed: 4"": NaN}, {""Page: 138"": NaN, ""Unnamed: 1"": ""Borrowings"", ""Unnamed: 2"": ""19"", ""Unnamed: 3"": ""143.1"", ""Unnamed: 4"": ""89.6""}, {""Page: 138"": NaN, ""Unnamed: 1"": ""Lease liabilities"", ""Unnamed: 2"": ""19"", ""Unnamed: 3"": ""16.1"", ""Unnamed: 4"": ""19.2""}, {""Page: 138"": NaN, ""Unnamed: 1"": ""Other payables"", ""Unnamed: 2"": ""20"", ""Unnamed: 3"": ""26.9"", ""Unnamed: 4"": ""1.4""}, {""Page: 138"": NaN, ""Unnamed: 1"": ""Deferred tax liabilities"", ""Unnamed: 2"": ""21"", ""Unnamed: 3"": ""28.2"", ""Unnamed: 4"": ""6.9""}, {""Page: 138"": NaN, ""Unnamed: 1"": ""Retirement benefit obligations"", ""Unnamed: 2"": ""30"", ""Unnamed: 3"": ""7.5"", ""Unnamed: 4"": ""2.3""}, {""Page: 138"": NaN, ""Unnamed: 1"": ""Provisions"", ""Unnamed: 2"": ""22"", ""Unnamed: 3"": ""1.0"", ""Unnamed: 4"": ""0.4""}, {""Page: 138"": NaN, ""Unnamed: 1"": NaN, ""Unnamed: 2"": NaN, ""Unnamed: 3"": ""222.8"", ""Unnamed: 4"": ""119.8""}, {""Page: 138"": NaN, ""Unnamed: 1"": ""Total liabilities"", ""Unnamed: 2"": NaN, ""Unnamed: 3"": ""503.5"", ""Unnamed: 4"": ""302.5""}, {""Page: 138"": NaN, ""Unnamed: 1"": ""Net assets"", ""Unnamed: 2"": NaN, ""Unnamed: 3"": ""335.6"", ""Unnamed: 4"": ""232.7""}, {""Page: 138"": NaN, ""Unnamed: 1"": ""Equity"", ""Unnamed: 2"": NaN, ""Unnamed: 3"": NaN, ""Unnamed: 4"": NaN}, {""Page: 138"": NaN, ""Unnamed: 1"": ""Share capital"", ""Unnamed: 2"": ""23"", ""Unnamed: 3"": ""69.6"", ""Unnamed: 4"": ""62.7""}, {""Page: 138"": NaN, ""Unnamed: 1"": ""Share premium account"", ""Unnamed: 2"": ""23"", ""Unnamed: 3"": ""62.0"", ""Unnamed: 4"": ""60.7""}, {""Page: 138"": NaN, ""Unnamed: 1"": ""Non-distributable reserve"", ""Unnamed: 2"": ""24"", ""Unnamed: 3"": ""2.5"", ""Unnamed: 4"": ""2.5""}, {""Page: 138"": NaN, ""Unnamed: 1"": ""Hedging and translation reserve"", ""Unnamed: 2"": NaN, ""Unnamed: 3"": ""(13.9)"", ""Unnamed: 4"": ""(14.6)""}, {""Page: 138"": NaN, ""Unnamed: 1"": ""Own shares"", ""Unnamed: 2"": ""24"", ""Unnamed: 3"": ""(4.3)"", ""Unnamed: 4"": ""(1.0)""}, {""Page: 138"": NaN, ""Unnamed: 1"": ""Retained earnings"", ""Unnamed: 2"": NaN, ""Unnamed: 3"": ""211.3"", ""Unnamed: 4"": ""115.0""}, {""Page: 138"": NaN, ""Unnamed: 1"": ""Total attributable to owners of the parent"", ""Unnamed: 2"": NaN, ""Unnamed: 3"": ""327.2"", ""Unnamed: 4"": ""225.3""}, {""Page: 138"": NaN, ""Unnamed: 1"": ""Non-controlling interests"", ""Unnamed: 2"": ""25"", ""Unnamed: 3"": ""8.4"", ""Unnamed: 4"": ""7.4""}, {""Page: 138"": NaN, ""Unnamed: 1"": ""Total equity"", ""Unnamed: 2"": NaN, ""Unnamed: 3"": ""335.6"", ""Unnamed: 4"": ""232.7""}, {""Page: 138"": NaN, ""Unnamed: 1"": NaN, ""Unnamed: 2"": ""The notes on pages 139 to 181 are an integral part of these financial statements. The consolidated financial statements of"", ""Unnamed: 3"": NaN, ""Unnamed: 4"": NaN}]
---
[{""Page: 195"": ""Table Index: 84"", ""Unnamed: 1"": NaN, ""Unnamed: 2"": NaN, ""Unnamed: 3"": NaN, ""Unnamed: 4"": NaN, ""Unnamed: 5"": NaN}, {""Page: 195"": ""Table Header: 14. Equity dividend, , , , "", ""Unnamed: 1"": NaN, ""Unnamed: 2"": NaN, ""Unnamed: 3"": NaN, ""Unnamed: 4"": NaN, ""Unnamed: 5"": NaN}, {""Page: 195"": ""Page Header: 14. Equity dividend | Dividends paid and received are included in the Company financial statements in the period in which the related dividends | are actually paid or received, or, in respect of the Company\u2019s final dividend for the period, approved by shareholders."", ""Unnamed: 1"": NaN, ""Unnamed: 2"": NaN, ""Unnamed: 3"": NaN, ""Unnamed: 4"": NaN, ""Unnamed: 5"": NaN}, {""Page: 195"": ""Notes Mentioned: None"", ""Unnamed: 1"": NaN, ""Unnamed: 2"": NaN, ""Unnamed: 3"": NaN, ""Unnamed: 4"": NaN, ""Unnamed: 5"": NaN}, {""Page: 195"": NaN, ""Unnamed: 1"": ""14. Equity dividend"", ""Unnamed: 2"": NaN, ""Unnamed: 3"": NaN, ""Unnamed: 4"": NaN, ""Unnamed: 5"": NaN}, {""Page: 195"": NaN, ""Unnamed: 1"": NaN, ""Unnamed: 2"": ""Dividends paid and received are included in the Company financial statements in the period in which the related dividends"", ""Unnamed: 3"": NaN, ""Unnamed: 4"": NaN, ""Unnamed: 5"": NaN}, {""Page: 195"": NaN, ""Unnamed: 1"": NaN, ""Unnamed: 2"": ""are actually paid or received, or, in respect of the Company\u2019s final dividend for the period, approved by shareholders."", ""Unnamed: 3"": NaN, ""Unnamed: 4"": NaN, ""Unnamed: 5"": NaN}, {""Page: 195"": NaN, ""Unnamed: 1"": NaN, ""Unnamed: 2"": NaN, ""Unnamed: 3"": NaN, ""Unnamed: 4"": ""Settled \nSettled \nDividend"", ""Unnamed: 5"": ""Dividend""}, {""Page: 195"": NaN, ""Unnamed: 1"": NaN, ""Unnamed: 2"": NaN, ""Unnamed: 3"": ""2024"", ""Unnamed: 4"": ""2023\nvia \nvia \nper ordinary"", ""Unnamed: 5"": ""per ordinary""}, {""Page: 195"": NaN, ""Unnamed: 1"": NaN, ""Unnamed: 2"": NaN, ""Unnamed: 3"": ""Total"", ""Unnamed: 4"": ""Total\nscrip\nscrip\nshare"", ""Unnamed: 5"": ""share""}, {""Page: 195"": NaN, ""Unnamed: 1"": ""Dividends"", ""Unnamed: 2"": NaN, ""Unnamed: 3"": ""\u00a3\u2019m"", ""Unnamed: 4"": ""\u00a3\u2019m \n\u00a3\u2019m\n\u00a3\u2019m\n(p)"", ""Unnamed: 5"": ""(p)""}, {""Page: 195"": NaN, ""Unnamed: 1"": ""Declared during the financial period:"", ""Unnamed: 2"": NaN, ""Unnamed: 3"": NaN, ""Unnamed: 4"": NaN, ""Unnamed: 5"": NaN}, {""Page: 195"": NaN, ""Unnamed: 1"": ""Final \u2013 period ended 2 April 2023"", ""Unnamed: 2"": NaN, ""Unnamed: 3"": ""4.7"", ""Unnamed: 4"": ""\u2013\n\u2013\n1.4\n2.6p"", ""Unnamed: 5"": ""\u2013""}, {""Page: 195"": NaN, ""Unnamed: 1"": ""Interim \u2013 period ended 31 March 2024"", ""Unnamed: 2"": NaN, ""Unnamed: 3"": ""2.5"", ""Unnamed: 4"": ""\u2013\n\u2013\n0.6\n1.4p"", ""Unnamed: 5"": ""\u2013""}, {""Page: 195"": NaN, ""Unnamed: 1"": ""Final \u2013 period ended 3 April 2022"", ""Unnamed: 2"": NaN, ""Unnamed: 3"": ""\u2013"", ""Unnamed: 4"": ""3.8\n1.2\n\u2013\n\u2013"", ""Unnamed: 5"": ""2.4p""}, {""Page: 195"": NaN, ""Unnamed: 1"": ""Interim \u2013 period ended 2 April 2023"", ""Unnamed: 2"": NaN, ""Unnamed: 3"": ""\u2013"", ""Unnamed: 4"": ""2.1\n\u2013\n\u2013\n\u2013"", ""Unnamed: 5"": ""1.3p""}, {""Page: 195"": NaN, ""Unnamed: 1"": NaN, ""Unnamed: 2"": NaN, ""Unnamed: 3"": ""7.2"", ""Unnamed: 4"": ""5.9\n1.2\n2.0"", ""Unnamed: 5"": NaN}, {""Page: 195"": NaN, ""Unnamed: 1"": ""The proposed final dividend of 2.8p per ordinary share based on the number of issued ordinary shares at 31 March 2024 is"", ""Unnamed: 2"": NaN, ""Unnamed: 3"": NaN, ""Unnamed: 4"": NaN, ""Unnamed: 5"": NaN}, {""Page: 195"": NaN, ""Unnamed: 1"": ""subject to approval by shareholders at the Annual General Meeting and has not been included as a liability in these financial"", ""Unnamed: 2"": NaN, ""Unnamed: 3"": NaN, ""Unnamed: 4"": NaN, ""Unnamed: 5"": NaN}, {""Page: 195"": NaN, ""Unnamed: 1"": ""statements. Based on shares in issue at 31 March 2024, this would equate to a final dividend of \u00a35.1m."", ""Unnamed: 2"": NaN, ""Unnamed: 3"": NaN, ""Unnamed: 4"": NaN, ""Unnamed: 5"": NaN}, {""Page: 195"": NaN, ""Unnamed: 1"": ""The Group\u2019s consolidated reserves set out on page 137 do not reflect the profits available for distribution in the Group."", ""Unnamed: 2"": NaN, ""Unnamed: 3"": NaN, ""Unnamed: 4"": NaN, ""Unnamed: 5"": NaN}, {""Page: 195"": NaN, ""Unnamed: 1"": ""15. Other matters"", ""Unnamed: 2"": NaN, ""Unnamed: 3"": NaN, ""Unnamed: 4"": NaN, ""Unnamed: 5"": NaN}, {""Page: 195"": NaN, ""Unnamed: 1"": NaN, ""Unnamed: 2"": ""The auditors\u2019 remuneration for the current period in respect of audit services was \u00a30.6m (2023: \u00a30.5m) and \u00a3nil for non-audit"", ""Unnamed: 3"": NaN, ""Unnamed: 4"": NaN, ""Unnamed: 5"": NaN}, {""Page: 195"": NaN, ""Unnamed: 1"": ""services performed (2023: \u00a3nil)."", ""Unnamed: 2"": NaN, ""Unnamed: 3"": NaN, ""Unnamed: 4"": NaN, ""Unnamed: 5"": NaN}, {""Page: 195"": NaN, ""Unnamed: 1"": ""16. Related party transactions"", ""Unnamed: 2"": NaN, ""Unnamed: 3"": NaN, ""Unnamed: 4"": NaN, ""Unnamed: 5"": NaN}, {""Page: 195"": NaN, ""Unnamed: 1"": NaN, ""Unnamed: 2"": ""For full details of transactions and arrangements with key management personnel (Directors of the Company), see note 9 of"", ""Unnamed: 3"": NaN, ""Unnamed: 4"": NaN, ""Unnamed: 5"": NaN}, {""Page: 195"": NaN, ""Unnamed: 1"": ""the consolidated financial statements."", ""Unnamed: 2"": NaN, ""Unnamed: 3"": NaN, ""Unnamed: 4"": NaN, ""Unnamed: 5"": NaN}, {""Page: 195"": NaN, ""Unnamed: 1"": ""17. Related undertakings"", ""Unnamed: 2"": NaN, ""Unnamed: 3"": NaN, ""Unnamed: 4"": NaN, ""Unnamed: 5"": NaN}, {""Page: 195"": NaN, ""Unnamed: 1"": NaN, ""Unnamed: 2"": ""Volex Powercords Europe, Volex Europe Cable Assemblies and Volex plc Italian branch are trading divisions of Volex plc."", ""Unnamed: 3"": NaN, ""Unnamed: 4"": NaN, ""Unnamed: 5"": NaN}, {""Page: 195"": NaN, ""Unnamed: 1"": NaN, ""Unnamed: 2"": ""In accordance with Section 409 of the Companies Act 2006, the subsidiaries owned at 31 March 2024 are disclosed below."", ""Unnamed: 3"": NaN, ""Unnamed: 4"": NaN, ""Unnamed: 5"": NaN}, {""Page: 195"": NaN, ""Unnamed: 1"": NaN, ""Unnamed: 2"": ""Unless otherwise stated the following subsidiary entities are either wholly, or partly, owned directly by the plc and/or"", ""Unnamed: 3"": NaN, ""Unnamed: 4"": NaN, ""Unnamed: 5"": NaN}, {""Page: 195"": NaN, ""Unnamed: 1"": NaN, ""Unnamed: 2"": ""through other Group companies. For the two associates, ownership is shared between a local Volex subsidiary and the"", ""Unnamed: 3"": NaN, ""Unnamed: 4"": NaN, ""Unnamed: 5"": NaN}, {""Page: 195"": NaN, ""Unnamed: 1"": ""relevant partner."", ""Unnamed: 2"": NaN, ""Unnamed: 3"": NaN, ""Unnamed: 4"": NaN, ""Unnamed: 5"": NaN}, {""Page: 195"": NaN, ""Unnamed: 1"": NaN, ""Unnamed: 2"": NaN, ""Unnamed: 3"": ""Country of"", ""Unnamed: 4"": NaN, ""Unnamed: 5"": ""Percentage""}, {""Page: 195"": NaN, ""Unnamed: 1"": ""Name of entity"", ""Unnamed: 2"": ""Footnote"", ""Unnamed: 3"": ""incorporation"", ""Unnamed: 4"": ""Address"", ""Unnamed: 5"": ""owned by plc""}, {""Page: 195"": NaN, ""Unnamed: 1"": ""Directly held"", ""Unnamed: 2"": NaN, ""Unnamed: 3"": NaN, ""Unnamed: 4"": NaN, ""Unnamed: 5"": NaN}, {""Page: 195"": NaN, ""Unnamed: 1"": ""Volex Pte Ltd"", ""Unnamed: 2"": ""2"", ""Unnamed: 3"": ""Singapore"", ""Unnamed: 4"": ""37A Tampines Street 92, #08\u201301, Singapore"", ""Unnamed: 5"": ""100%""}, {""Page: 195"": NaN, ""Unnamed: 1"": NaN, ""Unnamed: 2"": NaN, ""Unnamed: 3"": NaN, ""Unnamed: 4"": ""528886"", ""Unnamed: 5"": NaN}, {""Page: 195"": NaN, ""Unnamed: 1"": ""Volex Holdings Inc"", ""Unnamed: 2"": ""2"", ""Unnamed: 3"": ""USA"", ""Unnamed: 4"": ""511 E San Ysidro Blvd # 509, San Ysidro CA 92173,"", ""Unnamed: 5"": ""100%""}, {""Page: 195"": NaN, ""Unnamed: 1"": NaN, ""Unnamed: 2"": NaN, ""Unnamed: 3"": NaN, ""Unnamed: 4"": ""USA"", ""Unnamed: 5"": NaN}, {""Page: 195"": NaN, ""Unnamed: 1"": ""Terminal & Cable TC Inc"", ""Unnamed: 2"": ""1"", ""Unnamed: 3"": ""Canada"", ""Unnamed: 4"": ""300 \u2013 50 O\u2019Connor Street, Ottawa ON K1P 6L2,"", ""Unnamed: 5"": ""100%""}, {""Page: 195"": NaN, ""Unnamed: 1"": NaN, ""Unnamed: 2"": NaN, ""Unnamed: 3"": NaN, ""Unnamed: 4"": ""Canada"", ""Unnamed: 5"": NaN}, {""Page: 195"": NaN, ""Unnamed: 1"": ""Volex Group Holdings Ltd"", ""Unnamed: 2"": ""2"", ""Unnamed: 3"": ""UK"", ""Unnamed: 4"": ""Unit C1 Antura, Bond Close, Basingstoke,"", ""Unnamed: 5"": ""100%""}, {""Page: 195"": NaN, ""Unnamed: 1"": NaN, ""Unnamed: 2"": NaN, ""Unnamed: 3"": NaN, ""Unnamed: 4"": ""Hampshire, RG24 8PZ, England"", ""Unnamed: 5"": NaN}, {""Page: 195"": NaN, ""Unnamed: 1"": ""GTK (Holdco) Ltd"", ""Unnamed: 2"": ""2"", ""Unnamed: 3"": ""UK"", ""Unnamed: 4"": ""Unit C1 Antura, Bond Close, Basingstoke,"", ""Unnamed: 5"": ""100%""}, {""Page: 195"": NaN, ""Unnamed: 1"": NaN, ""Unnamed: 2"": NaN, ""Unnamed: 3"": NaN, ""Unnamed: 4"": ""Hampshire, RG24 8PZ, England"", ""Unnamed: 5"": NaN}, {""Page: 195"": NaN, ""Unnamed: 1"": ""Volex Poland Sp z.o.o."", ""Unnamed: 2"": ""1"", ""Unnamed: 3"": ""Poland"", ""Unnamed: 4"": ""Przemyslowa 8, 85\u2013758, Bydgoszcz, Kuyavian\u2013"", ""Unnamed: 5"": ""99%""}, {""Page: 195"": NaN, ""Unnamed: 1"": NaN, ""Unnamed: 2"": NaN, ""Unnamed: 3"": NaN, ""Unnamed: 4"": ""Pomeranian Voivodeship, Poland"", ""Unnamed: 5"": NaN}, {""Page: 195"": NaN, ""Unnamed: 1"": ""Volex Germany GmbH"", ""Unnamed: 2"": ""3"", ""Unnamed: 3"": ""Germany"", ""Unnamed: 4"": ""Zu den M\u00fchlen 19, 35390 Gie\u00dfen, Germany"", ""Unnamed: 5"": ""100%""}, {""Page: 195"": NaN, ""Unnamed: 1"": ""Volex Sweden AB"", ""Unnamed: 2"": ""3"", ""Unnamed: 3"": ""Sweden"", ""Unnamed: 4"": ""C/O Servando Bolag AB, Johan Fredrik Stahl,"", ""Unnamed: 5"": ""100%""}, {""Page: 195"": NaN, ""Unnamed: 1"": NaN, ""Unnamed: 2"": NaN, ""Unnamed: 3"": NaN, ""Unnamed: 4"": ""Box 5814, 102 48 Stockholm, Sweden"", ""Unnamed: 5"": NaN}, {""Page: 195"": NaN, ""Unnamed: 1"": ""Volex International Korea LLC"", ""Unnamed: 2"": ""3"", ""Unnamed: 3"": ""South Korea"", ""Unnamed: 4"": ""6th Floor, 100 Toegye-ro, Hoehyun-dong 2-ga,"", ""Unnamed: 5"": ""100%""}, {""Page: 195"": NaN, ""Unnamed: 1"": NaN, ""Unnamed: 2"": NaN, ""Unnamed: 3"": NaN, ""Unnamed: 4"": ""State Tower Namsan, Jung-gu, Seoul, South"", ""Unnamed: 5"": NaN}, {""Page: 195"": NaN, ""Unnamed: 1"": NaN, ""Unnamed: 2"": NaN, ""Unnamed: 3"": NaN, ""Unnamed: 4"": ""Korea"", ""Unnamed: 5"": NaN}, {""Page: 195"": NaN, ""Unnamed: 1"": ""Volex do Brasil Ltda"", ""Unnamed: 2"": ""3"", ""Unnamed: 3"": ""Brazil"", ""Unnamed: 4"": ""Rod. Geraldo Scavone 2.080, Unidade 13 A 16,"", ""Unnamed: 5"": ""99%""}, {""Page: 195"": NaN, ""Unnamed: 1"": NaN, ""Unnamed: 2"": NaN, ""Unnamed: 3"": NaN, ""Unnamed: 4"": ""Jacarei, 12305\u2013490, Brazil"", ""Unnamed: 5"": NaN}, {""Page: 195"": NaN, ""Unnamed: 1"": ""Volex (No.4) Ltd"", ""Unnamed: 2"": ""3"", ""Unnamed: 3"": ""UK"", ""Unnamed: 4"": ""Unit C1 Antura, Bond Close, Basingstoke,"", ""Unnamed: 5"": ""99%""}, {""Page: 195"": NaN, ""Unnamed: 1"": NaN, ""Unnamed: 2"": NaN, ""Unnamed: 3"": NaN, ""Unnamed: 4"": ""Hampshire, RG24 8PZ, England"", ""Unnamed: 5"": NaN}]","[0.2138, 0.2138, 0.2695]"
Balance Sheet Template,Other Debtors,What is Outstanding orders under Current Assets in Consolidated Statement of Financial Position for year 2023 and 2024?,"[{""Page: 138"": ""Table Index: 15"", ""Unnamed: 1"": NaN, ""Unnamed: 2"": NaN, ""Unnamed: 3"": NaN, ""Unnamed: 4"": NaN}, {""Page: 138"": ""Table Header: , , 2024, 2023"", ""Unnamed: 1"": NaN, ""Unnamed: 2"": NaN, ""Unnamed: 3"": NaN, ""Unnamed: 4"": NaN}, {""Page: 138"": ""Page Header: Consolidated Statement of Financial Position | As at 31 March 2024 (2 April 2023) | 2024 2023"", ""Unnamed: 1"": NaN, ""Unnamed: 2"": NaN, ""Unnamed: 3"": NaN, ""Unnamed: 4"": NaN}, {""Page: 138"": ""Notes Mentioned: None"", ""Unnamed: 1"": NaN, ""Unnamed: 2"": NaN, ""Unnamed: 3"": NaN, ""Unnamed: 4"": NaN}, {""Page: 138"": NaN, ""Unnamed: 1"": NaN, ""Unnamed: 2"": NaN, ""Unnamed: 3"": ""2024"", ""Unnamed: 4"": ""2023""}, {""Page: 138"": NaN, ""Unnamed: 1"": NaN, ""Unnamed: 2"": ""Notes"", ""Unnamed: 3"": ""$\u2019m"", ""Unnamed: 4"": ""$\u2019m""}, {""Page: 138"": NaN, ""Unnamed: 1"": ""Non-current assets"", ""Unnamed: 2"": NaN, ""Unnamed: 3"": NaN, ""Unnamed: 4"": NaN}, {""Page: 138"": NaN, ""Unnamed: 1"": ""Goodwill"", ""Unnamed: 2"": ""12"", ""Unnamed: 3"": ""121.4"", ""Unnamed: 4"": ""82.3""}, {""Page: 138"": NaN, ""Unnamed: 1"": ""Other intangible assets"", ""Unnamed: 2"": ""13"", ""Unnamed: 3"": ""131.7"", ""Unnamed: 4"": ""41.8""}, {""Page: 138"": NaN, ""Unnamed: 1"": ""Property, plant and equipment"", ""Unnamed: 2"": ""14"", ""Unnamed: 3"": ""91.8"", ""Unnamed: 4"": ""50.1""}, {""Page: 138"": NaN, ""Unnamed: 1"": ""Right-of-use assets"", ""Unnamed: 2"": ""15"", ""Unnamed: 3"": ""38.4"", ""Unnamed: 4"": ""34.5""}, {""Page: 138"": NaN, ""Unnamed: 1"": ""Interests in associates"", ""Unnamed: 2"": ""16"", ""Unnamed: 3"": ""8.1"", ""Unnamed: 4"": ""2.6""}, {""Page: 138"": NaN, ""Unnamed: 1"": ""Other receivables"", ""Unnamed: 2"": ""18"", ""Unnamed: 3"": ""2.0"", ""Unnamed: 4"": ""1.8""}, {""Page: 138"": NaN, ""Unnamed: 1"": ""Derivative financial instruments"", ""Unnamed: 2"": ""31"", ""Unnamed: 3"": ""1.5"", ""Unnamed: 4"": ""0.9""}, {""Page: 138"": NaN, ""Unnamed: 1"": ""Retirement benefit asset"", ""Unnamed: 2"": ""30"", ""Unnamed: 3"": ""0.4"", ""Unnamed: 4"": ""\u2013""}, {""Page: 138"": NaN, ""Unnamed: 1"": ""Deferred tax assets"", ""Unnamed: 2"": ""21"", ""Unnamed: 3"": ""25.9"", ""Unnamed: 4"": ""24.6""}, {""Page: 138"": NaN, ""Unnamed: 1"": NaN, ""Unnamed: 2"": NaN, ""Unnamed: 3"": ""421.2"", ""Unnamed: 4"": ""238.6""}, {""Page: 138"": NaN, ""Unnamed: 1"": ""Current assets"", ""Unnamed: 2"": NaN, ""Unnamed: 3"": NaN, ""Unnamed: 4"": NaN}, {""Page: 138"": NaN, ""Unnamed: 1"": ""Inventories"", ""Unnamed: 2"": ""17"", ""Unnamed: 3"": ""174.3"", ""Unnamed: 4"": ""120.5""}, {""Page: 138"": NaN, ""Unnamed: 1"": ""Trade receivables"", ""Unnamed: 2"": ""18"", ""Unnamed: 3"": ""187.6"", ""Unnamed: 4"": ""136.2""}, {""Page: 138"": NaN, ""Unnamed: 1"": ""Other receivables"", ""Unnamed: 2"": ""18"", ""Unnamed: 3"": ""23.4"", ""Unnamed: 4"": ""15.7""}, {""Page: 138"": NaN, ""Unnamed: 1"": ""Current tax assets"", ""Unnamed: 2"": NaN, ""Unnamed: 3"": ""1.8"", ""Unnamed: 4"": ""0.8""}, {""Page: 138"": NaN, ""Unnamed: 1"": ""Derivative financial instruments"", ""Unnamed: 2"": ""31"", ""Unnamed: 3"": ""1.0"", ""Unnamed: 4"": ""0.9""}, {""Page: 138"": NaN, ""Unnamed: 1"": ""Cash and bank balances"", ""Unnamed: 2"": ""28"", ""Unnamed: 3"": ""29.8"", ""Unnamed: 4"": ""22.5""}, {""Page: 138"": NaN, ""Unnamed: 1"": NaN, ""Unnamed: 2"": NaN, ""Unnamed: 3"": ""417.9"", ""Unnamed: 4"": ""296.6""}, {""Page: 138"": NaN, ""Unnamed: 1"": ""Total assets"", ""Unnamed: 2"": NaN, ""Unnamed: 3"": ""839.1"", ""Unnamed: 4"": ""535.2""}, {""Page: 138"": NaN, ""Unnamed: 1"": ""Current liabilities"", ""Unnamed: 2"": NaN, ""Unnamed: 3"": NaN, ""Unnamed: 4"": NaN}, {""Page: 138"": NaN, ""Unnamed: 1"": ""Borrowings"", ""Unnamed: 2"": ""19"", ""Unnamed: 3"": ""3.3"", ""Unnamed: 4"": ""1.8""}, {""Page: 138"": NaN, ""Unnamed: 1"": ""Lease liabilities"", ""Unnamed: 2"": ""19"", ""Unnamed: 3"": ""21.3"", ""Unnamed: 4"": ""15.6""}, {""Page: 138"": NaN, ""Unnamed: 1"": ""Trade payables"", ""Unnamed: 2"": ""20"", ""Unnamed: 3"": ""133.1"", ""Unnamed: 4"": ""84.4""}, {""Page: 138"": NaN, ""Unnamed: 1"": ""Other payables"", ""Unnamed: 2"": ""20"", ""Unnamed: 3"": ""101.4"", ""Unnamed: 4"": ""65.2""}, {""Page: 138"": NaN, ""Unnamed: 1"": ""Current tax liabilities"", ""Unnamed: 2"": NaN, ""Unnamed: 3"": ""18.3"", ""Unnamed: 4"": ""14.5""}, {""Page: 138"": NaN, ""Unnamed: 1"": ""Retirement benefit obligations"", ""Unnamed: 2"": ""30"", ""Unnamed: 3"": ""\u2013"", ""Unnamed: 4"": ""0.3""}, {""Page: 138"": NaN, ""Unnamed: 1"": ""Provisions"", ""Unnamed: 2"": ""22"", ""Unnamed: 3"": ""2.9"", ""Unnamed: 4"": ""0.9""}, {""Page: 138"": NaN, ""Unnamed: 1"": ""Derivative financial instruments"", ""Unnamed: 2"": ""31"", ""Unnamed: 3"": ""0.4"", ""Unnamed: 4"": ""\u2013""}, {""Page: 138"": NaN, ""Unnamed: 1"": NaN, ""Unnamed: 2"": NaN, ""Unnamed: 3"": ""280.7"", ""Unnamed: 4"": ""182.7""}, {""Page: 138"": NaN, ""Unnamed: 1"": ""Net current assets"", ""Unnamed: 2"": NaN, ""Unnamed: 3"": ""137.2"", ""Unnamed: 4"": ""113.9""}, {""Page: 138"": NaN, ""Unnamed: 1"": ""Non-current liabilities"", ""Unnamed: 2"": NaN, ""Unnamed: 3"": NaN, ""Unnamed: 4"": NaN}, {""Page: 138"": NaN, ""Unnamed: 1"": ""Borrowings"", ""Unnamed: 2"": ""19"", ""Unnamed: 3"": ""143.1"", ""Unnamed: 4"": ""89.6""}, {""Page: 138"": NaN, ""Unnamed: 1"": ""Lease liabilities"", ""Unnamed: 2"": ""19"", ""Unnamed: 3"": ""16.1"", ""Unnamed: 4"": ""19.2""}, {""Page: 138"": NaN, ""Unnamed: 1"": ""Other payables"", ""Unnamed: 2"": ""20"", ""Unnamed: 3"": ""26.9"", ""Unnamed: 4"": ""1.4""}, {""Page: 138"": NaN, ""Unnamed: 1"": ""Deferred tax liabilities"", ""Unnamed: 2"": ""21"", ""Unnamed: 3"": ""28.2"", ""Unnamed: 4"": ""6.9""}, {""Page: 138"": NaN, ""Unnamed: 1"": ""Retirement benefit obligations"", ""Unnamed: 2"": ""30"", ""Unnamed: 3"": ""7.5"", ""Unnamed: 4"": ""2.3""}, {""Page: 138"": NaN, ""Unnamed: 1"": ""Provisions"", ""Unnamed: 2"": ""22"", ""Unnamed: 3"": ""1.0"", ""Unnamed: 4"": ""0.4""}, {""Page: 138"": NaN, ""Unnamed: 1"": NaN, ""Unnamed: 2"": NaN, ""Unnamed: 3"": ""222.8"", ""Unnamed: 4"": ""119.8""}, {""Page: 138"": NaN, ""Unnamed: 1"": ""Total liabilities"", ""Unnamed: 2"": NaN, ""Unnamed: 3"": ""503.5"", ""Unnamed: 4"": ""302.5""}, {""Page: 138"": NaN, ""Unnamed: 1"": ""Net assets"", ""Unnamed: 2"": NaN, ""Unnamed: 3"": ""335.6"", ""Unnamed: 4"": ""232.7""}, {""Page: 138"": NaN, ""Unnamed: 1"": ""Equity"", ""Unnamed: 2"": NaN, ""Unnamed: 3"": NaN, ""Unnamed: 4"": NaN}, {""Page: 138"": NaN, ""Unnamed: 1"": ""Share capital"", ""Unnamed: 2"": ""23"", ""Unnamed: 3"": ""69.6"", ""Unnamed: 4"": ""62.7""}, {""Page: 138"": NaN, ""Unnamed: 1"": ""Share premium account"", ""Unnamed: 2"": ""23"", ""Unnamed: 3"": ""62.0"", ""Unnamed: 4"": ""60.7""}, {""Page: 138"": NaN, ""Unnamed: 1"": ""Non-distributable reserve"", ""Unnamed: 2"": ""24"", ""Unnamed: 3"": ""2.5"", ""Unnamed: 4"": ""2.5""}, {""Page: 138"": NaN, ""Unnamed: 1"": ""Hedging and translation reserve"", ""Unnamed: 2"": NaN, ""Unnamed: 3"": ""(13.9)"", ""Unnamed: 4"": ""(14.6)""}, {""Page: 138"": NaN, ""Unnamed: 1"": ""Own shares"", ""Unnamed: 2"": ""24"", ""Unnamed: 3"": ""(4.3)"", ""Unnamed: 4"": ""(1.0)""}, {""Page: 138"": NaN, ""Unnamed: 1"": ""Retained earnings"", ""Unnamed: 2"": NaN, ""Unnamed: 3"": ""211.3"", ""Unnamed: 4"": ""115.0""}, {""Page: 138"": NaN, ""Unnamed: 1"": ""Total attributable to owners of the parent"", ""Unnamed: 2"": NaN, ""Unnamed: 3"": ""327.2"", ""Unnamed: 4"": ""225.3""}, {""Page: 138"": NaN, ""Unnamed: 1"": ""Non-controlling interests"", ""Unnamed: 2"": ""25"", ""Unnamed: 3"": ""8.4"", ""Unnamed: 4"": ""7.4""}, {""Page: 138"": NaN, ""Unnamed: 1"": ""Total equity"", ""Unnamed: 2"": NaN, ""Unnamed: 3"": ""335.6"", ""Unnamed: 4"": ""232.7""}, {""Page: 138"": NaN, ""Unnamed: 1"": NaN, ""Unnamed: 2"": ""The notes on pages 139 to 181 are an integral part of these financial statements. The consolidated financial statements of"", ""Unnamed: 3"": NaN, ""Unnamed: 4"": NaN}]
---
[{""Page: 138"": ""Table Index: 15"", ""Unnamed: 1"": NaN, ""Unnamed: 2"": NaN, ""Unnamed: 3"": NaN, ""Unnamed: 4"": NaN}, {""Page: 138"": ""Table Header: , , 2024, 2023"", ""Unnamed: 1"": NaN, ""Unnamed: 2"": NaN, ""Unnamed: 3"": NaN, ""Unnamed: 4"": NaN}, {""Page: 138"": ""Page Header: Consolidated Statement of Financial Position | As at 31 March 2024 (2 April 2023) | 2024 2023"", ""Unnamed: 1"": NaN, ""Unnamed: 2"": NaN, ""Unnamed: 3"": NaN, ""Unnamed: 4"": NaN}, {""Page: 138"": ""Notes Mentioned: None"", ""Unnamed: 1"": NaN, ""Unnamed: 2"": NaN, ""Unnamed: 3"": NaN, ""Unnamed: 4"": NaN}, {""Page: 138"": NaN, ""Unnamed: 1"": NaN, ""Unnamed: 2"": NaN, ""Unnamed: 3"": ""2024"", ""Unnamed: 4"": ""2023""}, {""Page: 138"": NaN, ""Unnamed: 1"": NaN, ""Unnamed: 2"": ""Notes"", ""Unnamed: 3"": ""$\u2019m"", ""Unnamed: 4"": ""$\u2019m""}, {""Page: 138"": NaN, ""Unnamed: 1"": ""Non-current assets"", ""Unnamed: 2"": NaN, ""Unnamed: 3"": NaN, ""Unnamed: 4"": NaN}, {""Page: 138"": NaN, ""Unnamed: 1"": ""Goodwill"", ""Unnamed: 2"": ""12"", ""Unnamed: 3"": ""121.4"", ""Unnamed: 4"": ""82.3""}, {""Page: 138"": NaN, ""Unnamed: 1"": ""Other intangible assets"", ""Unnamed: 2"": ""13"", ""Unnamed: 3"": ""131.7"", ""Unnamed: 4"": ""41.8""}, {""Page: 138"": NaN, ""Unnamed: 1"": ""Property, plant and equipment"", ""Unnamed: 2"": ""14"", ""Unnamed: 3"": ""91.8"", ""Unnamed: 4"": ""50.1""}, {""Page: 138"": NaN, ""Unnamed: 1"": ""Right-of-use assets"", ""Unnamed: 2"": ""15"", ""Unnamed: 3"": ""38.4"", ""Unnamed: 4"": ""34.5""}, {""Page: 138"": NaN, ""Unnamed: 1"": ""Interests in associates"", ""Unnamed: 2"": ""16"", ""Unnamed: 3"": ""8.1"", ""Unnamed: 4"": ""2.6""}, {""Page: 138"": NaN, ""Unnamed: 1"": ""Other receivables"", ""Unnamed: 2"": ""18"", ""Unnamed: 3"": ""2.0"", ""Unnamed: 4"": ""1.8""}, {""Page: 138"": NaN, ""Unnamed: 1"": ""Derivative financial instruments"", ""Unnamed: 2"": ""31"", ""Unnamed: 3"": ""1.5"", ""Unnamed: 4"": ""0.9""}, {""Page: 138"": NaN, ""Unnamed: 1"": ""Retirement benefit asset"", ""Unnamed: 2"": ""30"", ""Unnamed: 3"": ""0.4"", ""Unnamed: 4"": ""\u2013""}, {""Page: 138"": NaN, ""Unnamed: 1"": ""Deferred tax assets"", ""Unnamed: 2"": ""21"", ""Unnamed: 3"": ""25.9"", ""Unnamed: 4"": ""24.6""}, {""Page: 138"": NaN, ""Unnamed: 1"": NaN, ""Unnamed: 2"": NaN, ""Unnamed: 3"": ""421.2"", ""Unnamed: 4"": ""238.6""}, {""Page: 138"": NaN, ""Unnamed: 1"": ""Current assets"", ""Unnamed: 2"": NaN, ""Unnamed: 3"": NaN, ""Unnamed: 4"": NaN}, {""Page: 138"": NaN, ""Unnamed: 1"": ""Inventories"", ""Unnamed: 2"": ""17"", ""Unnamed: 3"": ""174.3"", ""Unnamed: 4"": ""120.5""}, {""Page: 138"": NaN, ""Unnamed: 1"": ""Trade receivables"", ""Unnamed: 2"": ""18"", ""Unnamed: 3"": ""187.6"", ""Unnamed: 4"": ""136.2""}, {""Page: 138"": NaN, ""Unnamed: 1"": ""Other receivables"", ""Unnamed: 2"": ""18"", ""Unnamed: 3"": ""23.4"", ""Unnamed: 4"": ""15.7""}, {""Page: 138"": NaN, ""Unnamed: 1"": ""Current tax assets"", ""Unnamed: 2"": NaN, ""Unnamed: 3"": ""1.8"", ""Unnamed: 4"": ""0.8""}, {""Page: 138"": NaN, ""Unnamed: 1"": ""Derivative financial instruments"", ""Unnamed: 2"": ""31"", ""Unnamed: 3"": ""1.0"", ""Unnamed: 4"": ""0.9""}, {""Page: 138"": NaN, ""Unnamed: 1"": ""Cash and bank balances"", ""Unnamed: 2"": ""28"", ""Unnamed: 3"": ""29.8"", ""Unnamed: 4"": ""22.5""}, {""Page: 138"": NaN, ""Unnamed: 1"": NaN, ""Unnamed: 2"": NaN, ""Unnamed: 3"": ""417.9"", ""Unnamed: 4"": ""296.6""}, {""Page: 138"": NaN, ""Unnamed: 1"": ""Total assets"", ""Unnamed: 2"": NaN, ""Unnamed: 3"": ""839.1"", ""Unnamed: 4"": ""535.2""}, {""Page: 138"": NaN, ""Unnamed: 1"": ""Current liabilities"", ""Unnamed: 2"": NaN, ""Unnamed: 3"": NaN, ""Unnamed: 4"": NaN}, {""Page: 138"": NaN, ""Unnamed: 1"": ""Borrowings"", ""Unnamed: 2"": ""19"", ""Unnamed: 3"": ""3.3"", ""Unnamed: 4"": ""1.8""}, {""Page: 138"": NaN, ""Unnamed: 1"": ""Lease liabilities"", ""Unnamed: 2"": ""19"", ""Unnamed: 3"": ""21.3"", ""Unnamed: 4"": ""15.6""}, {""Page: 138"": NaN, ""Unnamed: 1"": ""Trade payables"", ""Unnamed: 2"": ""20"", ""Unnamed: 3"": ""133.1"", ""Unnamed: 4"": ""84.4""}, {""Page: 138"": NaN, ""Unnamed: 1"": ""Other payables"", ""Unnamed: 2"": ""20"", ""Unnamed: 3"": ""101.4"", ""Unnamed: 4"": ""65.2""}, {""Page: 138"": NaN, ""Unnamed: 1"": ""Current tax liabilities"", ""Unnamed: 2"": NaN, ""Unnamed: 3"": ""18.3"", ""Unnamed: 4"": ""14.5""}, {""Page: 138"": NaN, ""Unnamed: 1"": ""Retirement benefit obligations"", ""Unnamed: 2"": ""30"", ""Unnamed: 3"": ""\u2013"", ""Unnamed: 4"": ""0.3""}, {""Page: 138"": NaN, ""Unnamed: 1"": ""Provisions"", ""Unnamed: 2"": ""22"", ""Unnamed: 3"": ""2.9"", ""Unnamed: 4"": ""0.9""}, {""Page: 138"": NaN, ""Unnamed: 1"": ""Derivative financial instruments"", ""Unnamed: 2"": ""31"", ""Unnamed: 3"": ""0.4"", ""Unnamed: 4"": ""\u2013""}, {""Page: 138"": NaN, ""Unnamed: 1"": NaN, ""Unnamed: 2"": NaN, ""Unnamed: 3"": ""280.7"", ""Unnamed: 4"": ""182.7""}, {""Page: 138"": NaN, ""Unnamed: 1"": ""Net current assets"", ""Unnamed: 2"": NaN, ""Unnamed: 3"": ""137.2"", ""Unnamed: 4"": ""113.9""}, {""Page: 138"": NaN, ""Unnamed: 1"": ""Non-current liabilities"", ""Unnamed: 2"": NaN, ""Unnamed: 3"": NaN, ""Unnamed: 4"": NaN}, {""Page: 138"": NaN, ""Unnamed: 1"": ""Borrowings"", ""Unnamed: 2"": ""19"", ""Unnamed: 3"": ""143.1"", ""Unnamed: 4"": ""89.6""}, {""Page: 138"": NaN, ""Unnamed: 1"": ""Lease liabilities"", ""Unnamed: 2"": ""19"", ""Unnamed: 3"": ""16.1"", ""Unnamed: 4"": ""19.2""}, {""Page: 138"": NaN, ""Unnamed: 1"": ""Other payables"", ""Unnamed: 2"": ""20"", ""Unnamed: 3"": ""26.9"", ""Unnamed: 4"": ""1.4""}, {""Page: 138"": NaN, ""Unnamed: 1"": ""Deferred tax liabilities"", ""Unnamed: 2"": ""21"", ""Unnamed: 3"": ""28.2"", ""Unnamed: 4"": ""6.9""}, {""Page: 138"": NaN, ""Unnamed: 1"": ""Retirement benefit obligations"", ""Unnamed: 2"": ""30"", ""Unnamed: 3"": ""7.5"", ""Unnamed: 4"": ""2.3""}, {""Page: 138"": NaN, ""Unnamed: 1"": ""Provisions"", ""Unnamed: 2"": ""22"", ""Unnamed: 3"": ""1.0"", ""Unnamed: 4"": ""0.4""}, {""Page: 138"": NaN, ""Unnamed: 1"": NaN, ""Unnamed: 2"": NaN, ""Unnamed: 3"": ""222.8"", ""Unnamed: 4"": ""119.8""}, {""Page: 138"": NaN, ""Unnamed: 1"": ""Total liabilities"", ""Unnamed: 2"": NaN, ""Unnamed: 3"": ""503.5"", ""Unnamed: 4"": ""302.5""}, {""Page: 138"": NaN, ""Unnamed: 1"": ""Net assets"", ""Unnamed: 2"": NaN, ""Unnamed: 3"": ""335.6"", ""Unnamed: 4"": ""232.7""}, {""Page: 138"": NaN, ""Unnamed: 1"": ""Equity"", ""Unnamed: 2"": NaN, ""Unnamed: 3"": NaN, ""Unnamed: 4"": NaN}, {""Page: 138"": NaN, ""Unnamed: 1"": ""Share capital"", ""Unnamed: 2"": ""23"", ""Unnamed: 3"": ""69.6"", ""Unnamed: 4"": ""62.7""}, {""Page: 138"": NaN, ""Unnamed: 1"": ""Share premium account"", ""Unnamed: 2"": ""23"", ""Unnamed: 3"": ""62.0"", ""Unnamed: 4"": ""60.7""}, {""Page: 138"": NaN, ""Unnamed: 1"": ""Non-distributable reserve"", ""Unnamed: 2"": ""24"", ""Unnamed: 3"": ""2.5"", ""Unnamed: 4"": ""2.5""}, {""Page: 138"": NaN, ""Unnamed: 1"": ""Hedging and translation reserve"", ""Unnamed: 2"": NaN, ""Unnamed: 3"": ""(13.9)"", ""Unnamed: 4"": ""(14.6)""}, {""Page: 138"": NaN, ""Unnamed: 1"": ""Own shares"", ""Unnamed: 2"": ""24"", ""Unnamed: 3"": ""(4.3)"", ""Unnamed: 4"": ""(1.0)""}, {""Page: 138"": NaN, ""Unnamed: 1"": ""Retained earnings"", ""Unnamed: 2"": NaN, ""Unnamed: 3"": ""211.3"", ""Unnamed: 4"": ""115.0""}, {""Page: 138"": NaN, ""Unnamed: 1"": ""Total attributable to owners of the parent"", ""Unnamed: 2"": NaN, ""Unnamed: 3"": ""327.2"", ""Unnamed: 4"": ""225.3""}, {""Page: 138"": NaN, ""Unnamed: 1"": ""Non-controlling interests"", ""Unnamed: 2"": ""25"", ""Unnamed: 3"": ""8.4"", ""Unnamed: 4"": ""7.4""}, {""Page: 138"": NaN, ""Unnamed: 1"": ""Total equity"", ""Unnamed: 2"": NaN, ""Unnamed: 3"": ""335.6"", ""Unnamed: 4"": ""232.7""}, {""Page: 138"": NaN, ""Unnamed: 1"": NaN, ""Unnamed: 2"": ""The notes on pages 139 to 181 are an integral part of these financial statements. The consolidated financial statements of"", ""Unnamed: 3"": NaN, ""Unnamed: 4"": NaN}]
---
[{""Page: 136"": ""Table Index: 13"", ""Unnamed: 1"": NaN, ""Unnamed: 2"": NaN, ""Unnamed: 3"": NaN, ""Unnamed: 4"": NaN, ""Unnamed: 5"": NaN, ""Unnamed: 6"": NaN, ""Unnamed: 7"": NaN, ""Unnamed: 8"": NaN}, {""Page: 136"": ""Table Header: , , , 2024, , , 2023, "", ""Unnamed: 1"": NaN, ""Unnamed: 2"": NaN, ""Unnamed: 3"": NaN, ""Unnamed: 4"": NaN, ""Unnamed: 5"": NaN, ""Unnamed: 6"": NaN, ""Unnamed: 7"": NaN, ""Unnamed: 8"": NaN}, {""Page: 136"": ""Page Header: Consolidated Income Statement | For the 52 weeks ended 31 March 2024 (52 weeks ended 2 April 2023) | 2024 2023"", ""Unnamed: 1"": NaN, ""Unnamed: 2"": NaN, ""Unnamed: 3"": NaN, ""Unnamed: 4"": NaN, ""Unnamed: 5"": NaN, ""Unnamed: 6"": NaN, ""Unnamed: 7"": NaN, ""Unnamed: 8"": NaN}, {""Page: 136"": ""Notes Mentioned: Note 4, Note 4"", ""Unnamed: 1"": NaN, ""Unnamed: 2"": NaN, ""Unnamed: 3"": NaN, ""Unnamed: 4"": NaN, ""Unnamed: 5"": NaN, ""Unnamed: 6"": NaN, ""Unnamed: 7"": NaN, ""Unnamed: 8"": NaN}, {""Page: 136"": NaN, ""Unnamed: 1"": NaN, ""Unnamed: 2"": NaN, ""Unnamed: 3"": NaN, ""Unnamed: 4"": ""2024"", ""Unnamed: 5"": NaN, ""Unnamed: 6"": NaN, ""Unnamed: 7"": ""2023"", ""Unnamed: 8"": NaN}, {""Page: 136"": NaN, ""Unnamed: 1"": NaN, ""Unnamed: 2"": NaN, ""Unnamed: 3"": ""Before"", ""Unnamed: 4"": ""Adjusting"", ""Unnamed: 5"": NaN, ""Unnamed: 6"": ""Before"", ""Unnamed: 7"": ""Adjusting"", ""Unnamed: 8"": NaN}, {""Page: 136"": NaN, ""Unnamed: 1"": NaN, ""Unnamed: 2"": NaN, ""Unnamed: 3"": ""adjusting"", ""Unnamed: 4"": ""items and"", ""Unnamed: 5"": NaN, ""Unnamed: 6"": ""adjusting"", ""Unnamed: 7"": ""items and"", ""Unnamed: 8"": NaN}, {""Page: 136"": NaN, ""Unnamed: 1"": NaN, ""Unnamed: 2"": NaN, ""Unnamed: 3"": ""items and"", ""Unnamed: 4"": ""share-based"", ""Unnamed: 5"": NaN, ""Unnamed: 6"": ""items and"", ""Unnamed: 7"": ""share-based"", ""Unnamed: 8"": NaN}, {""Page: 136"": NaN, ""Unnamed: 1"": NaN, ""Unnamed: 2"": NaN, ""Unnamed: 3"": ""share-based"", ""Unnamed: 4"": ""payments"", ""Unnamed: 5"": NaN, ""Unnamed: 6"": ""share-based"", ""Unnamed: 7"": ""payments"", ""Unnamed: 8"": NaN}, {""Page: 136"": NaN, ""Unnamed: 1"": NaN, ""Unnamed: 2"": NaN, ""Unnamed: 3"": ""payments"", ""Unnamed: 4"": ""(Note 4)"", ""Unnamed: 5"": ""Total"", ""Unnamed: 6"": ""payments"", ""Unnamed: 7"": ""(Note 4)"", ""Unnamed: 8"": ""Total""}, {""Page: 136"": NaN, ""Unnamed: 1"": NaN, ""Unnamed: 2"": ""Notes"", ""Unnamed: 3"": ""$\u2019m"", ""Unnamed: 4"": ""$\u2019m"", ""Unnamed: 5"": ""$\u2019m"", ""Unnamed: 6"": ""$\u2019m"", ""Unnamed: 7"": ""$\u2019m"", ""Unnamed: 8"": ""$\u2019m""}, {""Page: 136"": NaN, ""Unnamed: 1"": ""Revenue"", ""Unnamed: 2"": ""3"", ""Unnamed: 3"": ""912.8"", ""Unnamed: 4"": ""\u2013"", ""Unnamed: 5"": ""912.8"", ""Unnamed: 6"": ""722.8"", ""Unnamed: 7"": ""\u2013"", ""Unnamed: 8"": ""722.8""}, {""Page: 136"": NaN, ""Unnamed: 1"": ""Cost of sales"", ""Unnamed: 2"": NaN, ""Unnamed: 3"": ""(710.0)"", ""Unnamed: 4"": ""\u2013"", ""Unnamed: 5"": ""(710.0)"", ""Unnamed: 6"": ""(565.8)"", ""Unnamed: 7"": ""\u2013"", ""Unnamed: 8"": ""(565.8)""}, {""Page: 136"": NaN, ""Unnamed: 1"": ""Gross profit"", ""Unnamed: 2"": NaN, ""Unnamed: 3"": ""202.8"", ""Unnamed: 4"": ""\u2013"", ""Unnamed: 5"": ""202.8"", ""Unnamed: 6"": ""157.0"", ""Unnamed: 7"": ""\u2013"", ""Unnamed: 8"": ""157.0""}, {""Page: 136"": NaN, ""Unnamed: 1"": ""Operating expenses"", ""Unnamed: 2"": NaN, ""Unnamed: 3"": ""(113.1)"", ""Unnamed: 4"": ""(25.8)"", ""Unnamed: 5"": ""(138.9)"", ""Unnamed: 6"": ""(89.7)"", ""Unnamed: 7"": ""(13.5)"", ""Unnamed: 8"": ""(103.2)""}, {""Page: 136"": NaN, ""Unnamed: 1"": ""Operating profit"", ""Unnamed: 2"": ""7"", ""Unnamed: 3"": ""89.7"", ""Unnamed: 4"": ""(25.8)"", ""Unnamed: 5"": ""63.9"", ""Unnamed: 6"": ""67.3"", ""Unnamed: 7"": ""(13.5)"", ""Unnamed: 8"": ""53.8""}, {""Page: 136"": NaN, ""Unnamed: 1"": ""Share of net profit from"", ""Unnamed: 2"": NaN, ""Unnamed: 3"": NaN, ""Unnamed: 4"": NaN, ""Unnamed: 5"": NaN, ""Unnamed: 6"": NaN, ""Unnamed: 7"": NaN, ""Unnamed: 8"": NaN}, {""Page: 136"": NaN, ""Unnamed: 1"": ""associates"", ""Unnamed: 2"": ""16"", ""Unnamed: 3"": ""3.2"", ""Unnamed: 4"": ""\u2013"", ""Unnamed: 5"": ""3.2"", ""Unnamed: 6"": ""1.1"", ""Unnamed: 7"": ""\u2013"", ""Unnamed: 8"": ""1.1""}, {""Page: 136"": NaN, ""Unnamed: 1"": ""Finance income"", ""Unnamed: 2"": ""5"", ""Unnamed: 3"": ""1.3"", ""Unnamed: 4"": ""\u2013"", ""Unnamed: 5"": ""1.3"", ""Unnamed: 6"": ""0.4"", ""Unnamed: 7"": ""\u2013"", ""Unnamed: 8"": ""0.4""}, {""Page: 136"": NaN, ""Unnamed: 1"": ""Finance costs"", ""Unnamed: 2"": ""6"", ""Unnamed: 3"": ""(16.8)"", ""Unnamed: 4"": ""\u2013"", ""Unnamed: 5"": ""(16.8)"", ""Unnamed: 6"": ""(9.5)"", ""Unnamed: 7"": ""\u2013"", ""Unnamed: 8"": ""(9.5)""}, {""Page: 136"": NaN, ""Unnamed: 1"": ""Profit before taxation"", ""Unnamed: 2"": NaN, ""Unnamed: 3"": ""77.4"", ""Unnamed: 4"": ""(25.8)"", ""Unnamed: 5"": ""51.6"", ""Unnamed: 6"": ""59.3"", ""Unnamed: 7"": ""(13.5)"", ""Unnamed: 8"": ""45.8""}, {""Page: 136"": NaN, ""Unnamed: 1"": ""Taxation"", ""Unnamed: 2"": ""10"", ""Unnamed: 3"": ""(15.9)"", ""Unnamed: 4"": ""4.5"", ""Unnamed: 5"": ""(11.4)"", ""Unnamed: 6"": ""(10.7)"", ""Unnamed: 7"": ""2.3"", ""Unnamed: 8"": ""(8.4)""}, {""Page: 136"": NaN, ""Unnamed: 1"": ""Profit for the period"", ""Unnamed: 2"": NaN, ""Unnamed: 3"": ""61.5"", ""Unnamed: 4"": ""(21.3)"", ""Unnamed: 5"": ""40.2"", ""Unnamed: 6"": ""48.6"", ""Unnamed: 7"": ""(11.2)"", ""Unnamed: 8"": ""37.4""}, {""Page: 136"": NaN, ""Unnamed: 1"": ""Profit is attributable to:"", ""Unnamed: 2"": NaN, ""Unnamed: 3"": NaN, ""Unnamed: 4"": NaN, ""Unnamed: 5"": NaN, ""Unnamed: 6"": NaN, ""Unnamed: 7"": NaN, ""Unnamed: 8"": NaN}, {""Page: 136"": NaN, ""Unnamed: 1"": ""Owners of the parent"", ""Unnamed: 2"": NaN, ""Unnamed: 3"": ""60.5"", ""Unnamed: 4"": ""(21.2)"", ""Unnamed: 5"": ""39.3"", ""Unnamed: 6"": ""48.0"", ""Unnamed: 7"": ""(11.2)"", ""Unnamed: 8"": ""36.8""}, {""Page: 136"": NaN, ""Unnamed: 1"": ""Non-controlling interests"", ""Unnamed: 2"": NaN, ""Unnamed: 3"": ""1.0"", ""Unnamed: 4"": ""(0.1)"", ""Unnamed: 5"": ""0.9"", ""Unnamed: 6"": ""0.6"", ""Unnamed: 7"": ""\u2013"", ""Unnamed: 8"": ""0.6""}, {""Page: 136"": NaN, ""Unnamed: 1"": NaN, ""Unnamed: 2"": NaN, ""Unnamed: 3"": ""61.5"", ""Unnamed: 4"": ""(21.3)"", ""Unnamed: 5"": ""40.2"", ""Unnamed: 6"": ""48.6"", ""Unnamed: 7"": ""(11.2)"", ""Unnamed: 8"": ""37.4""}, {""Page: 136"": NaN, ""Unnamed: 1"": ""Earnings per share (cents)"", ""Unnamed: 2"": NaN, ""Unnamed: 3"": NaN, ""Unnamed: 4"": NaN, ""Unnamed: 5"": NaN, ""Unnamed: 6"": NaN, ""Unnamed: 7"": NaN, ""Unnamed: 8"": NaN}, {""Page: 136"": NaN, ""Unnamed: 1"": ""Basic"", ""Unnamed: 2"": ""11"", ""Unnamed: 3"": ""33.7"", ""Unnamed: 4"": NaN, ""Unnamed: 5"": ""21.8"", ""Unnamed: 6"": ""30.2"", ""Unnamed: 7"": NaN, ""Unnamed: 8"": ""23.2""}, {""Page: 136"": NaN, ""Unnamed: 1"": ""Diluted"", ""Unnamed: 2"": ""11"", ""Unnamed: 3"": ""33.0"", ""Unnamed: 4"": NaN, ""Unnamed: 5"": ""21.4"", ""Unnamed: 6"": ""28.8"", ""Unnamed: 7"": NaN, ""Unnamed: 8"": ""22.1""}]","[0.2428, 0.2428, 0.2821]"
Cash Flow Template,Total other operating income,What is Exchange differences under Cash flows from operating activities in Consolidated statement of cash flow for year 2023 and 2024?,"[{""Page: 171"": ""Table Index: 54"", ""Unnamed: 1"": NaN, ""Unnamed: 2"": NaN, ""Unnamed: 3"": NaN}, {""Page: 171"": ""Table Header: 28. Notes to the statement of cash flows, , "", ""Unnamed: 1"": NaN, ""Unnamed: 2"": NaN, ""Unnamed: 3"": NaN}, {""Page: 171"": ""Page Header: 28. Notes to the statement of cash flows | 2024 2023 | $\u2019m $\u2019m"", ""Unnamed: 1"": NaN, ""Unnamed: 2"": NaN, ""Unnamed: 3"": NaN}, {""Page: 171"": ""Notes Mentioned: None"", ""Unnamed: 1"": NaN, ""Unnamed: 2"": NaN, ""Unnamed: 3"": NaN}, {""Page: 171"": NaN, ""Unnamed: 1"": ""28. Notes to the statement of cash flows"", ""Unnamed: 2"": NaN, ""Unnamed: 3"": NaN}, {""Page: 171"": NaN, ""Unnamed: 1"": NaN, ""Unnamed: 2"": ""2024"", ""Unnamed: 3"": ""2023""}, {""Page: 171"": NaN, ""Unnamed: 1"": NaN, ""Unnamed: 2"": ""$\u2019m"", ""Unnamed: 3"": ""$\u2019m""}, {""Page: 171"": NaN, ""Unnamed: 1"": ""Profit for the period"", ""Unnamed: 2"": ""40.2"", ""Unnamed: 3"": ""37.4""}, {""Page: 171"": NaN, ""Unnamed: 1"": ""Adjustments for:"", ""Unnamed: 2"": NaN, ""Unnamed: 3"": NaN}, {""Page: 171"": NaN, ""Unnamed: 1"": ""Finance income (note 5)"", ""Unnamed: 2"": ""(1.3)"", ""Unnamed: 3"": ""(0.4)""}, {""Page: 171"": NaN, ""Unnamed: 1"": ""Finance costs (note 6)"", ""Unnamed: 2"": ""16.8"", ""Unnamed: 3"": ""9.5""}, {""Page: 171"": NaN, ""Unnamed: 1"": ""Income tax expense (note 10)"", ""Unnamed: 2"": ""11.4"", ""Unnamed: 3"": ""8.4""}, {""Page: 171"": NaN, ""Unnamed: 1"": ""Share of net profit from associates"", ""Unnamed: 2"": ""(3.2)"", ""Unnamed: 3"": ""(1.1)""}, {""Page: 171"": NaN, ""Unnamed: 1"": ""Depreciation of property, plant and equipment (note 14)"", ""Unnamed: 2"": ""12.3"", ""Unnamed: 3"": ""8.2""}, {""Page: 171"": NaN, ""Unnamed: 1"": ""Depreciation of right-of-use assets (note 15)"", ""Unnamed: 2"": ""7.4"", ""Unnamed: 3"": ""4.8""}, {""Page: 171"": NaN, ""Unnamed: 1"": ""Amortisation of intangible assets (note 13)"", ""Unnamed: 2"": ""15.6"", ""Unnamed: 3"": ""10.2""}, {""Page: 171"": NaN, ""Unnamed: 1"": ""Loss on disposal of property, plant and equipment"", ""Unnamed: 2"": ""\u2013"", ""Unnamed: 3"": ""0.1""}, {""Page: 171"": NaN, ""Unnamed: 1"": ""Share-based payment charge (note 29)"", ""Unnamed: 2"": ""6.3"", ""Unnamed: 3"": ""3.7""}, {""Page: 171"": NaN, ""Unnamed: 1"": ""Contingent consideration adjustments (note 4)"", ""Unnamed: 2"": ""(1.3)"", ""Unnamed: 3"": ""(1.3)""}, {""Page: 171"": NaN, ""Unnamed: 1"": ""Decrease in provisions"", ""Unnamed: 2"": ""(1.5)"", ""Unnamed: 3"": ""(1.1)""}, {""Page: 171"": NaN, ""Unnamed: 1"": ""Operating cash flow before movement in working capital"", ""Unnamed: 2"": ""102.7"", ""Unnamed: 3"": ""78.4""}, {""Page: 171"": NaN, ""Unnamed: 1"": ""Increase in inventories"", ""Unnamed: 2"": ""(5.6)"", ""Unnamed: 3"": ""(0.2)""}, {""Page: 171"": NaN, ""Unnamed: 1"": ""Increase in receivables"", ""Unnamed: 2"": ""(17.4)"", ""Unnamed: 3"": ""(15.4)""}, {""Page: 171"": NaN, ""Unnamed: 1"": ""Increase in payables"", ""Unnamed: 2"": ""24.9"", ""Unnamed: 3"": ""7.0""}, {""Page: 171"": NaN, ""Unnamed: 1"": ""Movement in working capital"", ""Unnamed: 2"": ""1.9"", ""Unnamed: 3"": ""(8.6)""}, {""Page: 171"": NaN, ""Unnamed: 1"": ""Cash generated from operations"", ""Unnamed: 2"": ""104.6"", ""Unnamed: 3"": ""69.8""}, {""Page: 171"": NaN, ""Unnamed: 1"": ""Cash generated from operations before adjusting operating items"", ""Unnamed: 2"": ""111.6"", ""Unnamed: 3"": ""72.0""}, {""Page: 171"": NaN, ""Unnamed: 1"": ""Cash used by adjusting operating items"", ""Unnamed: 2"": ""(7.0)"", ""Unnamed: 3"": ""(2.2)""}, {""Page: 171"": NaN, ""Unnamed: 1"": ""Taxation paid"", ""Unnamed: 2"": ""(14.9)"", ""Unnamed: 3"": ""(7.9)""}, {""Page: 171"": NaN, ""Unnamed: 1"": ""Interest paid"", ""Unnamed: 2"": ""(11.4)"", ""Unnamed: 3"": ""(6.2)""}, {""Page: 171"": NaN, ""Unnamed: 1"": ""Net cash generated from operating activities"", ""Unnamed: 2"": ""78.3"", ""Unnamed: 3"": ""55.7""}, {""Page: 171"": NaN, ""Unnamed: 1"": ""Cash and cash equivalents"", ""Unnamed: 2"": NaN, ""Unnamed: 3"": NaN}, {""Page: 171"": NaN, ""Unnamed: 1"": NaN, ""Unnamed: 2"": ""2024"", ""Unnamed: 3"": ""2023""}, {""Page: 171"": NaN, ""Unnamed: 1"": NaN, ""Unnamed: 2"": ""$\u2019m"", ""Unnamed: 3"": ""$\u2019m""}, {""Page: 171"": NaN, ""Unnamed: 1"": ""Cash and bank balances"", ""Unnamed: 2"": ""29.8"", ""Unnamed: 3"": ""22.5""}, {""Page: 171"": NaN, ""Unnamed: 1"": ""Bank overdrafts"", ""Unnamed: 2"": ""(1.0)"", ""Unnamed: 3"": ""(1.8)""}, {""Page: 171"": NaN, ""Unnamed: 1"": NaN, ""Unnamed: 2"": ""28.8"", ""Unnamed: 3"": ""20.7""}, {""Page: 171"": NaN, ""Unnamed: 1"": NaN, ""Unnamed: 2"": ""Cash and cash equivalents comprise cash held by the Group and bank overdrafts. The carrying amount of these assets"", ""Unnamed: 3"": NaN}, {""Page: 171"": NaN, ""Unnamed: 1"": NaN, ""Unnamed: 2"": ""approximates their fair value. Included within cash and cash equivalents is $nil (2023: $0.1m) held in trust, which can only be"", ""Unnamed: 3"": NaN}, {""Page: 171"": NaN, ""Unnamed: 1"": ""used for Volex employees."", ""Unnamed: 2"": NaN, ""Unnamed: 3"": NaN}]
---
[{""Page: 138"": ""Table Index: 15"", ""Unnamed: 1"": NaN, ""Unnamed: 2"": NaN, ""Unnamed: 3"": NaN, ""Unnamed: 4"": NaN}, {""Page: 138"": ""Table Header: , , 2024, 2023"", ""Unnamed: 1"": NaN, ""Unnamed: 2"": NaN, ""Unnamed: 3"": NaN, ""Unnamed: 4"": NaN}, {""Page: 138"": ""Page Header: Consolidated Statement of Financial Position | As at 31 March 2024 (2 April 2023) | 2024 2023"", ""Unnamed: 1"": NaN, ""Unnamed: 2"": NaN, ""Unnamed: 3"": NaN, ""Unnamed: 4"": NaN}, {""Page: 138"": ""Notes Mentioned: None"", ""Unnamed: 1"": NaN, ""Unnamed: 2"": NaN, ""Unnamed: 3"": NaN, ""Unnamed: 4"": NaN}, {""Page: 138"": NaN, ""Unnamed: 1"": NaN, ""Unnamed: 2"": NaN, ""Unnamed: 3"": ""2024"", ""Unnamed: 4"": ""2023""}, {""Page: 138"": NaN, ""Unnamed: 1"": NaN, ""Unnamed: 2"": ""Notes"", ""Unnamed: 3"": ""$\u2019m"", ""Unnamed: 4"": ""$\u2019m""}, {""Page: 138"": NaN, ""Unnamed: 1"": ""Non-current assets"", ""Unnamed: 2"": NaN, ""Unnamed: 3"": NaN, ""Unnamed: 4"": NaN}, {""Page: 138"": NaN, ""Unnamed: 1"": ""Goodwill"", ""Unnamed: 2"": ""12"", ""Unnamed: 3"": ""121.4"", ""Unnamed: 4"": ""82.3""}, {""Page: 138"": NaN, ""Unnamed: 1"": ""Other intangible assets"", ""Unnamed: 2"": ""13"", ""Unnamed: 3"": ""131.7"", ""Unnamed: 4"": ""41.8""}, {""Page: 138"": NaN, ""Unnamed: 1"": ""Property, plant and equipment"", ""Unnamed: 2"": ""14"", ""Unnamed: 3"": ""91.8"", ""Unnamed: 4"": ""50.1""}, {""Page: 138"": NaN, ""Unnamed: 1"": ""Right-of-use assets"", ""Unnamed: 2"": ""15"", ""Unnamed: 3"": ""38.4"", ""Unnamed: 4"": ""34.5""}, {""Page: 138"": NaN, ""Unnamed: 1"": ""Interests in associates"", ""Unnamed: 2"": ""16"", ""Unnamed: 3"": ""8.1"", ""Unnamed: 4"": ""2.6""}, {""Page: 138"": NaN, ""Unnamed: 1"": ""Other receivables"", ""Unnamed: 2"": ""18"", ""Unnamed: 3"": ""2.0"", ""Unnamed: 4"": ""1.8""}, {""Page: 138"": NaN, ""Unnamed: 1"": ""Derivative financial instruments"", ""Unnamed: 2"": ""31"", ""Unnamed: 3"": ""1.5"", ""Unnamed: 4"": ""0.9""}, {""Page: 138"": NaN, ""Unnamed: 1"": ""Retirement benefit asset"", ""Unnamed: 2"": ""30"", ""Unnamed: 3"": ""0.4"", ""Unnamed: 4"": ""\u2013""}, {""Page: 138"": NaN, ""Unnamed: 1"": ""Deferred tax assets"", ""Unnamed: 2"": ""21"", ""Unnamed: 3"": ""25.9"", ""Unnamed: 4"": ""24.6""}, {""Page: 138"": NaN, ""Unnamed: 1"": NaN, ""Unnamed: 2"": NaN, ""Unnamed: 3"": ""421.2"", ""Unnamed: 4"": ""238.6""}, {""Page: 138"": NaN, ""Unnamed: 1"": ""Current assets"", ""Unnamed: 2"": NaN, ""Unnamed: 3"": NaN, ""Unnamed: 4"": NaN}, {""Page: 138"": NaN, ""Unnamed: 1"": ""Inventories"", ""Unnamed: 2"": ""17"", ""Unnamed: 3"": ""174.3"", ""Unnamed: 4"": ""120.5""}, {""Page: 138"": NaN, ""Unnamed: 1"": ""Trade receivables"", ""Unnamed: 2"": ""18"", ""Unnamed: 3"": ""187.6"", ""Unnamed: 4"": ""136.2""}, {""Page: 138"": NaN, ""Unnamed: 1"": ""Other receivables"", ""Unnamed: 2"": ""18"", ""Unnamed: 3"": ""23.4"", ""Unnamed: 4"": ""15.7""}, {""Page: 138"": NaN, ""Unnamed: 1"": ""Current tax assets"", ""Unnamed: 2"": NaN, ""Unnamed: 3"": ""1.8"", ""Unnamed: 4"": ""0.8""}, {""Page: 138"": NaN, ""Unnamed: 1"": ""Derivative financial instruments"", ""Unnamed: 2"": ""31"", ""Unnamed: 3"": ""1.0"", ""Unnamed: 4"": ""0.9""}, {""Page: 138"": NaN, ""Unnamed: 1"": ""Cash and bank balances"", ""Unnamed: 2"": ""28"", ""Unnamed: 3"": ""29.8"", ""Unnamed: 4"": ""22.5""}, {""Page: 138"": NaN, ""Unnamed: 1"": NaN, ""Unnamed: 2"": NaN, ""Unnamed: 3"": ""417.9"", ""Unnamed: 4"": ""296.6""}, {""Page: 138"": NaN, ""Unnamed: 1"": ""Total assets"", ""Unnamed: 2"": NaN, ""Unnamed: 3"": ""839.1"", ""Unnamed: 4"": ""535.2""}, {""Page: 138"": NaN, ""Unnamed: 1"": ""Current liabilities"", ""Unnamed: 2"": NaN, ""Unnamed: 3"": NaN, ""Unnamed: 4"": NaN}, {""Page: 138"": NaN, ""Unnamed: 1"": ""Borrowings"", ""Unnamed: 2"": ""19"", ""Unnamed: 3"": ""3.3"", ""Unnamed: 4"": ""1.8""}, {""Page: 138"": NaN, ""Unnamed: 1"": ""Lease liabilities"", ""Unnamed: 2"": ""19"", ""Unnamed: 3"": ""21.3"", ""Unnamed: 4"": ""15.6""}, {""Page: 138"": NaN, ""Unnamed: 1"": ""Trade payables"", ""Unnamed: 2"": ""20"", ""Unnamed: 3"": ""133.1"", ""Unnamed: 4"": ""84.4""}, {""Page: 138"": NaN, ""Unnamed: 1"": ""Other payables"", ""Unnamed: 2"": ""20"", ""Unnamed: 3"": ""101.4"", ""Unnamed: 4"": ""65.2""}, {""Page: 138"": NaN, ""Unnamed: 1"": ""Current tax liabilities"", ""Unnamed: 2"": NaN, ""Unnamed: 3"": ""18.3"", ""Unnamed: 4"": ""14.5""}, {""Page: 138"": NaN, ""Unnamed: 1"": ""Retirement benefit obligations"", ""Unnamed: 2"": ""30"", ""Unnamed: 3"": ""\u2013"", ""Unnamed: 4"": ""0.3""}, {""Page: 138"": NaN, ""Unnamed: 1"": ""Provisions"", ""Unnamed: 2"": ""22"", ""Unnamed: 3"": ""2.9"", ""Unnamed: 4"": ""0.9""}, {""Page: 138"": NaN, ""Unnamed: 1"": ""Derivative financial instruments"", ""Unnamed: 2"": ""31"", ""Unnamed: 3"": ""0.4"", ""Unnamed: 4"": ""\u2013""}, {""Page: 138"": NaN, ""Unnamed: 1"": NaN, ""Unnamed: 2"": NaN, ""Unnamed: 3"": ""280.7"", ""Unnamed: 4"": ""182.7""}, {""Page: 138"": NaN, ""Unnamed: 1"": ""Net current assets"", ""Unnamed: 2"": NaN, ""Unnamed: 3"": ""137.2"", ""Unnamed: 4"": ""113.9""}, {""Page: 138"": NaN, ""Unnamed: 1"": ""Non-current liabilities"", ""Unnamed: 2"": NaN, ""Unnamed: 3"": NaN, ""Unnamed: 4"": NaN}, {""Page: 138"": NaN, ""Unnamed: 1"": ""Borrowings"", ""Unnamed: 2"": ""19"", ""Unnamed: 3"": ""143.1"", ""Unnamed: 4"": ""89.6""}, {""Page: 138"": NaN, ""Unnamed: 1"": ""Lease liabilities"", ""Unnamed: 2"": ""19"", ""Unnamed: 3"": ""16.1"", ""Unnamed: 4"": ""19.2""}, {""Page: 138"": NaN, ""Unnamed: 1"": ""Other payables"", ""Unnamed: 2"": ""20"", ""Unnamed: 3"": ""26.9"", ""Unnamed: 4"": ""1.4""}, {""Page: 138"": NaN, ""Unnamed: 1"": ""Deferred tax liabilities"", ""Unnamed: 2"": ""21"", ""Unnamed: 3"": ""28.2"", ""Unnamed: 4"": ""6.9""}, {""Page: 138"": NaN, ""Unnamed: 1"": ""Retirement benefit obligations"", ""Unnamed: 2"": ""30"", ""Unnamed: 3"": ""7.5"", ""Unnamed: 4"": ""2.3""}, {""Page: 138"": NaN, ""Unnamed: 1"": ""Provisions"", ""Unnamed: 2"": ""22"", ""Unnamed: 3"": ""1.0"", ""Unnamed: 4"": ""0.4""}, {""Page: 138"": NaN, ""Unnamed: 1"": NaN, ""Unnamed: 2"": NaN, ""Unnamed: 3"": ""222.8"", ""Unnamed: 4"": ""119.8""}, {""Page: 138"": NaN, ""Unnamed: 1"": ""Total liabilities"", ""Unnamed: 2"": NaN, ""Unnamed: 3"": ""503.5"", ""Unnamed: 4"": ""302.5""}, {""Page: 138"": NaN, ""Unnamed: 1"": ""Net assets"", ""Unnamed: 2"": NaN, ""Unnamed: 3"": ""335.6"", ""Unnamed: 4"": ""232.7""}, {""Page: 138"": NaN, ""Unnamed: 1"": ""Equity"", ""Unnamed: 2"": NaN, ""Unnamed: 3"": NaN, ""Unnamed: 4"": NaN}, {""Page: 138"": NaN, ""Unnamed: 1"": ""Share capital"", ""Unnamed: 2"": ""23"", ""Unnamed: 3"": ""69.6"", ""Unnamed: 4"": ""62.7""}, {""Page: 138"": NaN, ""Unnamed: 1"": ""Share premium account"", ""Unnamed: 2"": ""23"", ""Unnamed: 3"": ""62.0"", ""Unnamed: 4"": ""60.7""}, {""Page: 138"": NaN, ""Unnamed: 1"": ""Non-distributable reserve"", ""Unnamed: 2"": ""24"", ""Unnamed: 3"": ""2.5"", ""Unnamed: 4"": ""2.5""}, {""Page: 138"": NaN, ""Unnamed: 1"": ""Hedging and translation reserve"", ""Unnamed: 2"": NaN, ""Unnamed: 3"": ""(13.9)"", ""Unnamed: 4"": ""(14.6)""}, {""Page: 138"": NaN, ""Unnamed: 1"": ""Own shares"", ""Unnamed: 2"": ""24"", ""Unnamed: 3"": ""(4.3)"", ""Unnamed: 4"": ""(1.0)""}, {""Page: 138"": NaN, ""Unnamed: 1"": ""Retained earnings"", ""Unnamed: 2"": NaN, ""Unnamed: 3"": ""211.3"", ""Unnamed: 4"": ""115.0""}, {""Page: 138"": NaN, ""Unnamed: 1"": ""Total attributable to owners of the parent"", ""Unnamed: 2"": NaN, ""Unnamed: 3"": ""327.2"", ""Unnamed: 4"": ""225.3""}, {""Page: 138"": NaN, ""Unnamed: 1"": ""Non-controlling interests"", ""Unnamed: 2"": ""25"", ""Unnamed: 3"": ""8.4"", ""Unnamed: 4"": ""7.4""}, {""Page: 138"": NaN, ""Unnamed: 1"": ""Total equity"", ""Unnamed: 2"": NaN, ""Unnamed: 3"": ""335.6"", ""Unnamed: 4"": ""232.7""}, {""Page: 138"": NaN, ""Unnamed: 1"": NaN, ""Unnamed: 2"": ""The notes on pages 139 to 181 are an integral part of these financial statements. The consolidated financial statements of"", ""Unnamed: 3"": NaN, ""Unnamed: 4"": NaN}]
---
[{""Page: 136"": ""Table Index: 13"", ""Unnamed: 1"": NaN, ""Unnamed: 2"": NaN, ""Unnamed: 3"": NaN, ""Unnamed: 4"": NaN, ""Unnamed: 5"": NaN, ""Unnamed: 6"": NaN, ""Unnamed: 7"": NaN, ""Unnamed: 8"": NaN}, {""Page: 136"": ""Table Header: , , , 2024, , , 2023, "", ""Unnamed: 1"": NaN, ""Unnamed: 2"": NaN, ""Unnamed: 3"": NaN, ""Unnamed: 4"": NaN, ""Unnamed: 5"": NaN, ""Unnamed: 6"": NaN, ""Unnamed: 7"": NaN, ""Unnamed: 8"": NaN}, {""Page: 136"": ""Page Header: Consolidated Income Statement | For the 52 weeks ended 31 March 2024 (52 weeks ended 2 April 2023) | 2024 2023"", ""Unnamed: 1"": NaN, ""Unnamed: 2"": NaN, ""Unnamed: 3"": NaN, ""Unnamed: 4"": NaN, ""Unnamed: 5"": NaN, ""Unnamed: 6"": NaN, ""Unnamed: 7"": NaN, ""Unnamed: 8"": NaN}, {""Page: 136"": ""Notes Mentioned: Note 4, Note 4"", ""Unnamed: 1"": NaN, ""Unnamed: 2"": NaN, ""Unnamed: 3"": NaN, ""Unnamed: 4"": NaN, ""Unnamed: 5"": NaN, ""Unnamed: 6"": NaN, ""Unnamed: 7"": NaN, ""Unnamed: 8"": NaN}, {""Page: 136"": NaN, ""Unnamed: 1"": NaN, ""Unnamed: 2"": NaN, ""Unnamed: 3"": NaN, ""Unnamed: 4"": ""2024"", ""Unnamed: 5"": NaN, ""Unnamed: 6"": NaN, ""Unnamed: 7"": ""2023"", ""Unnamed: 8"": NaN}, {""Page: 136"": NaN, ""Unnamed: 1"": NaN, ""Unnamed: 2"": NaN, ""Unnamed: 3"": ""Before"", ""Unnamed: 4"": ""Adjusting"", ""Unnamed: 5"": NaN, ""Unnamed: 6"": ""Before"", ""Unnamed: 7"": ""Adjusting"", ""Unnamed: 8"": NaN}, {""Page: 136"": NaN, ""Unnamed: 1"": NaN, ""Unnamed: 2"": NaN, ""Unnamed: 3"": ""adjusting"", ""Unnamed: 4"": ""items and"", ""Unnamed: 5"": NaN, ""Unnamed: 6"": ""adjusting"", ""Unnamed: 7"": ""items and"", ""Unnamed: 8"": NaN}, {""Page: 136"": NaN, ""Unnamed: 1"": NaN, ""Unnamed: 2"": NaN, ""Unnamed: 3"": ""items and"", ""Unnamed: 4"": ""share-based"", ""Unnamed: 5"": NaN, ""Unnamed: 6"": ""items and"", ""Unnamed: 7"": ""share-based"", ""Unnamed: 8"": NaN}, {""Page: 136"": NaN, ""Unnamed: 1"": NaN, ""Unnamed: 2"": NaN, ""Unnamed: 3"": ""share-based"", ""Unnamed: 4"": ""payments"", ""Unnamed: 5"": NaN, ""Unnamed: 6"": ""share-based"", ""Unnamed: 7"": ""payments"", ""Unnamed: 8"": NaN}, {""Page: 136"": NaN, ""Unnamed: 1"": NaN, ""Unnamed: 2"": NaN, ""Unnamed: 3"": ""payments"", ""Unnamed: 4"": ""(Note 4)"", ""Unnamed: 5"": ""Total"", ""Unnamed: 6"": ""payments"", ""Unnamed: 7"": ""(Note 4)"", ""Unnamed: 8"": ""Total""}, {""Page: 136"": NaN, ""Unnamed: 1"": NaN, ""Unnamed: 2"": ""Notes"", ""Unnamed: 3"": ""$\u2019m"", ""Unnamed: 4"": ""$\u2019m"", ""Unnamed: 5"": ""$\u2019m"", ""Unnamed: 6"": ""$\u2019m"", ""Unnamed: 7"": ""$\u2019m"", ""Unnamed: 8"": ""$\u2019m""}, {""Page: 136"": NaN, ""Unnamed: 1"": ""Revenue"", ""Unnamed: 2"": ""3"", ""Unnamed: 3"": ""912.8"", ""Unnamed: 4"": ""\u2013"", ""Unnamed: 5"": ""912.8"", ""Unnamed: 6"": ""722.8"", ""Unnamed: 7"": ""\u2013"", ""Unnamed: 8"": ""722.8""}, {""Page: 136"": NaN, ""Unnamed: 1"": ""Cost of sales"", ""Unnamed: 2"": NaN, ""Unnamed: 3"": ""(710.0)"", ""Unnamed: 4"": ""\u2013"", ""Unnamed: 5"": ""(710.0)"", ""Unnamed: 6"": ""(565.8)"", ""Unnamed: 7"": ""\u2013"", ""Unnamed: 8"": ""(565.8)""}, {""Page: 136"": NaN, ""Unnamed: 1"": ""Gross profit"", ""Unnamed: 2"": NaN, ""Unnamed: 3"": ""202.8"", ""Unnamed: 4"": ""\u2013"", ""Unnamed: 5"": ""202.8"", ""Unnamed: 6"": ""157.0"", ""Unnamed: 7"": ""\u2013"", ""Unnamed: 8"": ""157.0""}, {""Page: 136"": NaN, ""Unnamed: 1"": ""Operating expenses"", ""Unnamed: 2"": NaN, ""Unnamed: 3"": ""(113.1)"", ""Unnamed: 4"": ""(25.8)"", ""Unnamed: 5"": ""(138.9)"", ""Unnamed: 6"": ""(89.7)"", ""Unnamed: 7"": ""(13.5)"", ""Unnamed: 8"": ""(103.2)""}, {""Page: 136"": NaN, ""Unnamed: 1"": ""Operating profit"", ""Unnamed: 2"": ""7"", ""Unnamed: 3"": ""89.7"", ""Unnamed: 4"": ""(25.8)"", ""Unnamed: 5"": ""63.9"", ""Unnamed: 6"": ""67.3"", ""Unnamed: 7"": ""(13.5)"", ""Unnamed: 8"": ""53.8""}, {""Page: 136"": NaN, ""Unnamed: 1"": ""Share of net profit from"", ""Unnamed: 2"": NaN, ""Unnamed: 3"": NaN, ""Unnamed: 4"": NaN, ""Unnamed: 5"": NaN, ""Unnamed: 6"": NaN, ""Unnamed: 7"": NaN, ""Unnamed: 8"": NaN}, {""Page: 136"": NaN, ""Unnamed: 1"": ""associates"", ""Unnamed: 2"": ""16"", ""Unnamed: 3"": ""3.2"", ""Unnamed: 4"": ""\u2013"", ""Unnamed: 5"": ""3.2"", ""Unnamed: 6"": ""1.1"", ""Unnamed: 7"": ""\u2013"", ""Unnamed: 8"": ""1.1""}, {""Page: 136"": NaN, ""Unnamed: 1"": ""Finance income"", ""Unnamed: 2"": ""5"", ""Unnamed: 3"": ""1.3"", ""Unnamed: 4"": ""\u2013"", ""Unnamed: 5"": ""1.3"", ""Unnamed: 6"": ""0.4"", ""Unnamed: 7"": ""\u2013"", ""Unnamed: 8"": ""0.4""}, {""Page: 136"": NaN, ""Unnamed: 1"": ""Finance costs"", ""Unnamed: 2"": ""6"", ""Unnamed: 3"": ""(16.8)"", ""Unnamed: 4"": ""\u2013"", ""Unnamed: 5"": ""(16.8)"", ""Unnamed: 6"": ""(9.5)"", ""Unnamed: 7"": ""\u2013"", ""Unnamed: 8"": ""(9.5)""}, {""Page: 136"": NaN, ""Unnamed: 1"": ""Profit before taxation"", ""Unnamed: 2"": NaN, ""Unnamed: 3"": ""77.4"", ""Unnamed: 4"": ""(25.8)"", ""Unnamed: 5"": ""51.6"", ""Unnamed: 6"": ""59.3"", ""Unnamed: 7"": ""(13.5)"", ""Unnamed: 8"": ""45.8""}, {""Page: 136"": NaN, ""Unnamed: 1"": ""Taxation"", ""Unnamed: 2"": ""10"", ""Unnamed: 3"": ""(15.9)"", ""Unnamed: 4"": ""4.5"", ""Unnamed: 5"": ""(11.4)"", ""Unnamed: 6"": ""(10.7)"", ""Unnamed: 7"": ""2.3"", ""Unnamed: 8"": ""(8.4)""}, {""Page: 136"": NaN, ""Unnamed: 1"": ""Profit for the period"", ""Unnamed: 2"": NaN, ""Unnamed: 3"": ""61.5"", ""Unnamed: 4"": ""(21.3)"", ""Unnamed: 5"": ""40.2"", ""Unnamed: 6"": ""48.6"", ""Unnamed: 7"": ""(11.2)"", ""Unnamed: 8"": ""37.4""}, {""Page: 136"": NaN, ""Unnamed: 1"": ""Profit is attributable to:"", ""Unnamed: 2"": NaN, ""Unnamed: 3"": NaN, ""Unnamed: 4"": NaN, ""Unnamed: 5"": NaN, ""Unnamed: 6"": NaN, ""Unnamed: 7"": NaN, ""Unnamed: 8"": NaN}, {""Page: 136"": NaN, ""Unnamed: 1"": ""Owners of the parent"", ""Unnamed: 2"": NaN, ""Unnamed: 3"": ""60.5"", ""Unnamed: 4"": ""(21.2)"", ""Unnamed: 5"": ""39.3"", ""Unnamed: 6"": ""48.0"", ""Unnamed: 7"": ""(11.2)"", ""Unnamed: 8"": ""36.8""}, {""Page: 136"": NaN, ""Unnamed: 1"": ""Non-controlling interests"", ""Unnamed: 2"": NaN, ""Unnamed: 3"": ""1.0"", ""Unnamed: 4"": ""(0.1)"", ""Unnamed: 5"": ""0.9"", ""Unnamed: 6"": ""0.6"", ""Unnamed: 7"": ""\u2013"", ""Unnamed: 8"": ""0.6""}, {""Page: 136"": NaN, ""Unnamed: 1"": NaN, ""Unnamed: 2"": NaN, ""Unnamed: 3"": ""61.5"", ""Unnamed: 4"": ""(21.3)"", ""Unnamed: 5"": ""40.2"", ""Unnamed: 6"": ""48.6"", ""Unnamed: 7"": ""(11.2)"", ""Unnamed: 8"": ""37.4""}, {""Page: 136"": NaN, ""Unnamed: 1"": ""Earnings per share (cents)"", ""Unnamed: 2"": NaN, ""Unnamed: 3"": NaN, ""Unnamed: 4"": NaN, ""Unnamed: 5"": NaN, ""Unnamed: 6"": NaN, ""Unnamed: 7"": NaN, ""Unnamed: 8"": NaN}, {""Page: 136"": NaN, ""Unnamed: 1"": ""Basic"", ""Unnamed: 2"": ""11"", ""Unnamed: 3"": ""33.7"", ""Unnamed: 4"": NaN, ""Unnamed: 5"": ""21.8"", ""Unnamed: 6"": ""30.2"", ""Unnamed: 7"": NaN, ""Unnamed: 8"": ""23.2""}, {""Page: 136"": NaN, ""Unnamed: 1"": ""Diluted"", ""Unnamed: 2"": ""11"", ""Unnamed: 3"": ""33.0"", ""Unnamed: 4"": NaN, ""Unnamed: 5"": ""21.4"", ""Unnamed: 6"": ""28.8"", ""Unnamed: 7"": NaN, ""Unnamed: 8"": ""22.1""}]","[0.2366, 0.2874, 0.301]"
Cash Flow Template,Total other operating income,What is Other under Cash flows from operating activities in Consolidated cash flow statement for year 2023 and 2024?,"[{""Page: 171"": ""Table Index: 54"", ""Unnamed: 1"": NaN, ""Unnamed: 2"": NaN, ""Unnamed: 3"": NaN}, {""Page: 171"": ""Table Header: 28. Notes to the statement of cash flows, , "", ""Unnamed: 1"": NaN, ""Unnamed: 2"": NaN, ""Unnamed: 3"": NaN}, {""Page: 171"": ""Page Header: 28. Notes to the statement of cash flows | 2024 2023 | $\u2019m $\u2019m"", ""Unnamed: 1"": NaN, ""Unnamed: 2"": NaN, ""Unnamed: 3"": NaN}, {""Page: 171"": ""Notes Mentioned: None"", ""Unnamed: 1"": NaN, ""Unnamed: 2"": NaN, ""Unnamed: 3"": NaN}, {""Page: 171"": NaN, ""Unnamed: 1"": ""28. Notes to the statement of cash flows"", ""Unnamed: 2"": NaN, ""Unnamed: 3"": NaN}, {""Page: 171"": NaN, ""Unnamed: 1"": NaN, ""Unnamed: 2"": ""2024"", ""Unnamed: 3"": ""2023""}, {""Page: 171"": NaN, ""Unnamed: 1"": NaN, ""Unnamed: 2"": ""$\u2019m"", ""Unnamed: 3"": ""$\u2019m""}, {""Page: 171"": NaN, ""Unnamed: 1"": ""Profit for the period"", ""Unnamed: 2"": ""40.2"", ""Unnamed: 3"": ""37.4""}, {""Page: 171"": NaN, ""Unnamed: 1"": ""Adjustments for:"", ""Unnamed: 2"": NaN, ""Unnamed: 3"": NaN}, {""Page: 171"": NaN, ""Unnamed: 1"": ""Finance income (note 5)"", ""Unnamed: 2"": ""(1.3)"", ""Unnamed: 3"": ""(0.4)""}, {""Page: 171"": NaN, ""Unnamed: 1"": ""Finance costs (note 6)"", ""Unnamed: 2"": ""16.8"", ""Unnamed: 3"": ""9.5""}, {""Page: 171"": NaN, ""Unnamed: 1"": ""Income tax expense (note 10)"", ""Unnamed: 2"": ""11.4"", ""Unnamed: 3"": ""8.4""}, {""Page: 171"": NaN, ""Unnamed: 1"": ""Share of net profit from associates"", ""Unnamed: 2"": ""(3.2)"", ""Unnamed: 3"": ""(1.1)""}, {""Page: 171"": NaN, ""Unnamed: 1"": ""Depreciation of property, plant and equipment (note 14)"", ""Unnamed: 2"": ""12.3"", ""Unnamed: 3"": ""8.2""}, {""Page: 171"": NaN, ""Unnamed: 1"": ""Depreciation of right-of-use assets (note 15)"", ""Unnamed: 2"": ""7.4"", ""Unnamed: 3"": ""4.8""}, {""Page: 171"": NaN, ""Unnamed: 1"": ""Amortisation of intangible assets (note 13)"", ""Unnamed: 2"": ""15.6"", ""Unnamed: 3"": ""10.2""}, {""Page: 171"": NaN, ""Unnamed: 1"": ""Loss on disposal of property, plant and equipment"", ""Unnamed: 2"": ""\u2013"", ""Unnamed: 3"": ""0.1""}, {""Page: 171"": NaN, ""Unnamed: 1"": ""Share-based payment charge (note 29)"", ""Unnamed: 2"": ""6.3"", ""Unnamed: 3"": ""3.7""}, {""Page: 171"": NaN, ""Unnamed: 1"": ""Contingent consideration adjustments (note 4)"", ""Unnamed: 2"": ""(1.3)"", ""Unnamed: 3"": ""(1.3)""}, {""Page: 171"": NaN, ""Unnamed: 1"": ""Decrease in provisions"", ""Unnamed: 2"": ""(1.5)"", ""Unnamed: 3"": ""(1.1)""}, {""Page: 171"": NaN, ""Unnamed: 1"": ""Operating cash flow before movement in working capital"", ""Unnamed: 2"": ""102.7"", ""Unnamed: 3"": ""78.4""}, {""Page: 171"": NaN, ""Unnamed: 1"": ""Increase in inventories"", ""Unnamed: 2"": ""(5.6)"", ""Unnamed: 3"": ""(0.2)""}, {""Page: 171"": NaN, ""Unnamed: 1"": ""Increase in receivables"", ""Unnamed: 2"": ""(17.4)"", ""Unnamed: 3"": ""(15.4)""}, {""Page: 171"": NaN, ""Unnamed: 1"": ""Increase in payables"", ""Unnamed: 2"": ""24.9"", ""Unnamed: 3"": ""7.0""}, {""Page: 171"": NaN, ""Unnamed: 1"": ""Movement in working capital"", ""Unnamed: 2"": ""1.9"", ""Unnamed: 3"": ""(8.6)""}, {""Page: 171"": NaN, ""Unnamed: 1"": ""Cash generated from operations"", ""Unnamed: 2"": ""104.6"", ""Unnamed: 3"": ""69.8""}, {""Page: 171"": NaN, ""Unnamed: 1"": ""Cash generated from operations before adjusting operating items"", ""Unnamed: 2"": ""111.6"", ""Unnamed: 3"": ""72.0""}, {""Page: 171"": NaN, ""Unnamed: 1"": ""Cash used by adjusting operating items"", ""Unnamed: 2"": ""(7.0)"", ""Unnamed: 3"": ""(2.2)""}, {""Page: 171"": NaN, ""Unnamed: 1"": ""Taxation paid"", ""Unnamed: 2"": ""(14.9)"", ""Unnamed: 3"": ""(7.9)""}, {""Page: 171"": NaN, ""Unnamed: 1"": ""Interest paid"", ""Unnamed: 2"": ""(11.4)"", ""Unnamed: 3"": ""(6.2)""}, {""Page: 171"": NaN, ""Unnamed: 1"": ""Net cash generated from operating activities"", ""Unnamed: 2"": ""78.3"", ""Unnamed: 3"": ""55.7""}, {""Page: 171"": NaN, ""Unnamed: 1"": ""Cash and cash equivalents"", ""Unnamed: 2"": NaN, ""Unnamed: 3"": NaN}, {""Page: 171"": NaN, ""Unnamed: 1"": NaN, ""Unnamed: 2"": ""2024"", ""Unnamed: 3"": ""2023""}, {""Page: 171"": NaN, ""Unnamed: 1"": NaN, ""Unnamed: 2"": ""$\u2019m"", ""Unnamed: 3"": ""$\u2019m""}, {""Page: 171"": NaN, ""Unnamed: 1"": ""Cash and bank balances"", ""Unnamed: 2"": ""29.8"", ""Unnamed: 3"": ""22.5""}, {""Page: 171"": NaN, ""Unnamed: 1"": ""Bank overdrafts"", ""Unnamed: 2"": ""(1.0)"", ""Unnamed: 3"": ""(1.8)""}, {""Page: 171"": NaN, ""Unnamed: 1"": NaN, ""Unnamed: 2"": ""28.8"", ""Unnamed: 3"": ""20.7""}, {""Page: 171"": NaN, ""Unnamed: 1"": NaN, ""Unnamed: 2"": ""Cash and cash equivalents comprise cash held by the Group and bank overdrafts. The carrying amount of these assets"", ""Unnamed: 3"": NaN}, {""Page: 171"": NaN, ""Unnamed: 1"": NaN, ""Unnamed: 2"": ""approximates their fair value. Included within cash and cash equivalents is $nil (2023: $0.1m) held in trust, which can only be"", ""Unnamed: 3"": NaN}, {""Page: 171"": NaN, ""Unnamed: 1"": ""used for Volex employees."", ""Unnamed: 2"": NaN, ""Unnamed: 3"": NaN}]
---
[{""Page: 138"": ""Table Index: 15"", ""Unnamed: 1"": NaN, ""Unnamed: 2"": NaN, ""Unnamed: 3"": NaN, ""Unnamed: 4"": NaN}, {""Page: 138"": ""Table Header: , , 2024, 2023"", ""Unnamed: 1"": NaN, ""Unnamed: 2"": NaN, ""Unnamed: 3"": NaN, ""Unnamed: 4"": NaN}, {""Page: 138"": ""Page Header: Consolidated Statement of Financial Position | As at 31 March 2024 (2 April 2023) | 2024 2023"", ""Unnamed: 1"": NaN, ""Unnamed: 2"": NaN, ""Unnamed: 3"": NaN, ""Unnamed: 4"": NaN}, {""Page: 138"": ""Notes Mentioned: None"", ""Unnamed: 1"": NaN, ""Unnamed: 2"": NaN, ""Unnamed: 3"": NaN, ""Unnamed: 4"": NaN}, {""Page: 138"": NaN, ""Unnamed: 1"": NaN, ""Unnamed: 2"": NaN, ""Unnamed: 3"": ""2024"", ""Unnamed: 4"": ""2023""}, {""Page: 138"": NaN, ""Unnamed: 1"": NaN, ""Unnamed: 2"": ""Notes"", ""Unnamed: 3"": ""$\u2019m"", ""Unnamed: 4"": ""$\u2019m""}, {""Page: 138"": NaN, ""Unnamed: 1"": ""Non-current assets"", ""Unnamed: 2"": NaN, ""Unnamed: 3"": NaN, ""Unnamed: 4"": NaN}, {""Page: 138"": NaN, ""Unnamed: 1"": ""Goodwill"", ""Unnamed: 2"": ""12"", ""Unnamed: 3"": ""121.4"", ""Unnamed: 4"": ""82.3""}, {""Page: 138"": NaN, ""Unnamed: 1"": ""Other intangible assets"", ""Unnamed: 2"": ""13"", ""Unnamed: 3"": ""131.7"", ""Unnamed: 4"": ""41.8""}, {""Page: 138"": NaN, ""Unnamed: 1"": ""Property, plant and equipment"", ""Unnamed: 2"": ""14"", ""Unnamed: 3"": ""91.8"", ""Unnamed: 4"": ""50.1""}, {""Page: 138"": NaN, ""Unnamed: 1"": ""Right-of-use assets"", ""Unnamed: 2"": ""15"", ""Unnamed: 3"": ""38.4"", ""Unnamed: 4"": ""34.5""}, {""Page: 138"": NaN, ""Unnamed: 1"": ""Interests in associates"", ""Unnamed: 2"": ""16"", ""Unnamed: 3"": ""8.1"", ""Unnamed: 4"": ""2.6""}, {""Page: 138"": NaN, ""Unnamed: 1"": ""Other receivables"", ""Unnamed: 2"": ""18"", ""Unnamed: 3"": ""2.0"", ""Unnamed: 4"": ""1.8""}, {""Page: 138"": NaN, ""Unnamed: 1"": ""Derivative financial instruments"", ""Unnamed: 2"": ""31"", ""Unnamed: 3"": ""1.5"", ""Unnamed: 4"": ""0.9""}, {""Page: 138"": NaN, ""Unnamed: 1"": ""Retirement benefit asset"", ""Unnamed: 2"": ""30"", ""Unnamed: 3"": ""0.4"", ""Unnamed: 4"": ""\u2013""}, {""Page: 138"": NaN, ""Unnamed: 1"": ""Deferred tax assets"", ""Unnamed: 2"": ""21"", ""Unnamed: 3"": ""25.9"", ""Unnamed: 4"": ""24.6""}, {""Page: 138"": NaN, ""Unnamed: 1"": NaN, ""Unnamed: 2"": NaN, ""Unnamed: 3"": ""421.2"", ""Unnamed: 4"": ""238.6""}, {""Page: 138"": NaN, ""Unnamed: 1"": ""Current assets"", ""Unnamed: 2"": NaN, ""Unnamed: 3"": NaN, ""Unnamed: 4"": NaN}, {""Page: 138"": NaN, ""Unnamed: 1"": ""Inventories"", ""Unnamed: 2"": ""17"", ""Unnamed: 3"": ""174.3"", ""Unnamed: 4"": ""120.5""}, {""Page: 138"": NaN, ""Unnamed: 1"": ""Trade receivables"", ""Unnamed: 2"": ""18"", ""Unnamed: 3"": ""187.6"", ""Unnamed: 4"": ""136.2""}, {""Page: 138"": NaN, ""Unnamed: 1"": ""Other receivables"", ""Unnamed: 2"": ""18"", ""Unnamed: 3"": ""23.4"", ""Unnamed: 4"": ""15.7""}, {""Page: 138"": NaN, ""Unnamed: 1"": ""Current tax assets"", ""Unnamed: 2"": NaN, ""Unnamed: 3"": ""1.8"", ""Unnamed: 4"": ""0.8""}, {""Page: 138"": NaN, ""Unnamed: 1"": ""Derivative financial instruments"", ""Unnamed: 2"": ""31"", ""Unnamed: 3"": ""1.0"", ""Unnamed: 4"": ""0.9""}, {""Page: 138"": NaN, ""Unnamed: 1"": ""Cash and bank balances"", ""Unnamed: 2"": ""28"", ""Unnamed: 3"": ""29.8"", ""Unnamed: 4"": ""22.5""}, {""Page: 138"": NaN, ""Unnamed: 1"": NaN, ""Unnamed: 2"": NaN, ""Unnamed: 3"": ""417.9"", ""Unnamed: 4"": ""296.6""}, {""Page: 138"": NaN, ""Unnamed: 1"": ""Total assets"", ""Unnamed: 2"": NaN, ""Unnamed: 3"": ""839.1"", ""Unnamed: 4"": ""535.2""}, {""Page: 138"": NaN, ""Unnamed: 1"": ""Current liabilities"", ""Unnamed: 2"": NaN, ""Unnamed: 3"": NaN, ""Unnamed: 4"": NaN}, {""Page: 138"": NaN, ""Unnamed: 1"": ""Borrowings"", ""Unnamed: 2"": ""19"", ""Unnamed: 3"": ""3.3"", ""Unnamed: 4"": ""1.8""}, {""Page: 138"": NaN, ""Unnamed: 1"": ""Lease liabilities"", ""Unnamed: 2"": ""19"", ""Unnamed: 3"": ""21.3"", ""Unnamed: 4"": ""15.6""}, {""Page: 138"": NaN, ""Unnamed: 1"": ""Trade payables"", ""Unnamed: 2"": ""20"", ""Unnamed: 3"": ""133.1"", ""Unnamed: 4"": ""84.4""}, {""Page: 138"": NaN, ""Unnamed: 1"": ""Other payables"", ""Unnamed: 2"": ""20"", ""Unnamed: 3"": ""101.4"", ""Unnamed: 4"": ""65.2""}, {""Page: 138"": NaN, ""Unnamed: 1"": ""Current tax liabilities"", ""Unnamed: 2"": NaN, ""Unnamed: 3"": ""18.3"", ""Unnamed: 4"": ""14.5""}, {""Page: 138"": NaN, ""Unnamed: 1"": ""Retirement benefit obligations"", ""Unnamed: 2"": ""30"", ""Unnamed: 3"": ""\u2013"", ""Unnamed: 4"": ""0.3""}, {""Page: 138"": NaN, ""Unnamed: 1"": ""Provisions"", ""Unnamed: 2"": ""22"", ""Unnamed: 3"": ""2.9"", ""Unnamed: 4"": ""0.9""}, {""Page: 138"": NaN, ""Unnamed: 1"": ""Derivative financial instruments"", ""Unnamed: 2"": ""31"", ""Unnamed: 3"": ""0.4"", ""Unnamed: 4"": ""\u2013""}, {""Page: 138"": NaN, ""Unnamed: 1"": NaN, ""Unnamed: 2"": NaN, ""Unnamed: 3"": ""280.7"", ""Unnamed: 4"": ""182.7""}, {""Page: 138"": NaN, ""Unnamed: 1"": ""Net current assets"", ""Unnamed: 2"": NaN, ""Unnamed: 3"": ""137.2"", ""Unnamed: 4"": ""113.9""}, {""Page: 138"": NaN, ""Unnamed: 1"": ""Non-current liabilities"", ""Unnamed: 2"": NaN, ""Unnamed: 3"": NaN, ""Unnamed: 4"": NaN}, {""Page: 138"": NaN, ""Unnamed: 1"": ""Borrowings"", ""Unnamed: 2"": ""19"", ""Unnamed: 3"": ""143.1"", ""Unnamed: 4"": ""89.6""}, {""Page: 138"": NaN, ""Unnamed: 1"": ""Lease liabilities"", ""Unnamed: 2"": ""19"", ""Unnamed: 3"": ""16.1"", ""Unnamed: 4"": ""19.2""}, {""Page: 138"": NaN, ""Unnamed: 1"": ""Other payables"", ""Unnamed: 2"": ""20"", ""Unnamed: 3"": ""26.9"", ""Unnamed: 4"": ""1.4""}, {""Page: 138"": NaN, ""Unnamed: 1"": ""Deferred tax liabilities"", ""Unnamed: 2"": ""21"", ""Unnamed: 3"": ""28.2"", ""Unnamed: 4"": ""6.9""}, {""Page: 138"": NaN, ""Unnamed: 1"": ""Retirement benefit obligations"", ""Unnamed: 2"": ""30"", ""Unnamed: 3"": ""7.5"", ""Unnamed: 4"": ""2.3""}, {""Page: 138"": NaN, ""Unnamed: 1"": ""Provisions"", ""Unnamed: 2"": ""22"", ""Unnamed: 3"": ""1.0"", ""Unnamed: 4"": ""0.4""}, {""Page: 138"": NaN, ""Unnamed: 1"": NaN, ""Unnamed: 2"": NaN, ""Unnamed: 3"": ""222.8"", ""Unnamed: 4"": ""119.8""}, {""Page: 138"": NaN, ""Unnamed: 1"": ""Total liabilities"", ""Unnamed: 2"": NaN, ""Unnamed: 3"": ""503.5"", ""Unnamed: 4"": ""302.5""}, {""Page: 138"": NaN, ""Unnamed: 1"": ""Net assets"", ""Unnamed: 2"": NaN, ""Unnamed: 3"": ""335.6"", ""Unnamed: 4"": ""232.7""}, {""Page: 138"": NaN, ""Unnamed: 1"": ""Equity"", ""Unnamed: 2"": NaN, ""Unnamed: 3"": NaN, ""Unnamed: 4"": NaN}, {""Page: 138"": NaN, ""Unnamed: 1"": ""Share capital"", ""Unnamed: 2"": ""23"", ""Unnamed: 3"": ""69.6"", ""Unnamed: 4"": ""62.7""}, {""Page: 138"": NaN, ""Unnamed: 1"": ""Share premium account"", ""Unnamed: 2"": ""23"", ""Unnamed: 3"": ""62.0"", ""Unnamed: 4"": ""60.7""}, {""Page: 138"": NaN, ""Unnamed: 1"": ""Non-distributable reserve"", ""Unnamed: 2"": ""24"", ""Unnamed: 3"": ""2.5"", ""Unnamed: 4"": ""2.5""}, {""Page: 138"": NaN, ""Unnamed: 1"": ""Hedging and translation reserve"", ""Unnamed: 2"": NaN, ""Unnamed: 3"": ""(13.9)"", ""Unnamed: 4"": ""(14.6)""}, {""Page: 138"": NaN, ""Unnamed: 1"": ""Own shares"", ""Unnamed: 2"": ""24"", ""Unnamed: 3"": ""(4.3)"", ""Unnamed: 4"": ""(1.0)""}, {""Page: 138"": NaN, ""Unnamed: 1"": ""Retained earnings"", ""Unnamed: 2"": NaN, ""Unnamed: 3"": ""211.3"", ""Unnamed: 4"": ""115.0""}, {""Page: 138"": NaN, ""Unnamed: 1"": ""Total attributable to owners of the parent"", ""Unnamed: 2"": NaN, ""Unnamed: 3"": ""327.2"", ""Unnamed: 4"": ""225.3""}, {""Page: 138"": NaN, ""Unnamed: 1"": ""Non-controlling interests"", ""Unnamed: 2"": ""25"", ""Unnamed: 3"": ""8.4"", ""Unnamed: 4"": ""7.4""}, {""Page: 138"": NaN, ""Unnamed: 1"": ""Total equity"", ""Unnamed: 2"": NaN, ""Unnamed: 3"": ""335.6"", ""Unnamed: 4"": ""232.7""}, {""Page: 138"": NaN, ""Unnamed: 1"": NaN, ""Unnamed: 2"": ""The notes on pages 139 to 181 are an integral part of these financial statements. The consolidated financial statements of"", ""Unnamed: 3"": NaN, ""Unnamed: 4"": NaN}]
---
[{""Page: 136"": ""Table Index: 13"", ""Unnamed: 1"": NaN, ""Unnamed: 2"": NaN, ""Unnamed: 3"": NaN, ""Unnamed: 4"": NaN, ""Unnamed: 5"": NaN, ""Unnamed: 6"": NaN, ""Unnamed: 7"": NaN, ""Unnamed: 8"": NaN}, {""Page: 136"": ""Table Header: , , , 2024, , , 2023, "", ""Unnamed: 1"": NaN, ""Unnamed: 2"": NaN, ""Unnamed: 3"": NaN, ""Unnamed: 4"": NaN, ""Unnamed: 5"": NaN, ""Unnamed: 6"": NaN, ""Unnamed: 7"": NaN, ""Unnamed: 8"": NaN}, {""Page: 136"": ""Page Header: Consolidated Income Statement | For the 52 weeks ended 31 March 2024 (52 weeks ended 2 April 2023) | 2024 2023"", ""Unnamed: 1"": NaN, ""Unnamed: 2"": NaN, ""Unnamed: 3"": NaN, ""Unnamed: 4"": NaN, ""Unnamed: 5"": NaN, ""Unnamed: 6"": NaN, ""Unnamed: 7"": NaN, ""Unnamed: 8"": NaN}, {""Page: 136"": ""Notes Mentioned: Note 4, Note 4"", ""Unnamed: 1"": NaN, ""Unnamed: 2"": NaN, ""Unnamed: 3"": NaN, ""Unnamed: 4"": NaN, ""Unnamed: 5"": NaN, ""Unnamed: 6"": NaN, ""Unnamed: 7"": NaN, ""Unnamed: 8"": NaN}, {""Page: 136"": NaN, ""Unnamed: 1"": NaN, ""Unnamed: 2"": NaN, ""Unnamed: 3"": NaN, ""Unnamed: 4"": ""2024"", ""Unnamed: 5"": NaN, ""Unnamed: 6"": NaN, ""Unnamed: 7"": ""2023"", ""Unnamed: 8"": NaN}, {""Page: 136"": NaN, ""Unnamed: 1"": NaN, ""Unnamed: 2"": NaN, ""Unnamed: 3"": ""Before"", ""Unnamed: 4"": ""Adjusting"", ""Unnamed: 5"": NaN, ""Unnamed: 6"": ""Before"", ""Unnamed: 7"": ""Adjusting"", ""Unnamed: 8"": NaN}, {""Page: 136"": NaN, ""Unnamed: 1"": NaN, ""Unnamed: 2"": NaN, ""Unnamed: 3"": ""adjusting"", ""Unnamed: 4"": ""items and"", ""Unnamed: 5"": NaN, ""Unnamed: 6"": ""adjusting"", ""Unnamed: 7"": ""items and"", ""Unnamed: 8"": NaN}, {""Page: 136"": NaN, ""Unnamed: 1"": NaN, ""Unnamed: 2"": NaN, ""Unnamed: 3"": ""items and"", ""Unnamed: 4"": ""share-based"", ""Unnamed: 5"": NaN, ""Unnamed: 6"": ""items and"", ""Unnamed: 7"": ""share-based"", ""Unnamed: 8"": NaN}, {""Page: 136"": NaN, ""Unnamed: 1"": NaN, ""Unnamed: 2"": NaN, ""Unnamed: 3"": ""share-based"", ""Unnamed: 4"": ""payments"", ""Unnamed: 5"": NaN, ""Unnamed: 6"": ""share-based"", ""Unnamed: 7"": ""payments"", ""Unnamed: 8"": NaN}, {""Page: 136"": NaN, ""Unnamed: 1"": NaN, ""Unnamed: 2"": NaN, ""Unnamed: 3"": ""payments"", ""Unnamed: 4"": ""(Note 4)"", ""Unnamed: 5"": ""Total"", ""Unnamed: 6"": ""payments"", ""Unnamed: 7"": ""(Note 4)"", ""Unnamed: 8"": ""Total""}, {""Page: 136"": NaN, ""Unnamed: 1"": NaN, ""Unnamed: 2"": ""Notes"", ""Unnamed: 3"": ""$\u2019m"", ""Unnamed: 4"": ""$\u2019m"", ""Unnamed: 5"": ""$\u2019m"", ""Unnamed: 6"": ""$\u2019m"", ""Unnamed: 7"": ""$\u2019m"", ""Unnamed: 8"": ""$\u2019m""}, {""Page: 136"": NaN, ""Unnamed: 1"": ""Revenue"", ""Unnamed: 2"": ""3"", ""Unnamed: 3"": ""912.8"", ""Unnamed: 4"": ""\u2013"", ""Unnamed: 5"": ""912.8"", ""Unnamed: 6"": ""722.8"", ""Unnamed: 7"": ""\u2013"", ""Unnamed: 8"": ""722.8""}, {""Page: 136"": NaN, ""Unnamed: 1"": ""Cost of sales"", ""Unnamed: 2"": NaN, ""Unnamed: 3"": ""(710.0)"", ""Unnamed: 4"": ""\u2013"", ""Unnamed: 5"": ""(710.0)"", ""Unnamed: 6"": ""(565.8)"", ""Unnamed: 7"": ""\u2013"", ""Unnamed: 8"": ""(565.8)""}, {""Page: 136"": NaN, ""Unnamed: 1"": ""Gross profit"", ""Unnamed: 2"": NaN, ""Unnamed: 3"": ""202.8"", ""Unnamed: 4"": ""\u2013"", ""Unnamed: 5"": ""202.8"", ""Unnamed: 6"": ""157.0"", ""Unnamed: 7"": ""\u2013"", ""Unnamed: 8"": ""157.0""}, {""Page: 136"": NaN, ""Unnamed: 1"": ""Operating expenses"", ""Unnamed: 2"": NaN, ""Unnamed: 3"": ""(113.1)"", ""Unnamed: 4"": ""(25.8)"", ""Unnamed: 5"": ""(138.9)"", ""Unnamed: 6"": ""(89.7)"", ""Unnamed: 7"": ""(13.5)"", ""Unnamed: 8"": ""(103.2)""}, {""Page: 136"": NaN, ""Unnamed: 1"": ""Operating profit"", ""Unnamed: 2"": ""7"", ""Unnamed: 3"": ""89.7"", ""Unnamed: 4"": ""(25.8)"", ""Unnamed: 5"": ""63.9"", ""Unnamed: 6"": ""67.3"", ""Unnamed: 7"": ""(13.5)"", ""Unnamed: 8"": ""53.8""}, {""Page: 136"": NaN, ""Unnamed: 1"": ""Share of net profit from"", ""Unnamed: 2"": NaN, ""Unnamed: 3"": NaN, ""Unnamed: 4"": NaN, ""Unnamed: 5"": NaN, ""Unnamed: 6"": NaN, ""Unnamed: 7"": NaN, ""Unnamed: 8"": NaN}, {""Page: 136"": NaN, ""Unnamed: 1"": ""associates"", ""Unnamed: 2"": ""16"", ""Unnamed: 3"": ""3.2"", ""Unnamed: 4"": ""\u2013"", ""Unnamed: 5"": ""3.2"", ""Unnamed: 6"": ""1.1"", ""Unnamed: 7"": ""\u2013"", ""Unnamed: 8"": ""1.1""}, {""Page: 136"": NaN, ""Unnamed: 1"": ""Finance income"", ""Unnamed: 2"": ""5"", ""Unnamed: 3"": ""1.3"", ""Unnamed: 4"": ""\u2013"", ""Unnamed: 5"": ""1.3"", ""Unnamed: 6"": ""0.4"", ""Unnamed: 7"": ""\u2013"", ""Unnamed: 8"": ""0.4""}, {""Page: 136"": NaN, ""Unnamed: 1"": ""Finance costs"", ""Unnamed: 2"": ""6"", ""Unnamed: 3"": ""(16.8)"", ""Unnamed: 4"": ""\u2013"", ""Unnamed: 5"": ""(16.8)"", ""Unnamed: 6"": ""(9.5)"", ""Unnamed: 7"": ""\u2013"", ""Unnamed: 8"": ""(9.5)""}, {""Page: 136"": NaN, ""Unnamed: 1"": ""Profit before taxation"", ""Unnamed: 2"": NaN, ""Unnamed: 3"": ""77.4"", ""Unnamed: 4"": ""(25.8)"", ""Unnamed: 5"": ""51.6"", ""Unnamed: 6"": ""59.3"", ""Unnamed: 7"": ""(13.5)"", ""Unnamed: 8"": ""45.8""}, {""Page: 136"": NaN, ""Unnamed: 1"": ""Taxation"", ""Unnamed: 2"": ""10"", ""Unnamed: 3"": ""(15.9)"", ""Unnamed: 4"": ""4.5"", ""Unnamed: 5"": ""(11.4)"", ""Unnamed: 6"": ""(10.7)"", ""Unnamed: 7"": ""2.3"", ""Unnamed: 8"": ""(8.4)""}, {""Page: 136"": NaN, ""Unnamed: 1"": ""Profit for the period"", ""Unnamed: 2"": NaN, ""Unnamed: 3"": ""61.5"", ""Unnamed: 4"": ""(21.3)"", ""Unnamed: 5"": ""40.2"", ""Unnamed: 6"": ""48.6"", ""Unnamed: 7"": ""(11.2)"", ""Unnamed: 8"": ""37.4""}, {""Page: 136"": NaN, ""Unnamed: 1"": ""Profit is attributable to:"", ""Unnamed: 2"": NaN, ""Unnamed: 3"": NaN, ""Unnamed: 4"": NaN, ""Unnamed: 5"": NaN, ""Unnamed: 6"": NaN, ""Unnamed: 7"": NaN, ""Unnamed: 8"": NaN}, {""Page: 136"": NaN, ""Unnamed: 1"": ""Owners of the parent"", ""Unnamed: 2"": NaN, ""Unnamed: 3"": ""60.5"", ""Unnamed: 4"": ""(21.2)"", ""Unnamed: 5"": ""39.3"", ""Unnamed: 6"": ""48.0"", ""Unnamed: 7"": ""(11.2)"", ""Unnamed: 8"": ""36.8""}, {""Page: 136"": NaN, ""Unnamed: 1"": ""Non-controlling interests"", ""Unnamed: 2"": NaN, ""Unnamed: 3"": ""1.0"", ""Unnamed: 4"": ""(0.1)"", ""Unnamed: 5"": ""0.9"", ""Unnamed: 6"": ""0.6"", ""Unnamed: 7"": ""\u2013"", ""Unnamed: 8"": ""0.6""}, {""Page: 136"": NaN, ""Unnamed: 1"": NaN, ""Unnamed: 2"": NaN, ""Unnamed: 3"": ""61.5"", ""Unnamed: 4"": ""(21.3)"", ""Unnamed: 5"": ""40.2"", ""Unnamed: 6"": ""48.6"", ""Unnamed: 7"": ""(11.2)"", ""Unnamed: 8"": ""37.4""}, {""Page: 136"": NaN, ""Unnamed: 1"": ""Earnings per share (cents)"", ""Unnamed: 2"": NaN, ""Unnamed: 3"": NaN, ""Unnamed: 4"": NaN, ""Unnamed: 5"": NaN, ""Unnamed: 6"": NaN, ""Unnamed: 7"": NaN, ""Unnamed: 8"": NaN}, {""Page: 136"": NaN, ""Unnamed: 1"": ""Basic"", ""Unnamed: 2"": ""11"", ""Unnamed: 3"": ""33.7"", ""Unnamed: 4"": NaN, ""Unnamed: 5"": ""21.8"", ""Unnamed: 6"": ""30.2"", ""Unnamed: 7"": NaN, ""Unnamed: 8"": ""23.2""}, {""Page: 136"": NaN, ""Unnamed: 1"": ""Diluted"", ""Unnamed: 2"": ""11"", ""Unnamed: 3"": ""33.0"", ""Unnamed: 4"": NaN, ""Unnamed: 5"": ""21.4"", ""Unnamed: 6"": ""28.8"", ""Unnamed: 7"": NaN, ""Unnamed: 8"": ""22.1""}]","[0.2445, 0.2892, 0.3039]"
Income Statement Template,Total other operating income,"What is Reversal of impairment of property, plant and equipment under Cash flows from operating activities in Consolidated Cash Flow Statements for year 2023 and 2024?","[{""Page: 138"": ""Table Index: 15"", ""Unnamed: 1"": NaN, ""Unnamed: 2"": NaN, ""Unnamed: 3"": NaN, ""Unnamed: 4"": NaN}, {""Page: 138"": ""Table Header: , , 2024, 2023"", ""Unnamed: 1"": NaN, ""Unnamed: 2"": NaN, ""Unnamed: 3"": NaN, ""Unnamed: 4"": NaN}, {""Page: 138"": ""Page Header: Consolidated Statement of Financial Position | As at 31 March 2024 (2 April 2023) | 2024 2023"", ""Unnamed: 1"": NaN, ""Unnamed: 2"": NaN, ""Unnamed: 3"": NaN, ""Unnamed: 4"": NaN}, {""Page: 138"": ""Notes Mentioned: None"", ""Unnamed: 1"": NaN, ""Unnamed: 2"": NaN, ""Unnamed: 3"": NaN, ""Unnamed: 4"": NaN}, {""Page: 138"": NaN, ""Unnamed: 1"": NaN, ""Unnamed: 2"": NaN, ""Unnamed: 3"": ""2024"", ""Unnamed: 4"": ""2023""}, {""Page: 138"": NaN, ""Unnamed: 1"": NaN, ""Unnamed: 2"": ""Notes"", ""Unnamed: 3"": ""$\u2019m"", ""Unnamed: 4"": ""$\u2019m""}, {""Page: 138"": NaN, ""Unnamed: 1"": ""Non-current assets"", ""Unnamed: 2"": NaN, ""Unnamed: 3"": NaN, ""Unnamed: 4"": NaN}, {""Page: 138"": NaN, ""Unnamed: 1"": ""Goodwill"", ""Unnamed: 2"": ""12"", ""Unnamed: 3"": ""121.4"", ""Unnamed: 4"": ""82.3""}, {""Page: 138"": NaN, ""Unnamed: 1"": ""Other intangible assets"", ""Unnamed: 2"": ""13"", ""Unnamed: 3"": ""131.7"", ""Unnamed: 4"": ""41.8""}, {""Page: 138"": NaN, ""Unnamed: 1"": ""Property, plant and equipment"", ""Unnamed: 2"": ""14"", ""Unnamed: 3"": ""91.8"", ""Unnamed: 4"": ""50.1""}, {""Page: 138"": NaN, ""Unnamed: 1"": ""Right-of-use assets"", ""Unnamed: 2"": ""15"", ""Unnamed: 3"": ""38.4"", ""Unnamed: 4"": ""34.5""}, {""Page: 138"": NaN, ""Unnamed: 1"": ""Interests in associates"", ""Unnamed: 2"": ""16"", ""Unnamed: 3"": ""8.1"", ""Unnamed: 4"": ""2.6""}, {""Page: 138"": NaN, ""Unnamed: 1"": ""Other receivables"", ""Unnamed: 2"": ""18"", ""Unnamed: 3"": ""2.0"", ""Unnamed: 4"": ""1.8""}, {""Page: 138"": NaN, ""Unnamed: 1"": ""Derivative financial instruments"", ""Unnamed: 2"": ""31"", ""Unnamed: 3"": ""1.5"", ""Unnamed: 4"": ""0.9""}, {""Page: 138"": NaN, ""Unnamed: 1"": ""Retirement benefit asset"", ""Unnamed: 2"": ""30"", ""Unnamed: 3"": ""0.4"", ""Unnamed: 4"": ""\u2013""}, {""Page: 138"": NaN, ""Unnamed: 1"": ""Deferred tax assets"", ""Unnamed: 2"": ""21"", ""Unnamed: 3"": ""25.9"", ""Unnamed: 4"": ""24.6""}, {""Page: 138"": NaN, ""Unnamed: 1"": NaN, ""Unnamed: 2"": NaN, ""Unnamed: 3"": ""421.2"", ""Unnamed: 4"": ""238.6""}, {""Page: 138"": NaN, ""Unnamed: 1"": ""Current assets"", ""Unnamed: 2"": NaN, ""Unnamed: 3"": NaN, ""Unnamed: 4"": NaN}, {""Page: 138"": NaN, ""Unnamed: 1"": ""Inventories"", ""Unnamed: 2"": ""17"", ""Unnamed: 3"": ""174.3"", ""Unnamed: 4"": ""120.5""}, {""Page: 138"": NaN, ""Unnamed: 1"": ""Trade receivables"", ""Unnamed: 2"": ""18"", ""Unnamed: 3"": ""187.6"", ""Unnamed: 4"": ""136.2""}, {""Page: 138"": NaN, ""Unnamed: 1"": ""Other receivables"", ""Unnamed: 2"": ""18"", ""Unnamed: 3"": ""23.4"", ""Unnamed: 4"": ""15.7""}, {""Page: 138"": NaN, ""Unnamed: 1"": ""Current tax assets"", ""Unnamed: 2"": NaN, ""Unnamed: 3"": ""1.8"", ""Unnamed: 4"": ""0.8""}, {""Page: 138"": NaN, ""Unnamed: 1"": ""Derivative financial instruments"", ""Unnamed: 2"": ""31"", ""Unnamed: 3"": ""1.0"", ""Unnamed: 4"": ""0.9""}, {""Page: 138"": NaN, ""Unnamed: 1"": ""Cash and bank balances"", ""Unnamed: 2"": ""28"", ""Unnamed: 3"": ""29.8"", ""Unnamed: 4"": ""22.5""}, {""Page: 138"": NaN, ""Unnamed: 1"": NaN, ""Unnamed: 2"": NaN, ""Unnamed: 3"": ""417.9"", ""Unnamed: 4"": ""296.6""}, {""Page: 138"": NaN, ""Unnamed: 1"": ""Total assets"", ""Unnamed: 2"": NaN, ""Unnamed: 3"": ""839.1"", ""Unnamed: 4"": ""535.2""}, {""Page: 138"": NaN, ""Unnamed: 1"": ""Current liabilities"", ""Unnamed: 2"": NaN, ""Unnamed: 3"": NaN, ""Unnamed: 4"": NaN}, {""Page: 138"": NaN, ""Unnamed: 1"": ""Borrowings"", ""Unnamed: 2"": ""19"", ""Unnamed: 3"": ""3.3"", ""Unnamed: 4"": ""1.8""}, {""Page: 138"": NaN, ""Unnamed: 1"": ""Lease liabilities"", ""Unnamed: 2"": ""19"", ""Unnamed: 3"": ""21.3"", ""Unnamed: 4"": ""15.6""}, {""Page: 138"": NaN, ""Unnamed: 1"": ""Trade payables"", ""Unnamed: 2"": ""20"", ""Unnamed: 3"": ""133.1"", ""Unnamed: 4"": ""84.4""}, {""Page: 138"": NaN, ""Unnamed: 1"": ""Other payables"", ""Unnamed: 2"": ""20"", ""Unnamed: 3"": ""101.4"", ""Unnamed: 4"": ""65.2""}, {""Page: 138"": NaN, ""Unnamed: 1"": ""Current tax liabilities"", ""Unnamed: 2"": NaN, ""Unnamed: 3"": ""18.3"", ""Unnamed: 4"": ""14.5""}, {""Page: 138"": NaN, ""Unnamed: 1"": ""Retirement benefit obligations"", ""Unnamed: 2"": ""30"", ""Unnamed: 3"": ""\u2013"", ""Unnamed: 4"": ""0.3""}, {""Page: 138"": NaN, ""Unnamed: 1"": ""Provisions"", ""Unnamed: 2"": ""22"", ""Unnamed: 3"": ""2.9"", ""Unnamed: 4"": ""0.9""}, {""Page: 138"": NaN, ""Unnamed: 1"": ""Derivative financial instruments"", ""Unnamed: 2"": ""31"", ""Unnamed: 3"": ""0.4"", ""Unnamed: 4"": ""\u2013""}, {""Page: 138"": NaN, ""Unnamed: 1"": NaN, ""Unnamed: 2"": NaN, ""Unnamed: 3"": ""280.7"", ""Unnamed: 4"": ""182.7""}, {""Page: 138"": NaN, ""Unnamed: 1"": ""Net current assets"", ""Unnamed: 2"": NaN, ""Unnamed: 3"": ""137.2"", ""Unnamed: 4"": ""113.9""}, {""Page: 138"": NaN, ""Unnamed: 1"": ""Non-current liabilities"", ""Unnamed: 2"": NaN, ""Unnamed: 3"": NaN, ""Unnamed: 4"": NaN}, {""Page: 138"": NaN, ""Unnamed: 1"": ""Borrowings"", ""Unnamed: 2"": ""19"", ""Unnamed: 3"": ""143.1"", ""Unnamed: 4"": ""89.6""}, {""Page: 138"": NaN, ""Unnamed: 1"": ""Lease liabilities"", ""Unnamed: 2"": ""19"", ""Unnamed: 3"": ""16.1"", ""Unnamed: 4"": ""19.2""}, {""Page: 138"": NaN, ""Unnamed: 1"": ""Other payables"", ""Unnamed: 2"": ""20"", ""Unnamed: 3"": ""26.9"", ""Unnamed: 4"": ""1.4""}, {""Page: 138"": NaN, ""Unnamed: 1"": ""Deferred tax liabilities"", ""Unnamed: 2"": ""21"", ""Unnamed: 3"": ""28.2"", ""Unnamed: 4"": ""6.9""}, {""Page: 138"": NaN, ""Unnamed: 1"": ""Retirement benefit obligations"", ""Unnamed: 2"": ""30"", ""Unnamed: 3"": ""7.5"", ""Unnamed: 4"": ""2.3""}, {""Page: 138"": NaN, ""Unnamed: 1"": ""Provisions"", ""Unnamed: 2"": ""22"", ""Unnamed: 3"": ""1.0"", ""Unnamed: 4"": ""0.4""}, {""Page: 138"": NaN, ""Unnamed: 1"": NaN, ""Unnamed: 2"": NaN, ""Unnamed: 3"": ""222.8"", ""Unnamed: 4"": ""119.8""}, {""Page: 138"": NaN, ""Unnamed: 1"": ""Total liabilities"", ""Unnamed: 2"": NaN, ""Unnamed: 3"": ""503.5"", ""Unnamed: 4"": ""302.5""}, {""Page: 138"": NaN, ""Unnamed: 1"": ""Net assets"", ""Unnamed: 2"": NaN, ""Unnamed: 3"": ""335.6"", ""Unnamed: 4"": ""232.7""}, {""Page: 138"": NaN, ""Unnamed: 1"": ""Equity"", ""Unnamed: 2"": NaN, ""Unnamed: 3"": NaN, ""Unnamed: 4"": NaN}, {""Page: 138"": NaN, ""Unnamed: 1"": ""Share capital"", ""Unnamed: 2"": ""23"", ""Unnamed: 3"": ""69.6"", ""Unnamed: 4"": ""62.7""}, {""Page: 138"": NaN, ""Unnamed: 1"": ""Share premium account"", ""Unnamed: 2"": ""23"", ""Unnamed: 3"": ""62.0"", ""Unnamed: 4"": ""60.7""}, {""Page: 138"": NaN, ""Unnamed: 1"": ""Non-distributable reserve"", ""Unnamed: 2"": ""24"", ""Unnamed: 3"": ""2.5"", ""Unnamed: 4"": ""2.5""}, {""Page: 138"": NaN, ""Unnamed: 1"": ""Hedging and translation reserve"", ""Unnamed: 2"": NaN, ""Unnamed: 3"": ""(13.9)"", ""Unnamed: 4"": ""(14.6)""}, {""Page: 138"": NaN, ""Unnamed: 1"": ""Own shares"", ""Unnamed: 2"": ""24"", ""Unnamed: 3"": ""(4.3)"", ""Unnamed: 4"": ""(1.0)""}, {""Page: 138"": NaN, ""Unnamed: 1"": ""Retained earnings"", ""Unnamed: 2"": NaN, ""Unnamed: 3"": ""211.3"", ""Unnamed: 4"": ""115.0""}, {""Page: 138"": NaN, ""Unnamed: 1"": ""Total attributable to owners of the parent"", ""Unnamed: 2"": NaN, ""Unnamed: 3"": ""327.2"", ""Unnamed: 4"": ""225.3""}, {""Page: 138"": NaN, ""Unnamed: 1"": ""Non-controlling interests"", ""Unnamed: 2"": ""25"", ""Unnamed: 3"": ""8.4"", ""Unnamed: 4"": ""7.4""}, {""Page: 138"": NaN, ""Unnamed: 1"": ""Total equity"", ""Unnamed: 2"": NaN, ""Unnamed: 3"": ""335.6"", ""Unnamed: 4"": ""232.7""}, {""Page: 138"": NaN, ""Unnamed: 1"": NaN, ""Unnamed: 2"": ""The notes on pages 139 to 181 are an integral part of these financial statements. The consolidated financial statements of"", ""Unnamed: 3"": NaN, ""Unnamed: 4"": NaN}]
---
[{""Page: 138"": ""Table Index: 15"", ""Unnamed: 1"": NaN, ""Unnamed: 2"": NaN, ""Unnamed: 3"": NaN, ""Unnamed: 4"": NaN}, {""Page: 138"": ""Table Header: , , 2024, 2023"", ""Unnamed: 1"": NaN, ""Unnamed: 2"": NaN, ""Unnamed: 3"": NaN, ""Unnamed: 4"": NaN}, {""Page: 138"": ""Page Header: Consolidated Statement of Financial Position | As at 31 March 2024 (2 April 2023) | 2024 2023"", ""Unnamed: 1"": NaN, ""Unnamed: 2"": NaN, ""Unnamed: 3"": NaN, ""Unnamed: 4"": NaN}, {""Page: 138"": ""Notes Mentioned: None"", ""Unnamed: 1"": NaN, ""Unnamed: 2"": NaN, ""Unnamed: 3"": NaN, ""Unnamed: 4"": NaN}, {""Page: 138"": NaN, ""Unnamed: 1"": NaN, ""Unnamed: 2"": NaN, ""Unnamed: 3"": ""2024"", ""Unnamed: 4"": ""2023""}, {""Page: 138"": NaN, ""Unnamed: 1"": NaN, ""Unnamed: 2"": ""Notes"", ""Unnamed: 3"": ""$\u2019m"", ""Unnamed: 4"": ""$\u2019m""}, {""Page: 138"": NaN, ""Unnamed: 1"": ""Non-current assets"", ""Unnamed: 2"": NaN, ""Unnamed: 3"": NaN, ""Unnamed: 4"": NaN}, {""Page: 138"": NaN, ""Unnamed: 1"": ""Goodwill"", ""Unnamed: 2"": ""12"", ""Unnamed: 3"": ""121.4"", ""Unnamed: 4"": ""82.3""}, {""Page: 138"": NaN, ""Unnamed: 1"": ""Other intangible assets"", ""Unnamed: 2"": ""13"", ""Unnamed: 3"": ""131.7"", ""Unnamed: 4"": ""41.8""}, {""Page: 138"": NaN, ""Unnamed: 1"": ""Property, plant and equipment"", ""Unnamed: 2"": ""14"", ""Unnamed: 3"": ""91.8"", ""Unnamed: 4"": ""50.1""}, {""Page: 138"": NaN, ""Unnamed: 1"": ""Right-of-use assets"", ""Unnamed: 2"": ""15"", ""Unnamed: 3"": ""38.4"", ""Unnamed: 4"": ""34.5""}, {""Page: 138"": NaN, ""Unnamed: 1"": ""Interests in associates"", ""Unnamed: 2"": ""16"", ""Unnamed: 3"": ""8.1"", ""Unnamed: 4"": ""2.6""}, {""Page: 138"": NaN, ""Unnamed: 1"": ""Other receivables"", ""Unnamed: 2"": ""18"", ""Unnamed: 3"": ""2.0"", ""Unnamed: 4"": ""1.8""}, {""Page: 138"": NaN, ""Unnamed: 1"": ""Derivative financial instruments"", ""Unnamed: 2"": ""31"", ""Unnamed: 3"": ""1.5"", ""Unnamed: 4"": ""0.9""}, {""Page: 138"": NaN, ""Unnamed: 1"": ""Retirement benefit asset"", ""Unnamed: 2"": ""30"", ""Unnamed: 3"": ""0.4"", ""Unnamed: 4"": ""\u2013""}, {""Page: 138"": NaN, ""Unnamed: 1"": ""Deferred tax assets"", ""Unnamed: 2"": ""21"", ""Unnamed: 3"": ""25.9"", ""Unnamed: 4"": ""24.6""}, {""Page: 138"": NaN, ""Unnamed: 1"": NaN, ""Unnamed: 2"": NaN, ""Unnamed: 3"": ""421.2"", ""Unnamed: 4"": ""238.6""}, {""Page: 138"": NaN, ""Unnamed: 1"": ""Current assets"", ""Unnamed: 2"": NaN, ""Unnamed: 3"": NaN, ""Unnamed: 4"": NaN}, {""Page: 138"": NaN, ""Unnamed: 1"": ""Inventories"", ""Unnamed: 2"": ""17"", ""Unnamed: 3"": ""174.3"", ""Unnamed: 4"": ""120.5""}, {""Page: 138"": NaN, ""Unnamed: 1"": ""Trade receivables"", ""Unnamed: 2"": ""18"", ""Unnamed: 3"": ""187.6"", ""Unnamed: 4"": ""136.2""}, {""Page: 138"": NaN, ""Unnamed: 1"": ""Other receivables"", ""Unnamed: 2"": ""18"", ""Unnamed: 3"": ""23.4"", ""Unnamed: 4"": ""15.7""}, {""Page: 138"": NaN, ""Unnamed: 1"": ""Current tax assets"", ""Unnamed: 2"": NaN, ""Unnamed: 3"": ""1.8"", ""Unnamed: 4"": ""0.8""}, {""Page: 138"": NaN, ""Unnamed: 1"": ""Derivative financial instruments"", ""Unnamed: 2"": ""31"", ""Unnamed: 3"": ""1.0"", ""Unnamed: 4"": ""0.9""}, {""Page: 138"": NaN, ""Unnamed: 1"": ""Cash and bank balances"", ""Unnamed: 2"": ""28"", ""Unnamed: 3"": ""29.8"", ""Unnamed: 4"": ""22.5""}, {""Page: 138"": NaN, ""Unnamed: 1"": NaN, ""Unnamed: 2"": NaN, ""Unnamed: 3"": ""417.9"", ""Unnamed: 4"": ""296.6""}, {""Page: 138"": NaN, ""Unnamed: 1"": ""Total assets"", ""Unnamed: 2"": NaN, ""Unnamed: 3"": ""839.1"", ""Unnamed: 4"": ""535.2""}, {""Page: 138"": NaN, ""Unnamed: 1"": ""Current liabilities"", ""Unnamed: 2"": NaN, ""Unnamed: 3"": NaN, ""Unnamed: 4"": NaN}, {""Page: 138"": NaN, ""Unnamed: 1"": ""Borrowings"", ""Unnamed: 2"": ""19"", ""Unnamed: 3"": ""3.3"", ""Unnamed: 4"": ""1.8""}, {""Page: 138"": NaN, ""Unnamed: 1"": ""Lease liabilities"", ""Unnamed: 2"": ""19"", ""Unnamed: 3"": ""21.3"", ""Unnamed: 4"": ""15.6""}, {""Page: 138"": NaN, ""Unnamed: 1"": ""Trade payables"", ""Unnamed: 2"": ""20"", ""Unnamed: 3"": ""133.1"", ""Unnamed: 4"": ""84.4""}, {""Page: 138"": NaN, ""Unnamed: 1"": ""Other payables"", ""Unnamed: 2"": ""20"", ""Unnamed: 3"": ""101.4"", ""Unnamed: 4"": ""65.2""}, {""Page: 138"": NaN, ""Unnamed: 1"": ""Current tax liabilities"", ""Unnamed: 2"": NaN, ""Unnamed: 3"": ""18.3"", ""Unnamed: 4"": ""14.5""}, {""Page: 138"": NaN, ""Unnamed: 1"": ""Retirement benefit obligations"", ""Unnamed: 2"": ""30"", ""Unnamed: 3"": ""\u2013"", ""Unnamed: 4"": ""0.3""}, {""Page: 138"": NaN, ""Unnamed: 1"": ""Provisions"", ""Unnamed: 2"": ""22"", ""Unnamed: 3"": ""2.9"", ""Unnamed: 4"": ""0.9""}, {""Page: 138"": NaN, ""Unnamed: 1"": ""Derivative financial instruments"", ""Unnamed: 2"": ""31"", ""Unnamed: 3"": ""0.4"", ""Unnamed: 4"": ""\u2013""}, {""Page: 138"": NaN, ""Unnamed: 1"": NaN, ""Unnamed: 2"": NaN, ""Unnamed: 3"": ""280.7"", ""Unnamed: 4"": ""182.7""}, {""Page: 138"": NaN, ""Unnamed: 1"": ""Net current assets"", ""Unnamed: 2"": NaN, ""Unnamed: 3"": ""137.2"", ""Unnamed: 4"": ""113.9""}, {""Page: 138"": NaN, ""Unnamed: 1"": ""Non-current liabilities"", ""Unnamed: 2"": NaN, ""Unnamed: 3"": NaN, ""Unnamed: 4"": NaN}, {""Page: 138"": NaN, ""Unnamed: 1"": ""Borrowings"", ""Unnamed: 2"": ""19"", ""Unnamed: 3"": ""143.1"", ""Unnamed: 4"": ""89.6""}, {""Page: 138"": NaN, ""Unnamed: 1"": ""Lease liabilities"", ""Unnamed: 2"": ""19"", ""Unnamed: 3"": ""16.1"", ""Unnamed: 4"": ""19.2""}, {""Page: 138"": NaN, ""Unnamed: 1"": ""Other payables"", ""Unnamed: 2"": ""20"", ""Unnamed: 3"": ""26.9"", ""Unnamed: 4"": ""1.4""}, {""Page: 138"": NaN, ""Unnamed: 1"": ""Deferred tax liabilities"", ""Unnamed: 2"": ""21"", ""Unnamed: 3"": ""28.2"", ""Unnamed: 4"": ""6.9""}, {""Page: 138"": NaN, ""Unnamed: 1"": ""Retirement benefit obligations"", ""Unnamed: 2"": ""30"", ""Unnamed: 3"": ""7.5"", ""Unnamed: 4"": ""2.3""}, {""Page: 138"": NaN, ""Unnamed: 1"": ""Provisions"", ""Unnamed: 2"": ""22"", ""Unnamed: 3"": ""1.0"", ""Unnamed: 4"": ""0.4""}, {""Page: 138"": NaN, ""Unnamed: 1"": NaN, ""Unnamed: 2"": NaN, ""Unnamed: 3"": ""222.8"", ""Unnamed: 4"": ""119.8""}, {""Page: 138"": NaN, ""Unnamed: 1"": ""Total liabilities"", ""Unnamed: 2"": NaN, ""Unnamed: 3"": ""503.5"", ""Unnamed: 4"": ""302.5""}, {""Page: 138"": NaN, ""Unnamed: 1"": ""Net assets"", ""Unnamed: 2"": NaN, ""Unnamed: 3"": ""335.6"", ""Unnamed: 4"": ""232.7""}, {""Page: 138"": NaN, ""Unnamed: 1"": ""Equity"", ""Unnamed: 2"": NaN, ""Unnamed: 3"": NaN, ""Unnamed: 4"": NaN}, {""Page: 138"": NaN, ""Unnamed: 1"": ""Share capital"", ""Unnamed: 2"": ""23"", ""Unnamed: 3"": ""69.6"", ""Unnamed: 4"": ""62.7""}, {""Page: 138"": NaN, ""Unnamed: 1"": ""Share premium account"", ""Unnamed: 2"": ""23"", ""Unnamed: 3"": ""62.0"", ""Unnamed: 4"": ""60.7""}, {""Page: 138"": NaN, ""Unnamed: 1"": ""Non-distributable reserve"", ""Unnamed: 2"": ""24"", ""Unnamed: 3"": ""2.5"", ""Unnamed: 4"": ""2.5""}, {""Page: 138"": NaN, ""Unnamed: 1"": ""Hedging and translation reserve"", ""Unnamed: 2"": NaN, ""Unnamed: 3"": ""(13.9)"", ""Unnamed: 4"": ""(14.6)""}, {""Page: 138"": NaN, ""Unnamed: 1"": ""Own shares"", ""Unnamed: 2"": ""24"", ""Unnamed: 3"": ""(4.3)"", ""Unnamed: 4"": ""(1.0)""}, {""Page: 138"": NaN, ""Unnamed: 1"": ""Retained earnings"", ""Unnamed: 2"": NaN, ""Unnamed: 3"": ""211.3"", ""Unnamed: 4"": ""115.0""}, {""Page: 138"": NaN, ""Unnamed: 1"": ""Total attributable to owners of the parent"", ""Unnamed: 2"": NaN, ""Unnamed: 3"": ""327.2"", ""Unnamed: 4"": ""225.3""}, {""Page: 138"": NaN, ""Unnamed: 1"": ""Non-controlling interests"", ""Unnamed: 2"": ""25"", ""Unnamed: 3"": ""8.4"", ""Unnamed: 4"": ""7.4""}, {""Page: 138"": NaN, ""Unnamed: 1"": ""Total equity"", ""Unnamed: 2"": NaN, ""Unnamed: 3"": ""335.6"", ""Unnamed: 4"": ""232.7""}, {""Page: 138"": NaN, ""Unnamed: 1"": NaN, ""Unnamed: 2"": ""The notes on pages 139 to 181 are an integral part of these financial statements. The consolidated financial statements of"", ""Unnamed: 3"": NaN, ""Unnamed: 4"": NaN}]
---
[{""Page: 189"": ""Table Index: 77"", ""Unnamed: 1"": NaN, ""Unnamed: 2"": NaN}, {""Page: 189"": ""Table Header: 2. Significant accounting policies continued, 2.19 Dividend distribution"", ""Unnamed: 1"": NaN, ""Unnamed: 2"": NaN}, {""Page: 189"": ""Page Header: 2. Significant accounting policies continued 2.19 Dividend distribution | 2.16 Retirement benefits Dividend distributions to the Company\u2019s shareholders | The Company has both defined benefit and defined are recognised as a liability in the Company\u2019s financial"", ""Unnamed: 1"": NaN, ""Unnamed: 2"": NaN}, {""Page: 189"": ""Notes Mentioned: None"", ""Unnamed: 1"": NaN, ""Unnamed: 2"": NaN}, {""Page: 189"": NaN, ""Unnamed: 1"": ""2. Significant accounting policies continued"", ""Unnamed: 2"": ""2.19 Dividend distribution""}, {""Page: 189"": NaN, ""Unnamed: 1"": ""2.16 Retirement benefits"", ""Unnamed: 2"": ""Dividend distributions to the Company\u2019s shareholders""}, {""Page: 189"": NaN, ""Unnamed: 1"": NaN, ""Unnamed: 2"": ""are recognised as a liability in the Company\u2019s financial""}, {""Page: 189"": NaN, ""Unnamed: 1"": ""The Company has both defined benefit and defined"", ""Unnamed: 2"": NaN}, {""Page: 189"": NaN, ""Unnamed: 1"": NaN, ""Unnamed: 2"": ""statements in the period in which the dividends are""}, {""Page: 189"": NaN, ""Unnamed: 1"": ""contribution retirement benefit schemes, the former"", ""Unnamed: 2"": NaN}, {""Page: 189"": NaN, ""Unnamed: 1"": NaN, ""Unnamed: 2"": ""approved by the Company\u2019s shareholders.""}, {""Page: 189"": NaN, ""Unnamed: 1"": ""of which is now closed to new entrants. The retirement"", ""Unnamed: 2"": NaN}, {""Page: 189"": NaN, ""Unnamed: 1"": ""benefit obligation recognised in the Company statement"", ""Unnamed: 2"": NaN}, {""Page: 189"": NaN, ""Unnamed: 1"": NaN, ""Unnamed: 2"": ""2.20 Critical accounting judgements and key""}, {""Page: 189"": NaN, ""Unnamed: 1"": ""of financial position represents the deficit or surplus in the"", ""Unnamed: 2"": NaN}, {""Page: 189"": NaN, ""Unnamed: 1"": NaN, ""Unnamed: 2"": ""sources of estimation uncertainty""}, {""Page: 189"": NaN, ""Unnamed: 1"": ""Company\u2019s defined benefit scheme. For defined benefit"", ""Unnamed: 2"": NaN}, {""Page: 189"": NaN, ""Unnamed: 1"": NaN, ""Unnamed: 2"": ""The preparation of Company financial statements in""}, {""Page: 189"": NaN, ""Unnamed: 1"": ""schemes, the cost of providing benefits is determined using"", ""Unnamed: 2"": NaN}, {""Page: 189"": NaN, ""Unnamed: 1"": NaN, ""Unnamed: 2"": ""conformity with FRS 101 requires management to make""}, {""Page: 189"": NaN, ""Unnamed: 1"": ""the Projected Unit Credit Method, with actuarial valuations"", ""Unnamed: 2"": NaN}, {""Page: 189"": NaN, ""Unnamed: 1"": NaN, ""Unnamed: 2"": ""estimates and assumptions that affect the reported""}, {""Page: 189"": NaN, ""Unnamed: 1"": ""carried out at the end of each reporting period."", ""Unnamed: 2"": NaN}, {""Page: 189"": NaN, ""Unnamed: 1"": NaN, ""Unnamed: 2"": ""amounts of assets and liabilities and disclosure of""}, {""Page: 189"": NaN, ""Unnamed: 1"": ""Defined benefit costs are split into three categories:"", ""Unnamed: 2"": ""contingent assets and liabilities at the date of the Company""}, {""Page: 189"": NaN, ""Unnamed: 1"": NaN, ""Unnamed: 2"": ""financial statements and the reported amounts of revenue""}, {""Page: 189"": NaN, ""Unnamed: 1"": ""Remeasurement; \n\u2022"", ""Unnamed: 2"": NaN}, {""Page: 189"": NaN, ""Unnamed: 1"": NaN, ""Unnamed: 2"": ""and expenses during the reporting period. Actual results""}, {""Page: 189"": NaN, ""Unnamed: 1"": ""\u2022 \nNet interest expense or income; and"", ""Unnamed: 2"": NaN}, {""Page: 189"": NaN, ""Unnamed: 1"": NaN, ""Unnamed: 2"": ""could differ from those estimates. The estimates and""}, {""Page: 189"": NaN, ""Unnamed: 1"": ""\u2022 \nPast service cost and gains and losses on"", ""Unnamed: 2"": NaN}, {""Page: 189"": NaN, ""Unnamed: 1"": NaN, ""Unnamed: 2"": ""underlying assumptions are reviewed on an ongoing""}, {""Page: 189"": NaN, ""Unnamed: 1"": ""curtailments and settlements."", ""Unnamed: 2"": NaN}, {""Page: 189"": NaN, ""Unnamed: 1"": NaN, ""Unnamed: 2"": ""basis. Revisions to accounting estimates are recognised in""}, {""Page: 189"": NaN, ""Unnamed: 1"": ""Remeasurement comprises actuarial gains and losses,"", ""Unnamed: 2"": ""the period in which the estimate is revised if the revision""}, {""Page: 189"": NaN, ""Unnamed: 1"": ""the effect of the asset ceiling (where applicable) and"", ""Unnamed: 2"": ""affects only that period or in the period of the revision""}, {""Page: 189"": NaN, ""Unnamed: 1"": ""the return on scheme assets (excluding interest). These"", ""Unnamed: 2"": ""and future periods if the revision affects both current""}, {""Page: 189"": NaN, ""Unnamed: 1"": ""costs are recognised immediately in the statement of"", ""Unnamed: 2"": ""and future periods. The key area of judgement that has""}, {""Page: 189"": NaN, ""Unnamed: 1"": ""financial position with a charge or credit to the statement"", ""Unnamed: 2"": ""the most significant effect on the amounts recognised""}, {""Page: 189"": NaN, ""Unnamed: 1"": ""of comprehensive income in the period in which they"", ""Unnamed: 2"": ""in the financial statements is the review for impairment""}, {""Page: 189"": NaN, ""Unnamed: 1"": ""occur. Remeasurement recorded in the statement of"", ""Unnamed: 2"": ""of the carrying amount of investments in the Company\u2019s""}, {""Page: 189"": NaN, ""Unnamed: 1"": ""comprehensive income is not recycled. Net interest is"", ""Unnamed: 2"": ""subsidiaries.""}, {""Page: 189"": NaN, ""Unnamed: 1"": ""calculated by applying a discount rate to the net defined"", ""Unnamed: 2"": NaN}]","[0.2982, 0.2982, 0.314]"
Cash Flow Template,Total other operating income,What is Exercise of share options under Cash flows from operating activities in Consolidated and Company statements of cash flows for year 2023 and 2024?,"[{""Page: 195"": ""Table Index: 84"", ""Unnamed: 1"": NaN, ""Unnamed: 2"": NaN, ""Unnamed: 3"": NaN, ""Unnamed: 4"": NaN, ""Unnamed: 5"": NaN}, {""Page: 195"": ""Table Header: 14. Equity dividend, , , , "", ""Unnamed: 1"": NaN, ""Unnamed: 2"": NaN, ""Unnamed: 3"": NaN, ""Unnamed: 4"": NaN, ""Unnamed: 5"": NaN}, {""Page: 195"": ""Page Header: 14. Equity dividend | Dividends paid and received are included in the Company financial statements in the period in which the related dividends | are actually paid or received, or, in respect of the Company\u2019s final dividend for the period, approved by shareholders."", ""Unnamed: 1"": NaN, ""Unnamed: 2"": NaN, ""Unnamed: 3"": NaN, ""Unnamed: 4"": NaN, ""Unnamed: 5"": NaN}, {""Page: 195"": ""Notes Mentioned: None"", ""Unnamed: 1"": NaN, ""Unnamed: 2"": NaN, ""Unnamed: 3"": NaN, ""Unnamed: 4"": NaN, ""Unnamed: 5"": NaN}, {""Page: 195"": NaN, ""Unnamed: 1"": ""14. Equity dividend"", ""Unnamed: 2"": NaN, ""Unnamed: 3"": NaN, ""Unnamed: 4"": NaN, ""Unnamed: 5"": NaN}, {""Page: 195"": NaN, ""Unnamed: 1"": NaN, ""Unnamed: 2"": ""Dividends paid and received are included in the Company financial statements in the period in which the related dividends"", ""Unnamed: 3"": NaN, ""Unnamed: 4"": NaN, ""Unnamed: 5"": NaN}, {""Page: 195"": NaN, ""Unnamed: 1"": NaN, ""Unnamed: 2"": ""are actually paid or received, or, in respect of the Company\u2019s final dividend for the period, approved by shareholders."", ""Unnamed: 3"": NaN, ""Unnamed: 4"": NaN, ""Unnamed: 5"": NaN}, {""Page: 195"": NaN, ""Unnamed: 1"": NaN, ""Unnamed: 2"": NaN, ""Unnamed: 3"": NaN, ""Unnamed: 4"": ""Settled \nSettled \nDividend"", ""Unnamed: 5"": ""Dividend""}, {""Page: 195"": NaN, ""Unnamed: 1"": NaN, ""Unnamed: 2"": NaN, ""Unnamed: 3"": ""2024"", ""Unnamed: 4"": ""2023\nvia \nvia \nper ordinary"", ""Unnamed: 5"": ""per ordinary""}, {""Page: 195"": NaN, ""Unnamed: 1"": NaN, ""Unnamed: 2"": NaN, ""Unnamed: 3"": ""Total"", ""Unnamed: 4"": ""Total\nscrip\nscrip\nshare"", ""Unnamed: 5"": ""share""}, {""Page: 195"": NaN, ""Unnamed: 1"": ""Dividends"", ""Unnamed: 2"": NaN, ""Unnamed: 3"": ""\u00a3\u2019m"", ""Unnamed: 4"": ""\u00a3\u2019m \n\u00a3\u2019m\n\u00a3\u2019m\n(p)"", ""Unnamed: 5"": ""(p)""}, {""Page: 195"": NaN, ""Unnamed: 1"": ""Declared during the financial period:"", ""Unnamed: 2"": NaN, ""Unnamed: 3"": NaN, ""Unnamed: 4"": NaN, ""Unnamed: 5"": NaN}, {""Page: 195"": NaN, ""Unnamed: 1"": ""Final \u2013 period ended 2 April 2023"", ""Unnamed: 2"": NaN, ""Unnamed: 3"": ""4.7"", ""Unnamed: 4"": ""\u2013\n\u2013\n1.4\n2.6p"", ""Unnamed: 5"": ""\u2013""}, {""Page: 195"": NaN, ""Unnamed: 1"": ""Interim \u2013 period ended 31 March 2024"", ""Unnamed: 2"": NaN, ""Unnamed: 3"": ""2.5"", ""Unnamed: 4"": ""\u2013\n\u2013\n0.6\n1.4p"", ""Unnamed: 5"": ""\u2013""}, {""Page: 195"": NaN, ""Unnamed: 1"": ""Final \u2013 period ended 3 April 2022"", ""Unnamed: 2"": NaN, ""Unnamed: 3"": ""\u2013"", ""Unnamed: 4"": ""3.8\n1.2\n\u2013\n\u2013"", ""Unnamed: 5"": ""2.4p""}, {""Page: 195"": NaN, ""Unnamed: 1"": ""Interim \u2013 period ended 2 April 2023"", ""Unnamed: 2"": NaN, ""Unnamed: 3"": ""\u2013"", ""Unnamed: 4"": ""2.1\n\u2013\n\u2013\n\u2013"", ""Unnamed: 5"": ""1.3p""}, {""Page: 195"": NaN, ""Unnamed: 1"": NaN, ""Unnamed: 2"": NaN, ""Unnamed: 3"": ""7.2"", ""Unnamed: 4"": ""5.9\n1.2\n2.0"", ""Unnamed: 5"": NaN}, {""Page: 195"": NaN, ""Unnamed: 1"": ""The proposed final dividend of 2.8p per ordinary share based on the number of issued ordinary shares at 31 March 2024 is"", ""Unnamed: 2"": NaN, ""Unnamed: 3"": NaN, ""Unnamed: 4"": NaN, ""Unnamed: 5"": NaN}, {""Page: 195"": NaN, ""Unnamed: 1"": ""subject to approval by shareholders at the Annual General Meeting and has not been included as a liability in these financial"", ""Unnamed: 2"": NaN, ""Unnamed: 3"": NaN, ""Unnamed: 4"": NaN, ""Unnamed: 5"": NaN}, {""Page: 195"": NaN, ""Unnamed: 1"": ""statements. Based on shares in issue at 31 March 2024, this would equate to a final dividend of \u00a35.1m."", ""Unnamed: 2"": NaN, ""Unnamed: 3"": NaN, ""Unnamed: 4"": NaN, ""Unnamed: 5"": NaN}, {""Page: 195"": NaN, ""Unnamed: 1"": ""The Group\u2019s consolidated reserves set out on page 137 do not reflect the profits available for distribution in the Group."", ""Unnamed: 2"": NaN, ""Unnamed: 3"": NaN, ""Unnamed: 4"": NaN, ""Unnamed: 5"": NaN}, {""Page: 195"": NaN, ""Unnamed: 1"": ""15. Other matters"", ""Unnamed: 2"": NaN, ""Unnamed: 3"": NaN, ""Unnamed: 4"": NaN, ""Unnamed: 5"": NaN}, {""Page: 195"": NaN, ""Unnamed: 1"": NaN, ""Unnamed: 2"": ""The auditors\u2019 remuneration for the current period in respect of audit services was \u00a30.6m (2023: \u00a30.5m) and \u00a3nil for non-audit"", ""Unnamed: 3"": NaN, ""Unnamed: 4"": NaN, ""Unnamed: 5"": NaN}, {""Page: 195"": NaN, ""Unnamed: 1"": ""services performed (2023: \u00a3nil)."", ""Unnamed: 2"": NaN, ""Unnamed: 3"": NaN, ""Unnamed: 4"": NaN, ""Unnamed: 5"": NaN}, {""Page: 195"": NaN, ""Unnamed: 1"": ""16. Related party transactions"", ""Unnamed: 2"": NaN, ""Unnamed: 3"": NaN, ""Unnamed: 4"": NaN, ""Unnamed: 5"": NaN}, {""Page: 195"": NaN, ""Unnamed: 1"": NaN, ""Unnamed: 2"": ""For full details of transactions and arrangements with key management personnel (Directors of the Company), see note 9 of"", ""Unnamed: 3"": NaN, ""Unnamed: 4"": NaN, ""Unnamed: 5"": NaN}, {""Page: 195"": NaN, ""Unnamed: 1"": ""the consolidated financial statements."", ""Unnamed: 2"": NaN, ""Unnamed: 3"": NaN, ""Unnamed: 4"": NaN, ""Unnamed: 5"": NaN}, {""Page: 195"": NaN, ""Unnamed: 1"": ""17. Related undertakings"", ""Unnamed: 2"": NaN, ""Unnamed: 3"": NaN, ""Unnamed: 4"": NaN, ""Unnamed: 5"": NaN}, {""Page: 195"": NaN, ""Unnamed: 1"": NaN, ""Unnamed: 2"": ""Volex Powercords Europe, Volex Europe Cable Assemblies and Volex plc Italian branch are trading divisions of Volex plc."", ""Unnamed: 3"": NaN, ""Unnamed: 4"": NaN, ""Unnamed: 5"": NaN}, {""Page: 195"": NaN, ""Unnamed: 1"": NaN, ""Unnamed: 2"": ""In accordance with Section 409 of the Companies Act 2006, the subsidiaries owned at 31 March 2024 are disclosed below."", ""Unnamed: 3"": NaN, ""Unnamed: 4"": NaN, ""Unnamed: 5"": NaN}, {""Page: 195"": NaN, ""Unnamed: 1"": NaN, ""Unnamed: 2"": ""Unless otherwise stated the following subsidiary entities are either wholly, or partly, owned directly by the plc and/or"", ""Unnamed: 3"": NaN, ""Unnamed: 4"": NaN, ""Unnamed: 5"": NaN}, {""Page: 195"": NaN, ""Unnamed: 1"": NaN, ""Unnamed: 2"": ""through other Group companies. For the two associates, ownership is shared between a local Volex subsidiary and the"", ""Unnamed: 3"": NaN, ""Unnamed: 4"": NaN, ""Unnamed: 5"": NaN}, {""Page: 195"": NaN, ""Unnamed: 1"": ""relevant partner."", ""Unnamed: 2"": NaN, ""Unnamed: 3"": NaN, ""Unnamed: 4"": NaN, ""Unnamed: 5"": NaN}, {""Page: 195"": NaN, ""Unnamed: 1"": NaN, ""Unnamed: 2"": NaN, ""Unnamed: 3"": ""Country of"", ""Unnamed: 4"": NaN, ""Unnamed: 5"": ""Percentage""}, {""Page: 195"": NaN, ""Unnamed: 1"": ""Name of entity"", ""Unnamed: 2"": ""Footnote"", ""Unnamed: 3"": ""incorporation"", ""Unnamed: 4"": ""Address"", ""Unnamed: 5"": ""owned by plc""}, {""Page: 195"": NaN, ""Unnamed: 1"": ""Directly held"", ""Unnamed: 2"": NaN, ""Unnamed: 3"": NaN, ""Unnamed: 4"": NaN, ""Unnamed: 5"": NaN}, {""Page: 195"": NaN, ""Unnamed: 1"": ""Volex Pte Ltd"", ""Unnamed: 2"": ""2"", ""Unnamed: 3"": ""Singapore"", ""Unnamed: 4"": ""37A Tampines Street 92, #08\u201301, Singapore"", ""Unnamed: 5"": ""100%""}, {""Page: 195"": NaN, ""Unnamed: 1"": NaN, ""Unnamed: 2"": NaN, ""Unnamed: 3"": NaN, ""Unnamed: 4"": ""528886"", ""Unnamed: 5"": NaN}, {""Page: 195"": NaN, ""Unnamed: 1"": ""Volex Holdings Inc"", ""Unnamed: 2"": ""2"", ""Unnamed: 3"": ""USA"", ""Unnamed: 4"": ""511 E San Ysidro Blvd # 509, San Ysidro CA 92173,"", ""Unnamed: 5"": ""100%""}, {""Page: 195"": NaN, ""Unnamed: 1"": NaN, ""Unnamed: 2"": NaN, ""Unnamed: 3"": NaN, ""Unnamed: 4"": ""USA"", ""Unnamed: 5"": NaN}, {""Page: 195"": NaN, ""Unnamed: 1"": ""Terminal & Cable TC Inc"", ""Unnamed: 2"": ""1"", ""Unnamed: 3"": ""Canada"", ""Unnamed: 4"": ""300 \u2013 50 O\u2019Connor Street, Ottawa ON K1P 6L2,"", ""Unnamed: 5"": ""100%""}, {""Page: 195"": NaN, ""Unnamed: 1"": NaN, ""Unnamed: 2"": NaN, ""Unnamed: 3"": NaN, ""Unnamed: 4"": ""Canada"", ""Unnamed: 5"": NaN}, {""Page: 195"": NaN, ""Unnamed: 1"": ""Volex Group Holdings Ltd"", ""Unnamed: 2"": ""2"", ""Unnamed: 3"": ""UK"", ""Unnamed: 4"": ""Unit C1 Antura, Bond Close, Basingstoke,"", ""Unnamed: 5"": ""100%""}, {""Page: 195"": NaN, ""Unnamed: 1"": NaN, ""Unnamed: 2"": NaN, ""Unnamed: 3"": NaN, ""Unnamed: 4"": ""Hampshire, RG24 8PZ, England"", ""Unnamed: 5"": NaN}, {""Page: 195"": NaN, ""Unnamed: 1"": ""GTK (Holdco) Ltd"", ""Unnamed: 2"": ""2"", ""Unnamed: 3"": ""UK"", ""Unnamed: 4"": ""Unit C1 Antura, Bond Close, Basingstoke,"", ""Unnamed: 5"": ""100%""}, {""Page: 195"": NaN, ""Unnamed: 1"": NaN, ""Unnamed: 2"": NaN, ""Unnamed: 3"": NaN, ""Unnamed: 4"": ""Hampshire, RG24 8PZ, England"", ""Unnamed: 5"": NaN}, {""Page: 195"": NaN, ""Unnamed: 1"": ""Volex Poland Sp z.o.o."", ""Unnamed: 2"": ""1"", ""Unnamed: 3"": ""Poland"", ""Unnamed: 4"": ""Przemyslowa 8, 85\u2013758, Bydgoszcz, Kuyavian\u2013"", ""Unnamed: 5"": ""99%""}, {""Page: 195"": NaN, ""Unnamed: 1"": NaN, ""Unnamed: 2"": NaN, ""Unnamed: 3"": NaN, ""Unnamed: 4"": ""Pomeranian Voivodeship, Poland"", ""Unnamed: 5"": NaN}, {""Page: 195"": NaN, ""Unnamed: 1"": ""Volex Germany GmbH"", ""Unnamed: 2"": ""3"", ""Unnamed: 3"": ""Germany"", ""Unnamed: 4"": ""Zu den M\u00fchlen 19, 35390 Gie\u00dfen, Germany"", ""Unnamed: 5"": ""100%""}, {""Page: 195"": NaN, ""Unnamed: 1"": ""Volex Sweden AB"", ""Unnamed: 2"": ""3"", ""Unnamed: 3"": ""Sweden"", ""Unnamed: 4"": ""C/O Servando Bolag AB, Johan Fredrik Stahl,"", ""Unnamed: 5"": ""100%""}, {""Page: 195"": NaN, ""Unnamed: 1"": NaN, ""Unnamed: 2"": NaN, ""Unnamed: 3"": NaN, ""Unnamed: 4"": ""Box 5814, 102 48 Stockholm, Sweden"", ""Unnamed: 5"": NaN}, {""Page: 195"": NaN, ""Unnamed: 1"": ""Volex International Korea LLC"", ""Unnamed: 2"": ""3"", ""Unnamed: 3"": ""South Korea"", ""Unnamed: 4"": ""6th Floor, 100 Toegye-ro, Hoehyun-dong 2-ga,"", ""Unnamed: 5"": ""100%""}, {""Page: 195"": NaN, ""Unnamed: 1"": NaN, ""Unnamed: 2"": NaN, ""Unnamed: 3"": NaN, ""Unnamed: 4"": ""State Tower Namsan, Jung-gu, Seoul, South"", ""Unnamed: 5"": NaN}, {""Page: 195"": NaN, ""Unnamed: 1"": NaN, ""Unnamed: 2"": NaN, ""Unnamed: 3"": NaN, ""Unnamed: 4"": ""Korea"", ""Unnamed: 5"": NaN}, {""Page: 195"": NaN, ""Unnamed: 1"": ""Volex do Brasil Ltda"", ""Unnamed: 2"": ""3"", ""Unnamed: 3"": ""Brazil"", ""Unnamed: 4"": ""Rod. Geraldo Scavone 2.080, Unidade 13 A 16,"", ""Unnamed: 5"": ""99%""}, {""Page: 195"": NaN, ""Unnamed: 1"": NaN, ""Unnamed: 2"": NaN, ""Unnamed: 3"": NaN, ""Unnamed: 4"": ""Jacarei, 12305\u2013490, Brazil"", ""Unnamed: 5"": NaN}, {""Page: 195"": NaN, ""Unnamed: 1"": ""Volex (No.4) Ltd"", ""Unnamed: 2"": ""3"", ""Unnamed: 3"": ""UK"", ""Unnamed: 4"": ""Unit C1 Antura, Bond Close, Basingstoke,"", ""Unnamed: 5"": ""99%""}, {""Page: 195"": NaN, ""Unnamed: 1"": NaN, ""Unnamed: 2"": NaN, ""Unnamed: 3"": NaN, ""Unnamed: 4"": ""Hampshire, RG24 8PZ, England"", ""Unnamed: 5"": NaN}]
---
[{""Page: 138"": ""Table Index: 15"", ""Unnamed: 1"": NaN, ""Unnamed: 2"": NaN, ""Unnamed: 3"": NaN, ""Unnamed: 4"": NaN}, {""Page: 138"": ""Table Header: , , 2024, 2023"", ""Unnamed: 1"": NaN, ""Unnamed: 2"": NaN, ""Unnamed: 3"": NaN, ""Unnamed: 4"": NaN}, {""Page: 138"": ""Page Header: Consolidated Statement of Financial Position | As at 31 March 2024 (2 April 2023) | 2024 2023"", ""Unnamed: 1"": NaN, ""Unnamed: 2"": NaN, ""Unnamed: 3"": NaN, ""Unnamed: 4"": NaN}, {""Page: 138"": ""Notes Mentioned: None"", ""Unnamed: 1"": NaN, ""Unnamed: 2"": NaN, ""Unnamed: 3"": NaN, ""Unnamed: 4"": NaN}, {""Page: 138"": NaN, ""Unnamed: 1"": NaN, ""Unnamed: 2"": NaN, ""Unnamed: 3"": ""2024"", ""Unnamed: 4"": ""2023""}, {""Page: 138"": NaN, ""Unnamed: 1"": NaN, ""Unnamed: 2"": ""Notes"", ""Unnamed: 3"": ""$\u2019m"", ""Unnamed: 4"": ""$\u2019m""}, {""Page: 138"": NaN, ""Unnamed: 1"": ""Non-current assets"", ""Unnamed: 2"": NaN, ""Unnamed: 3"": NaN, ""Unnamed: 4"": NaN}, {""Page: 138"": NaN, ""Unnamed: 1"": ""Goodwill"", ""Unnamed: 2"": ""12"", ""Unnamed: 3"": ""121.4"", ""Unnamed: 4"": ""82.3""}, {""Page: 138"": NaN, ""Unnamed: 1"": ""Other intangible assets"", ""Unnamed: 2"": ""13"", ""Unnamed: 3"": ""131.7"", ""Unnamed: 4"": ""41.8""}, {""Page: 138"": NaN, ""Unnamed: 1"": ""Property, plant and equipment"", ""Unnamed: 2"": ""14"", ""Unnamed: 3"": ""91.8"", ""Unnamed: 4"": ""50.1""}, {""Page: 138"": NaN, ""Unnamed: 1"": ""Right-of-use assets"", ""Unnamed: 2"": ""15"", ""Unnamed: 3"": ""38.4"", ""Unnamed: 4"": ""34.5""}, {""Page: 138"": NaN, ""Unnamed: 1"": ""Interests in associates"", ""Unnamed: 2"": ""16"", ""Unnamed: 3"": ""8.1"", ""Unnamed: 4"": ""2.6""}, {""Page: 138"": NaN, ""Unnamed: 1"": ""Other receivables"", ""Unnamed: 2"": ""18"", ""Unnamed: 3"": ""2.0"", ""Unnamed: 4"": ""1.8""}, {""Page: 138"": NaN, ""Unnamed: 1"": ""Derivative financial instruments"", ""Unnamed: 2"": ""31"", ""Unnamed: 3"": ""1.5"", ""Unnamed: 4"": ""0.9""}, {""Page: 138"": NaN, ""Unnamed: 1"": ""Retirement benefit asset"", ""Unnamed: 2"": ""30"", ""Unnamed: 3"": ""0.4"", ""Unnamed: 4"": ""\u2013""}, {""Page: 138"": NaN, ""Unnamed: 1"": ""Deferred tax assets"", ""Unnamed: 2"": ""21"", ""Unnamed: 3"": ""25.9"", ""Unnamed: 4"": ""24.6""}, {""Page: 138"": NaN, ""Unnamed: 1"": NaN, ""Unnamed: 2"": NaN, ""Unnamed: 3"": ""421.2"", ""Unnamed: 4"": ""238.6""}, {""Page: 138"": NaN, ""Unnamed: 1"": ""Current assets"", ""Unnamed: 2"": NaN, ""Unnamed: 3"": NaN, ""Unnamed: 4"": NaN}, {""Page: 138"": NaN, ""Unnamed: 1"": ""Inventories"", ""Unnamed: 2"": ""17"", ""Unnamed: 3"": ""174.3"", ""Unnamed: 4"": ""120.5""}, {""Page: 138"": NaN, ""Unnamed: 1"": ""Trade receivables"", ""Unnamed: 2"": ""18"", ""Unnamed: 3"": ""187.6"", ""Unnamed: 4"": ""136.2""}, {""Page: 138"": NaN, ""Unnamed: 1"": ""Other receivables"", ""Unnamed: 2"": ""18"", ""Unnamed: 3"": ""23.4"", ""Unnamed: 4"": ""15.7""}, {""Page: 138"": NaN, ""Unnamed: 1"": ""Current tax assets"", ""Unnamed: 2"": NaN, ""Unnamed: 3"": ""1.8"", ""Unnamed: 4"": ""0.8""}, {""Page: 138"": NaN, ""Unnamed: 1"": ""Derivative financial instruments"", ""Unnamed: 2"": ""31"", ""Unnamed: 3"": ""1.0"", ""Unnamed: 4"": ""0.9""}, {""Page: 138"": NaN, ""Unnamed: 1"": ""Cash and bank balances"", ""Unnamed: 2"": ""28"", ""Unnamed: 3"": ""29.8"", ""Unnamed: 4"": ""22.5""}, {""Page: 138"": NaN, ""Unnamed: 1"": NaN, ""Unnamed: 2"": NaN, ""Unnamed: 3"": ""417.9"", ""Unnamed: 4"": ""296.6""}, {""Page: 138"": NaN, ""Unnamed: 1"": ""Total assets"", ""Unnamed: 2"": NaN, ""Unnamed: 3"": ""839.1"", ""Unnamed: 4"": ""535.2""}, {""Page: 138"": NaN, ""Unnamed: 1"": ""Current liabilities"", ""Unnamed: 2"": NaN, ""Unnamed: 3"": NaN, ""Unnamed: 4"": NaN}, {""Page: 138"": NaN, ""Unnamed: 1"": ""Borrowings"", ""Unnamed: 2"": ""19"", ""Unnamed: 3"": ""3.3"", ""Unnamed: 4"": ""1.8""}, {""Page: 138"": NaN, ""Unnamed: 1"": ""Lease liabilities"", ""Unnamed: 2"": ""19"", ""Unnamed: 3"": ""21.3"", ""Unnamed: 4"": ""15.6""}, {""Page: 138"": NaN, ""Unnamed: 1"": ""Trade payables"", ""Unnamed: 2"": ""20"", ""Unnamed: 3"": ""133.1"", ""Unnamed: 4"": ""84.4""}, {""Page: 138"": NaN, ""Unnamed: 1"": ""Other payables"", ""Unnamed: 2"": ""20"", ""Unnamed: 3"": ""101.4"", ""Unnamed: 4"": ""65.2""}, {""Page: 138"": NaN, ""Unnamed: 1"": ""Current tax liabilities"", ""Unnamed: 2"": NaN, ""Unnamed: 3"": ""18.3"", ""Unnamed: 4"": ""14.5""}, {""Page: 138"": NaN, ""Unnamed: 1"": ""Retirement benefit obligations"", ""Unnamed: 2"": ""30"", ""Unnamed: 3"": ""\u2013"", ""Unnamed: 4"": ""0.3""}, {""Page: 138"": NaN, ""Unnamed: 1"": ""Provisions"", ""Unnamed: 2"": ""22"", ""Unnamed: 3"": ""2.9"", ""Unnamed: 4"": ""0.9""}, {""Page: 138"": NaN, ""Unnamed: 1"": ""Derivative financial instruments"", ""Unnamed: 2"": ""31"", ""Unnamed: 3"": ""0.4"", ""Unnamed: 4"": ""\u2013""}, {""Page: 138"": NaN, ""Unnamed: 1"": NaN, ""Unnamed: 2"": NaN, ""Unnamed: 3"": ""280.7"", ""Unnamed: 4"": ""182.7""}, {""Page: 138"": NaN, ""Unnamed: 1"": ""Net current assets"", ""Unnamed: 2"": NaN, ""Unnamed: 3"": ""137.2"", ""Unnamed: 4"": ""113.9""}, {""Page: 138"": NaN, ""Unnamed: 1"": ""Non-current liabilities"", ""Unnamed: 2"": NaN, ""Unnamed: 3"": NaN, ""Unnamed: 4"": NaN}, {""Page: 138"": NaN, ""Unnamed: 1"": ""Borrowings"", ""Unnamed: 2"": ""19"", ""Unnamed: 3"": ""143.1"", ""Unnamed: 4"": ""89.6""}, {""Page: 138"": NaN, ""Unnamed: 1"": ""Lease liabilities"", ""Unnamed: 2"": ""19"", ""Unnamed: 3"": ""16.1"", ""Unnamed: 4"": ""19.2""}, {""Page: 138"": NaN, ""Unnamed: 1"": ""Other payables"", ""Unnamed: 2"": ""20"", ""Unnamed: 3"": ""26.9"", ""Unnamed: 4"": ""1.4""}, {""Page: 138"": NaN, ""Unnamed: 1"": ""Deferred tax liabilities"", ""Unnamed: 2"": ""21"", ""Unnamed: 3"": ""28.2"", ""Unnamed: 4"": ""6.9""}, {""Page: 138"": NaN, ""Unnamed: 1"": ""Retirement benefit obligations"", ""Unnamed: 2"": ""30"", ""Unnamed: 3"": ""7.5"", ""Unnamed: 4"": ""2.3""}, {""Page: 138"": NaN, ""Unnamed: 1"": ""Provisions"", ""Unnamed: 2"": ""22"", ""Unnamed: 3"": ""1.0"", ""Unnamed: 4"": ""0.4""}, {""Page: 138"": NaN, ""Unnamed: 1"": NaN, ""Unnamed: 2"": NaN, ""Unnamed: 3"": ""222.8"", ""Unnamed: 4"": ""119.8""}, {""Page: 138"": NaN, ""Unnamed: 1"": ""Total liabilities"", ""Unnamed: 2"": NaN, ""Unnamed: 3"": ""503.5"", ""Unnamed: 4"": ""302.5""}, {""Page: 138"": NaN, ""Unnamed: 1"": ""Net assets"", ""Unnamed: 2"": NaN, ""Unnamed: 3"": ""335.6"", ""Unnamed: 4"": ""232.7""}, {""Page: 138"": NaN, ""Unnamed: 1"": ""Equity"", ""Unnamed: 2"": NaN, ""Unnamed: 3"": NaN, ""Unnamed: 4"": NaN}, {""Page: 138"": NaN, ""Unnamed: 1"": ""Share capital"", ""Unnamed: 2"": ""23"", ""Unnamed: 3"": ""69.6"", ""Unnamed: 4"": ""62.7""}, {""Page: 138"": NaN, ""Unnamed: 1"": ""Share premium account"", ""Unnamed: 2"": ""23"", ""Unnamed: 3"": ""62.0"", ""Unnamed: 4"": ""60.7""}, {""Page: 138"": NaN, ""Unnamed: 1"": ""Non-distributable reserve"", ""Unnamed: 2"": ""24"", ""Unnamed: 3"": ""2.5"", ""Unnamed: 4"": ""2.5""}, {""Page: 138"": NaN, ""Unnamed: 1"": ""Hedging and translation reserve"", ""Unnamed: 2"": NaN, ""Unnamed: 3"": ""(13.9)"", ""Unnamed: 4"": ""(14.6)""}, {""Page: 138"": NaN, ""Unnamed: 1"": ""Own shares"", ""Unnamed: 2"": ""24"", ""Unnamed: 3"": ""(4.3)"", ""Unnamed: 4"": ""(1.0)""}, {""Page: 138"": NaN, ""Unnamed: 1"": ""Retained earnings"", ""Unnamed: 2"": NaN, ""Unnamed: 3"": ""211.3"", ""Unnamed: 4"": ""115.0""}, {""Page: 138"": NaN, ""Unnamed: 1"": ""Total attributable to owners of the parent"", ""Unnamed: 2"": NaN, ""Unnamed: 3"": ""327.2"", ""Unnamed: 4"": ""225.3""}, {""Page: 138"": NaN, ""Unnamed: 1"": ""Non-controlling interests"", ""Unnamed: 2"": ""25"", ""Unnamed: 3"": ""8.4"", ""Unnamed: 4"": ""7.4""}, {""Page: 138"": NaN, ""Unnamed: 1"": ""Total equity"", ""Unnamed: 2"": NaN, ""Unnamed: 3"": ""335.6"", ""Unnamed: 4"": ""232.7""}, {""Page: 138"": NaN, ""Unnamed: 1"": NaN, ""Unnamed: 2"": ""The notes on pages 139 to 181 are an integral part of these financial statements. The consolidated financial statements of"", ""Unnamed: 3"": NaN, ""Unnamed: 4"": NaN}]
---
[{""Page: 138"": ""Table Index: 15"", ""Unnamed: 1"": NaN, ""Unnamed: 2"": NaN, ""Unnamed: 3"": NaN, ""Unnamed: 4"": NaN}, {""Page: 138"": ""Table Header: , , 2024, 2023"", ""Unnamed: 1"": NaN, ""Unnamed: 2"": NaN, ""Unnamed: 3"": NaN, ""Unnamed: 4"": NaN}, {""Page: 138"": ""Page Header: Consolidated Statement of Financial Position | As at 31 March 2024 (2 April 2023) | 2024 2023"", ""Unnamed: 1"": NaN, ""Unnamed: 2"": NaN, ""Unnamed: 3"": NaN, ""Unnamed: 4"": NaN}, {""Page: 138"": ""Notes Mentioned: None"", ""Unnamed: 1"": NaN, ""Unnamed: 2"": NaN, ""Unnamed: 3"": NaN, ""Unnamed: 4"": NaN}, {""Page: 138"": NaN, ""Unnamed: 1"": NaN, ""Unnamed: 2"": NaN, ""Unnamed: 3"": ""2024"", ""Unnamed: 4"": ""2023""}, {""Page: 138"": NaN, ""Unnamed: 1"": NaN, ""Unnamed: 2"": ""Notes"", ""Unnamed: 3"": ""$\u2019m"", ""Unnamed: 4"": ""$\u2019m""}, {""Page: 138"": NaN, ""Unnamed: 1"": ""Non-current assets"", ""Unnamed: 2"": NaN, ""Unnamed: 3"": NaN, ""Unnamed: 4"": NaN}, {""Page: 138"": NaN, ""Unnamed: 1"": ""Goodwill"", ""Unnamed: 2"": ""12"", ""Unnamed: 3"": ""121.4"", ""Unnamed: 4"": ""82.3""}, {""Page: 138"": NaN, ""Unnamed: 1"": ""Other intangible assets"", ""Unnamed: 2"": ""13"", ""Unnamed: 3"": ""131.7"", ""Unnamed: 4"": ""41.8""}, {""Page: 138"": NaN, ""Unnamed: 1"": ""Property, plant and equipment"", ""Unnamed: 2"": ""14"", ""Unnamed: 3"": ""91.8"", ""Unnamed: 4"": ""50.1""}, {""Page: 138"": NaN, ""Unnamed: 1"": ""Right-of-use assets"", ""Unnamed: 2"": ""15"", ""Unnamed: 3"": ""38.4"", ""Unnamed: 4"": ""34.5""}, {""Page: 138"": NaN, ""Unnamed: 1"": ""Interests in associates"", ""Unnamed: 2"": ""16"", ""Unnamed: 3"": ""8.1"", ""Unnamed: 4"": ""2.6""}, {""Page: 138"": NaN, ""Unnamed: 1"": ""Other receivables"", ""Unnamed: 2"": ""18"", ""Unnamed: 3"": ""2.0"", ""Unnamed: 4"": ""1.8""}, {""Page: 138"": NaN, ""Unnamed: 1"": ""Derivative financial instruments"", ""Unnamed: 2"": ""31"", ""Unnamed: 3"": ""1.5"", ""Unnamed: 4"": ""0.9""}, {""Page: 138"": NaN, ""Unnamed: 1"": ""Retirement benefit asset"", ""Unnamed: 2"": ""30"", ""Unnamed: 3"": ""0.4"", ""Unnamed: 4"": ""\u2013""}, {""Page: 138"": NaN, ""Unnamed: 1"": ""Deferred tax assets"", ""Unnamed: 2"": ""21"", ""Unnamed: 3"": ""25.9"", ""Unnamed: 4"": ""24.6""}, {""Page: 138"": NaN, ""Unnamed: 1"": NaN, ""Unnamed: 2"": NaN, ""Unnamed: 3"": ""421.2"", ""Unnamed: 4"": ""238.6""}, {""Page: 138"": NaN, ""Unnamed: 1"": ""Current assets"", ""Unnamed: 2"": NaN, ""Unnamed: 3"": NaN, ""Unnamed: 4"": NaN}, {""Page: 138"": NaN, ""Unnamed: 1"": ""Inventories"", ""Unnamed: 2"": ""17"", ""Unnamed: 3"": ""174.3"", ""Unnamed: 4"": ""120.5""}, {""Page: 138"": NaN, ""Unnamed: 1"": ""Trade receivables"", ""Unnamed: 2"": ""18"", ""Unnamed: 3"": ""187.6"", ""Unnamed: 4"": ""136.2""}, {""Page: 138"": NaN, ""Unnamed: 1"": ""Other receivables"", ""Unnamed: 2"": ""18"", ""Unnamed: 3"": ""23.4"", ""Unnamed: 4"": ""15.7""}, {""Page: 138"": NaN, ""Unnamed: 1"": ""Current tax assets"", ""Unnamed: 2"": NaN, ""Unnamed: 3"": ""1.8"", ""Unnamed: 4"": ""0.8""}, {""Page: 138"": NaN, ""Unnamed: 1"": ""Derivative financial instruments"", ""Unnamed: 2"": ""31"", ""Unnamed: 3"": ""1.0"", ""Unnamed: 4"": ""0.9""}, {""Page: 138"": NaN, ""Unnamed: 1"": ""Cash and bank balances"", ""Unnamed: 2"": ""28"", ""Unnamed: 3"": ""29.8"", ""Unnamed: 4"": ""22.5""}, {""Page: 138"": NaN, ""Unnamed: 1"": NaN, ""Unnamed: 2"": NaN, ""Unnamed: 3"": ""417.9"", ""Unnamed: 4"": ""296.6""}, {""Page: 138"": NaN, ""Unnamed: 1"": ""Total assets"", ""Unnamed: 2"": NaN, ""Unnamed: 3"": ""839.1"", ""Unnamed: 4"": ""535.2""}, {""Page: 138"": NaN, ""Unnamed: 1"": ""Current liabilities"", ""Unnamed: 2"": NaN, ""Unnamed: 3"": NaN, ""Unnamed: 4"": NaN}, {""Page: 138"": NaN, ""Unnamed: 1"": ""Borrowings"", ""Unnamed: 2"": ""19"", ""Unnamed: 3"": ""3.3"", ""Unnamed: 4"": ""1.8""}, {""Page: 138"": NaN, ""Unnamed: 1"": ""Lease liabilities"", ""Unnamed: 2"": ""19"", ""Unnamed: 3"": ""21.3"", ""Unnamed: 4"": ""15.6""}, {""Page: 138"": NaN, ""Unnamed: 1"": ""Trade payables"", ""Unnamed: 2"": ""20"", ""Unnamed: 3"": ""133.1"", ""Unnamed: 4"": ""84.4""}, {""Page: 138"": NaN, ""Unnamed: 1"": ""Other payables"", ""Unnamed: 2"": ""20"", ""Unnamed: 3"": ""101.4"", ""Unnamed: 4"": ""65.2""}, {""Page: 138"": NaN, ""Unnamed: 1"": ""Current tax liabilities"", ""Unnamed: 2"": NaN, ""Unnamed: 3"": ""18.3"", ""Unnamed: 4"": ""14.5""}, {""Page: 138"": NaN, ""Unnamed: 1"": ""Retirement benefit obligations"", ""Unnamed: 2"": ""30"", ""Unnamed: 3"": ""\u2013"", ""Unnamed: 4"": ""0.3""}, {""Page: 138"": NaN, ""Unnamed: 1"": ""Provisions"", ""Unnamed: 2"": ""22"", ""Unnamed: 3"": ""2.9"", ""Unnamed: 4"": ""0.9""}, {""Page: 138"": NaN, ""Unnamed: 1"": ""Derivative financial instruments"", ""Unnamed: 2"": ""31"", ""Unnamed: 3"": ""0.4"", ""Unnamed: 4"": ""\u2013""}, {""Page: 138"": NaN, ""Unnamed: 1"": NaN, ""Unnamed: 2"": NaN, ""Unnamed: 3"": ""280.7"", ""Unnamed: 4"": ""182.7""}, {""Page: 138"": NaN, ""Unnamed: 1"": ""Net current assets"", ""Unnamed: 2"": NaN, ""Unnamed: 3"": ""137.2"", ""Unnamed: 4"": ""113.9""}, {""Page: 138"": NaN, ""Unnamed: 1"": ""Non-current liabilities"", ""Unnamed: 2"": NaN, ""Unnamed: 3"": NaN, ""Unnamed: 4"": NaN}, {""Page: 138"": NaN, ""Unnamed: 1"": ""Borrowings"", ""Unnamed: 2"": ""19"", ""Unnamed: 3"": ""143.1"", ""Unnamed: 4"": ""89.6""}, {""Page: 138"": NaN, ""Unnamed: 1"": ""Lease liabilities"", ""Unnamed: 2"": ""19"", ""Unnamed: 3"": ""16.1"", ""Unnamed: 4"": ""19.2""}, {""Page: 138"": NaN, ""Unnamed: 1"": ""Other payables"", ""Unnamed: 2"": ""20"", ""Unnamed: 3"": ""26.9"", ""Unnamed: 4"": ""1.4""}, {""Page: 138"": NaN, ""Unnamed: 1"": ""Deferred tax liabilities"", ""Unnamed: 2"": ""21"", ""Unnamed: 3"": ""28.2"", ""Unnamed: 4"": ""6.9""}, {""Page: 138"": NaN, ""Unnamed: 1"": ""Retirement benefit obligations"", ""Unnamed: 2"": ""30"", ""Unnamed: 3"": ""7.5"", ""Unnamed: 4"": ""2.3""}, {""Page: 138"": NaN, ""Unnamed: 1"": ""Provisions"", ""Unnamed: 2"": ""22"", ""Unnamed: 3"": ""1.0"", ""Unnamed: 4"": ""0.4""}, {""Page: 138"": NaN, ""Unnamed: 1"": NaN, ""Unnamed: 2"": NaN, ""Unnamed: 3"": ""222.8"", ""Unnamed: 4"": ""119.8""}, {""Page: 138"": NaN, ""Unnamed: 1"": ""Total liabilities"", ""Unnamed: 2"": NaN, ""Unnamed: 3"": ""503.5"", ""Unnamed: 4"": ""302.5""}, {""Page: 138"": NaN, ""Unnamed: 1"": ""Net assets"", ""Unnamed: 2"": NaN, ""Unnamed: 3"": ""335.6"", ""Unnamed: 4"": ""232.7""}, {""Page: 138"": NaN, ""Unnamed: 1"": ""Equity"", ""Unnamed: 2"": NaN, ""Unnamed: 3"": NaN, ""Unnamed: 4"": NaN}, {""Page: 138"": NaN, ""Unnamed: 1"": ""Share capital"", ""Unnamed: 2"": ""23"", ""Unnamed: 3"": ""69.6"", ""Unnamed: 4"": ""62.7""}, {""Page: 138"": NaN, ""Unnamed: 1"": ""Share premium account"", ""Unnamed: 2"": ""23"", ""Unnamed: 3"": ""62.0"", ""Unnamed: 4"": ""60.7""}, {""Page: 138"": NaN, ""Unnamed: 1"": ""Non-distributable reserve"", ""Unnamed: 2"": ""24"", ""Unnamed: 3"": ""2.5"", ""Unnamed: 4"": ""2.5""}, {""Page: 138"": NaN, ""Unnamed: 1"": ""Hedging and translation reserve"", ""Unnamed: 2"": NaN, ""Unnamed: 3"": ""(13.9)"", ""Unnamed: 4"": ""(14.6)""}, {""Page: 138"": NaN, ""Unnamed: 1"": ""Own shares"", ""Unnamed: 2"": ""24"", ""Unnamed: 3"": ""(4.3)"", ""Unnamed: 4"": ""(1.0)""}, {""Page: 138"": NaN, ""Unnamed: 1"": ""Retained earnings"", ""Unnamed: 2"": NaN, ""Unnamed: 3"": ""211.3"", ""Unnamed: 4"": ""115.0""}, {""Page: 138"": NaN, ""Unnamed: 1"": ""Total attributable to owners of the parent"", ""Unnamed: 2"": NaN, ""Unnamed: 3"": ""327.2"", ""Unnamed: 4"": ""225.3""}, {""Page: 138"": NaN, ""Unnamed: 1"": ""Non-controlling interests"", ""Unnamed: 2"": ""25"", ""Unnamed: 3"": ""8.4"", ""Unnamed: 4"": ""7.4""}, {""Page: 138"": NaN, ""Unnamed: 1"": ""Total equity"", ""Unnamed: 2"": NaN, ""Unnamed: 3"": ""335.6"", ""Unnamed: 4"": ""232.7""}, {""Page: 138"": NaN, ""Unnamed: 1"": NaN, ""Unnamed: 2"": ""The notes on pages 139 to 181 are an integral part of these financial statements. The consolidated financial statements of"", ""Unnamed: 3"": NaN, ""Unnamed: 4"": NaN}]","[0.2907, 0.3017, 0.3017]"
Cash Flow Template,Total other operating income,What is Equity-settled share-based payments under Cash flows from operating activities in CONSOLIDATED CASH FLOW STATEMENT for year 2023 and 2024?,"[{""Page: 171"": ""Table Index: 54"", ""Unnamed: 1"": NaN, ""Unnamed: 2"": NaN, ""Unnamed: 3"": NaN}, {""Page: 171"": ""Table Header: 28. Notes to the statement of cash flows, , "", ""Unnamed: 1"": NaN, ""Unnamed: 2"": NaN, ""Unnamed: 3"": NaN}, {""Page: 171"": ""Page Header: 28. Notes to the statement of cash flows | 2024 2023 | $\u2019m $\u2019m"", ""Unnamed: 1"": NaN, ""Unnamed: 2"": NaN, ""Unnamed: 3"": NaN}, {""Page: 171"": ""Notes Mentioned: None"", ""Unnamed: 1"": NaN, ""Unnamed: 2"": NaN, ""Unnamed: 3"": NaN}, {""Page: 171"": NaN, ""Unnamed: 1"": ""28. Notes to the statement of cash flows"", ""Unnamed: 2"": NaN, ""Unnamed: 3"": NaN}, {""Page: 171"": NaN, ""Unnamed: 1"": NaN, ""Unnamed: 2"": ""2024"", ""Unnamed: 3"": ""2023""}, {""Page: 171"": NaN, ""Unnamed: 1"": NaN, ""Unnamed: 2"": ""$\u2019m"", ""Unnamed: 3"": ""$\u2019m""}, {""Page: 171"": NaN, ""Unnamed: 1"": ""Profit for the period"", ""Unnamed: 2"": ""40.2"", ""Unnamed: 3"": ""37.4""}, {""Page: 171"": NaN, ""Unnamed: 1"": ""Adjustments for:"", ""Unnamed: 2"": NaN, ""Unnamed: 3"": NaN}, {""Page: 171"": NaN, ""Unnamed: 1"": ""Finance income (note 5)"", ""Unnamed: 2"": ""(1.3)"", ""Unnamed: 3"": ""(0.4)""}, {""Page: 171"": NaN, ""Unnamed: 1"": ""Finance costs (note 6)"", ""Unnamed: 2"": ""16.8"", ""Unnamed: 3"": ""9.5""}, {""Page: 171"": NaN, ""Unnamed: 1"": ""Income tax expense (note 10)"", ""Unnamed: 2"": ""11.4"", ""Unnamed: 3"": ""8.4""}, {""Page: 171"": NaN, ""Unnamed: 1"": ""Share of net profit from associates"", ""Unnamed: 2"": ""(3.2)"", ""Unnamed: 3"": ""(1.1)""}, {""Page: 171"": NaN, ""Unnamed: 1"": ""Depreciation of property, plant and equipment (note 14)"", ""Unnamed: 2"": ""12.3"", ""Unnamed: 3"": ""8.2""}, {""Page: 171"": NaN, ""Unnamed: 1"": ""Depreciation of right-of-use assets (note 15)"", ""Unnamed: 2"": ""7.4"", ""Unnamed: 3"": ""4.8""}, {""Page: 171"": NaN, ""Unnamed: 1"": ""Amortisation of intangible assets (note 13)"", ""Unnamed: 2"": ""15.6"", ""Unnamed: 3"": ""10.2""}, {""Page: 171"": NaN, ""Unnamed: 1"": ""Loss on disposal of property, plant and equipment"", ""Unnamed: 2"": ""\u2013"", ""Unnamed: 3"": ""0.1""}, {""Page: 171"": NaN, ""Unnamed: 1"": ""Share-based payment charge (note 29)"", ""Unnamed: 2"": ""6.3"", ""Unnamed: 3"": ""3.7""}, {""Page: 171"": NaN, ""Unnamed: 1"": ""Contingent consideration adjustments (note 4)"", ""Unnamed: 2"": ""(1.3)"", ""Unnamed: 3"": ""(1.3)""}, {""Page: 171"": NaN, ""Unnamed: 1"": ""Decrease in provisions"", ""Unnamed: 2"": ""(1.5)"", ""Unnamed: 3"": ""(1.1)""}, {""Page: 171"": NaN, ""Unnamed: 1"": ""Operating cash flow before movement in working capital"", ""Unnamed: 2"": ""102.7"", ""Unnamed: 3"": ""78.4""}, {""Page: 171"": NaN, ""Unnamed: 1"": ""Increase in inventories"", ""Unnamed: 2"": ""(5.6)"", ""Unnamed: 3"": ""(0.2)""}, {""Page: 171"": NaN, ""Unnamed: 1"": ""Increase in receivables"", ""Unnamed: 2"": ""(17.4)"", ""Unnamed: 3"": ""(15.4)""}, {""Page: 171"": NaN, ""Unnamed: 1"": ""Increase in payables"", ""Unnamed: 2"": ""24.9"", ""Unnamed: 3"": ""7.0""}, {""Page: 171"": NaN, ""Unnamed: 1"": ""Movement in working capital"", ""Unnamed: 2"": ""1.9"", ""Unnamed: 3"": ""(8.6)""}, {""Page: 171"": NaN, ""Unnamed: 1"": ""Cash generated from operations"", ""Unnamed: 2"": ""104.6"", ""Unnamed: 3"": ""69.8""}, {""Page: 171"": NaN, ""Unnamed: 1"": ""Cash generated from operations before adjusting operating items"", ""Unnamed: 2"": ""111.6"", ""Unnamed: 3"": ""72.0""}, {""Page: 171"": NaN, ""Unnamed: 1"": ""Cash used by adjusting operating items"", ""Unnamed: 2"": ""(7.0)"", ""Unnamed: 3"": ""(2.2)""}, {""Page: 171"": NaN, ""Unnamed: 1"": ""Taxation paid"", ""Unnamed: 2"": ""(14.9)"", ""Unnamed: 3"": ""(7.9)""}, {""Page: 171"": NaN, ""Unnamed: 1"": ""Interest paid"", ""Unnamed: 2"": ""(11.4)"", ""Unnamed: 3"": ""(6.2)""}, {""Page: 171"": NaN, ""Unnamed: 1"": ""Net cash generated from operating activities"", ""Unnamed: 2"": ""78.3"", ""Unnamed: 3"": ""55.7""}, {""Page: 171"": NaN, ""Unnamed: 1"": ""Cash and cash equivalents"", ""Unnamed: 2"": NaN, ""Unnamed: 3"": NaN}, {""Page: 171"": NaN, ""Unnamed: 1"": NaN, ""Unnamed: 2"": ""2024"", ""Unnamed: 3"": ""2023""}, {""Page: 171"": NaN, ""Unnamed: 1"": NaN, ""Unnamed: 2"": ""$\u2019m"", ""Unnamed: 3"": ""$\u2019m""}, {""Page: 171"": NaN, ""Unnamed: 1"": ""Cash and bank balances"", ""Unnamed: 2"": ""29.8"", ""Unnamed: 3"": ""22.5""}, {""Page: 171"": NaN, ""Unnamed: 1"": ""Bank overdrafts"", ""Unnamed: 2"": ""(1.0)"", ""Unnamed: 3"": ""(1.8)""}, {""Page: 171"": NaN, ""Unnamed: 1"": NaN, ""Unnamed: 2"": ""28.8"", ""Unnamed: 3"": ""20.7""}, {""Page: 171"": NaN, ""Unnamed: 1"": NaN, ""Unnamed: 2"": ""Cash and cash equivalents comprise cash held by the Group and bank overdrafts. The carrying amount of these assets"", ""Unnamed: 3"": NaN}, {""Page: 171"": NaN, ""Unnamed: 1"": NaN, ""Unnamed: 2"": ""approximates their fair value. Included within cash and cash equivalents is $nil (2023: $0.1m) held in trust, which can only be"", ""Unnamed: 3"": NaN}, {""Page: 171"": NaN, ""Unnamed: 1"": ""used for Volex employees."", ""Unnamed: 2"": NaN, ""Unnamed: 3"": NaN}]
---
[{""Page: 138"": ""Table Index: 15"", ""Unnamed: 1"": NaN, ""Unnamed: 2"": NaN, ""Unnamed: 3"": NaN, ""Unnamed: 4"": NaN}, {""Page: 138"": ""Table Header: , , 2024, 2023"", ""Unnamed: 1"": NaN, ""Unnamed: 2"": NaN, ""Unnamed: 3"": NaN, ""Unnamed: 4"": NaN}, {""Page: 138"": ""Page Header: Consolidated Statement of Financial Position | As at 31 March 2024 (2 April 2023) | 2024 2023"", ""Unnamed: 1"": NaN, ""Unnamed: 2"": NaN, ""Unnamed: 3"": NaN, ""Unnamed: 4"": NaN}, {""Page: 138"": ""Notes Mentioned: None"", ""Unnamed: 1"": NaN, ""Unnamed: 2"": NaN, ""Unnamed: 3"": NaN, ""Unnamed: 4"": NaN}, {""Page: 138"": NaN, ""Unnamed: 1"": NaN, ""Unnamed: 2"": NaN, ""Unnamed: 3"": ""2024"", ""Unnamed: 4"": ""2023""}, {""Page: 138"": NaN, ""Unnamed: 1"": NaN, ""Unnamed: 2"": ""Notes"", ""Unnamed: 3"": ""$\u2019m"", ""Unnamed: 4"": ""$\u2019m""}, {""Page: 138"": NaN, ""Unnamed: 1"": ""Non-current assets"", ""Unnamed: 2"": NaN, ""Unnamed: 3"": NaN, ""Unnamed: 4"": NaN}, {""Page: 138"": NaN, ""Unnamed: 1"": ""Goodwill"", ""Unnamed: 2"": ""12"", ""Unnamed: 3"": ""121.4"", ""Unnamed: 4"": ""82.3""}, {""Page: 138"": NaN, ""Unnamed: 1"": ""Other intangible assets"", ""Unnamed: 2"": ""13"", ""Unnamed: 3"": ""131.7"", ""Unnamed: 4"": ""41.8""}, {""Page: 138"": NaN, ""Unnamed: 1"": ""Property, plant and equipment"", ""Unnamed: 2"": ""14"", ""Unnamed: 3"": ""91.8"", ""Unnamed: 4"": ""50.1""}, {""Page: 138"": NaN, ""Unnamed: 1"": ""Right-of-use assets"", ""Unnamed: 2"": ""15"", ""Unnamed: 3"": ""38.4"", ""Unnamed: 4"": ""34.5""}, {""Page: 138"": NaN, ""Unnamed: 1"": ""Interests in associates"", ""Unnamed: 2"": ""16"", ""Unnamed: 3"": ""8.1"", ""Unnamed: 4"": ""2.6""}, {""Page: 138"": NaN, ""Unnamed: 1"": ""Other receivables"", ""Unnamed: 2"": ""18"", ""Unnamed: 3"": ""2.0"", ""Unnamed: 4"": ""1.8""}, {""Page: 138"": NaN, ""Unnamed: 1"": ""Derivative financial instruments"", ""Unnamed: 2"": ""31"", ""Unnamed: 3"": ""1.5"", ""Unnamed: 4"": ""0.9""}, {""Page: 138"": NaN, ""Unnamed: 1"": ""Retirement benefit asset"", ""Unnamed: 2"": ""30"", ""Unnamed: 3"": ""0.4"", ""Unnamed: 4"": ""\u2013""}, {""Page: 138"": NaN, ""Unnamed: 1"": ""Deferred tax assets"", ""Unnamed: 2"": ""21"", ""Unnamed: 3"": ""25.9"", ""Unnamed: 4"": ""24.6""}, {""Page: 138"": NaN, ""Unnamed: 1"": NaN, ""Unnamed: 2"": NaN, ""Unnamed: 3"": ""421.2"", ""Unnamed: 4"": ""238.6""}, {""Page: 138"": NaN, ""Unnamed: 1"": ""Current assets"", ""Unnamed: 2"": NaN, ""Unnamed: 3"": NaN, ""Unnamed: 4"": NaN}, {""Page: 138"": NaN, ""Unnamed: 1"": ""Inventories"", ""Unnamed: 2"": ""17"", ""Unnamed: 3"": ""174.3"", ""Unnamed: 4"": ""120.5""}, {""Page: 138"": NaN, ""Unnamed: 1"": ""Trade receivables"", ""Unnamed: 2"": ""18"", ""Unnamed: 3"": ""187.6"", ""Unnamed: 4"": ""136.2""}, {""Page: 138"": NaN, ""Unnamed: 1"": ""Other receivables"", ""Unnamed: 2"": ""18"", ""Unnamed: 3"": ""23.4"", ""Unnamed: 4"": ""15.7""}, {""Page: 138"": NaN, ""Unnamed: 1"": ""Current tax assets"", ""Unnamed: 2"": NaN, ""Unnamed: 3"": ""1.8"", ""Unnamed: 4"": ""0.8""}, {""Page: 138"": NaN, ""Unnamed: 1"": ""Derivative financial instruments"", ""Unnamed: 2"": ""31"", ""Unnamed: 3"": ""1.0"", ""Unnamed: 4"": ""0.9""}, {""Page: 138"": NaN, ""Unnamed: 1"": ""Cash and bank balances"", ""Unnamed: 2"": ""28"", ""Unnamed: 3"": ""29.8"", ""Unnamed: 4"": ""22.5""}, {""Page: 138"": NaN, ""Unnamed: 1"": NaN, ""Unnamed: 2"": NaN, ""Unnamed: 3"": ""417.9"", ""Unnamed: 4"": ""296.6""}, {""Page: 138"": NaN, ""Unnamed: 1"": ""Total assets"", ""Unnamed: 2"": NaN, ""Unnamed: 3"": ""839.1"", ""Unnamed: 4"": ""535.2""}, {""Page: 138"": NaN, ""Unnamed: 1"": ""Current liabilities"", ""Unnamed: 2"": NaN, ""Unnamed: 3"": NaN, ""Unnamed: 4"": NaN}, {""Page: 138"": NaN, ""Unnamed: 1"": ""Borrowings"", ""Unnamed: 2"": ""19"", ""Unnamed: 3"": ""3.3"", ""Unnamed: 4"": ""1.8""}, {""Page: 138"": NaN, ""Unnamed: 1"": ""Lease liabilities"", ""Unnamed: 2"": ""19"", ""Unnamed: 3"": ""21.3"", ""Unnamed: 4"": ""15.6""}, {""Page: 138"": NaN, ""Unnamed: 1"": ""Trade payables"", ""Unnamed: 2"": ""20"", ""Unnamed: 3"": ""133.1"", ""Unnamed: 4"": ""84.4""}, {""Page: 138"": NaN, ""Unnamed: 1"": ""Other payables"", ""Unnamed: 2"": ""20"", ""Unnamed: 3"": ""101.4"", ""Unnamed: 4"": ""65.2""}, {""Page: 138"": NaN, ""Unnamed: 1"": ""Current tax liabilities"", ""Unnamed: 2"": NaN, ""Unnamed: 3"": ""18.3"", ""Unnamed: 4"": ""14.5""}, {""Page: 138"": NaN, ""Unnamed: 1"": ""Retirement benefit obligations"", ""Unnamed: 2"": ""30"", ""Unnamed: 3"": ""\u2013"", ""Unnamed: 4"": ""0.3""}, {""Page: 138"": NaN, ""Unnamed: 1"": ""Provisions"", ""Unnamed: 2"": ""22"", ""Unnamed: 3"": ""2.9"", ""Unnamed: 4"": ""0.9""}, {""Page: 138"": NaN, ""Unnamed: 1"": ""Derivative financial instruments"", ""Unnamed: 2"": ""31"", ""Unnamed: 3"": ""0.4"", ""Unnamed: 4"": ""\u2013""}, {""Page: 138"": NaN, ""Unnamed: 1"": NaN, ""Unnamed: 2"": NaN, ""Unnamed: 3"": ""280.7"", ""Unnamed: 4"": ""182.7""}, {""Page: 138"": NaN, ""Unnamed: 1"": ""Net current assets"", ""Unnamed: 2"": NaN, ""Unnamed: 3"": ""137.2"", ""Unnamed: 4"": ""113.9""}, {""Page: 138"": NaN, ""Unnamed: 1"": ""Non-current liabilities"", ""Unnamed: 2"": NaN, ""Unnamed: 3"": NaN, ""Unnamed: 4"": NaN}, {""Page: 138"": NaN, ""Unnamed: 1"": ""Borrowings"", ""Unnamed: 2"": ""19"", ""Unnamed: 3"": ""143.1"", ""Unnamed: 4"": ""89.6""}, {""Page: 138"": NaN, ""Unnamed: 1"": ""Lease liabilities"", ""Unnamed: 2"": ""19"", ""Unnamed: 3"": ""16.1"", ""Unnamed: 4"": ""19.2""}, {""Page: 138"": NaN, ""Unnamed: 1"": ""Other payables"", ""Unnamed: 2"": ""20"", ""Unnamed: 3"": ""26.9"", ""Unnamed: 4"": ""1.4""}, {""Page: 138"": NaN, ""Unnamed: 1"": ""Deferred tax liabilities"", ""Unnamed: 2"": ""21"", ""Unnamed: 3"": ""28.2"", ""Unnamed: 4"": ""6.9""}, {""Page: 138"": NaN, ""Unnamed: 1"": ""Retirement benefit obligations"", ""Unnamed: 2"": ""30"", ""Unnamed: 3"": ""7.5"", ""Unnamed: 4"": ""2.3""}, {""Page: 138"": NaN, ""Unnamed: 1"": ""Provisions"", ""Unnamed: 2"": ""22"", ""Unnamed: 3"": ""1.0"", ""Unnamed: 4"": ""0.4""}, {""Page: 138"": NaN, ""Unnamed: 1"": NaN, ""Unnamed: 2"": NaN, ""Unnamed: 3"": ""222.8"", ""Unnamed: 4"": ""119.8""}, {""Page: 138"": NaN, ""Unnamed: 1"": ""Total liabilities"", ""Unnamed: 2"": NaN, ""Unnamed: 3"": ""503.5"", ""Unnamed: 4"": ""302.5""}, {""Page: 138"": NaN, ""Unnamed: 1"": ""Net assets"", ""Unnamed: 2"": NaN, ""Unnamed: 3"": ""335.6"", ""Unnamed: 4"": ""232.7""}, {""Page: 138"": NaN, ""Unnamed: 1"": ""Equity"", ""Unnamed: 2"": NaN, ""Unnamed: 3"": NaN, ""Unnamed: 4"": NaN}, {""Page: 138"": NaN, ""Unnamed: 1"": ""Share capital"", ""Unnamed: 2"": ""23"", ""Unnamed: 3"": ""69.6"", ""Unnamed: 4"": ""62.7""}, {""Page: 138"": NaN, ""Unnamed: 1"": ""Share premium account"", ""Unnamed: 2"": ""23"", ""Unnamed: 3"": ""62.0"", ""Unnamed: 4"": ""60.7""}, {""Page: 138"": NaN, ""Unnamed: 1"": ""Non-distributable reserve"", ""Unnamed: 2"": ""24"", ""Unnamed: 3"": ""2.5"", ""Unnamed: 4"": ""2.5""}, {""Page: 138"": NaN, ""Unnamed: 1"": ""Hedging and translation reserve"", ""Unnamed: 2"": NaN, ""Unnamed: 3"": ""(13.9)"", ""Unnamed: 4"": ""(14.6)""}, {""Page: 138"": NaN, ""Unnamed: 1"": ""Own shares"", ""Unnamed: 2"": ""24"", ""Unnamed: 3"": ""(4.3)"", ""Unnamed: 4"": ""(1.0)""}, {""Page: 138"": NaN, ""Unnamed: 1"": ""Retained earnings"", ""Unnamed: 2"": NaN, ""Unnamed: 3"": ""211.3"", ""Unnamed: 4"": ""115.0""}, {""Page: 138"": NaN, ""Unnamed: 1"": ""Total attributable to owners of the parent"", ""Unnamed: 2"": NaN, ""Unnamed: 3"": ""327.2"", ""Unnamed: 4"": ""225.3""}, {""Page: 138"": NaN, ""Unnamed: 1"": ""Non-controlling interests"", ""Unnamed: 2"": ""25"", ""Unnamed: 3"": ""8.4"", ""Unnamed: 4"": ""7.4""}, {""Page: 138"": NaN, ""Unnamed: 1"": ""Total equity"", ""Unnamed: 2"": NaN, ""Unnamed: 3"": ""335.6"", ""Unnamed: 4"": ""232.7""}, {""Page: 138"": NaN, ""Unnamed: 1"": NaN, ""Unnamed: 2"": ""The notes on pages 139 to 181 are an integral part of these financial statements. The consolidated financial statements of"", ""Unnamed: 3"": NaN, ""Unnamed: 4"": NaN}]
---
[{""Page: 136"": ""Table Index: 13"", ""Unnamed: 1"": NaN, ""Unnamed: 2"": NaN, ""Unnamed: 3"": NaN, ""Unnamed: 4"": NaN, ""Unnamed: 5"": NaN, ""Unnamed: 6"": NaN, ""Unnamed: 7"": NaN, ""Unnamed: 8"": NaN}, {""Page: 136"": ""Table Header: , , , 2024, , , 2023, "", ""Unnamed: 1"": NaN, ""Unnamed: 2"": NaN, ""Unnamed: 3"": NaN, ""Unnamed: 4"": NaN, ""Unnamed: 5"": NaN, ""Unnamed: 6"": NaN, ""Unnamed: 7"": NaN, ""Unnamed: 8"": NaN}, {""Page: 136"": ""Page Header: Consolidated Income Statement | For the 52 weeks ended 31 March 2024 (52 weeks ended 2 April 2023) | 2024 2023"", ""Unnamed: 1"": NaN, ""Unnamed: 2"": NaN, ""Unnamed: 3"": NaN, ""Unnamed: 4"": NaN, ""Unnamed: 5"": NaN, ""Unnamed: 6"": NaN, ""Unnamed: 7"": NaN, ""Unnamed: 8"": NaN}, {""Page: 136"": ""Notes Mentioned: Note 4, Note 4"", ""Unnamed: 1"": NaN, ""Unnamed: 2"": NaN, ""Unnamed: 3"": NaN, ""Unnamed: 4"": NaN, ""Unnamed: 5"": NaN, ""Unnamed: 6"": NaN, ""Unnamed: 7"": NaN, ""Unnamed: 8"": NaN}, {""Page: 136"": NaN, ""Unnamed: 1"": NaN, ""Unnamed: 2"": NaN, ""Unnamed: 3"": NaN, ""Unnamed: 4"": ""2024"", ""Unnamed: 5"": NaN, ""Unnamed: 6"": NaN, ""Unnamed: 7"": ""2023"", ""Unnamed: 8"": NaN}, {""Page: 136"": NaN, ""Unnamed: 1"": NaN, ""Unnamed: 2"": NaN, ""Unnamed: 3"": ""Before"", ""Unnamed: 4"": ""Adjusting"", ""Unnamed: 5"": NaN, ""Unnamed: 6"": ""Before"", ""Unnamed: 7"": ""Adjusting"", ""Unnamed: 8"": NaN}, {""Page: 136"": NaN, ""Unnamed: 1"": NaN, ""Unnamed: 2"": NaN, ""Unnamed: 3"": ""adjusting"", ""Unnamed: 4"": ""items and"", ""Unnamed: 5"": NaN, ""Unnamed: 6"": ""adjusting"", ""Unnamed: 7"": ""items and"", ""Unnamed: 8"": NaN}, {""Page: 136"": NaN, ""Unnamed: 1"": NaN, ""Unnamed: 2"": NaN, ""Unnamed: 3"": ""items and"", ""Unnamed: 4"": ""share-based"", ""Unnamed: 5"": NaN, ""Unnamed: 6"": ""items and"", ""Unnamed: 7"": ""share-based"", ""Unnamed: 8"": NaN}, {""Page: 136"": NaN, ""Unnamed: 1"": NaN, ""Unnamed: 2"": NaN, ""Unnamed: 3"": ""share-based"", ""Unnamed: 4"": ""payments"", ""Unnamed: 5"": NaN, ""Unnamed: 6"": ""share-based"", ""Unnamed: 7"": ""payments"", ""Unnamed: 8"": NaN}, {""Page: 136"": NaN, ""Unnamed: 1"": NaN, ""Unnamed: 2"": NaN, ""Unnamed: 3"": ""payments"", ""Unnamed: 4"": ""(Note 4)"", ""Unnamed: 5"": ""Total"", ""Unnamed: 6"": ""payments"", ""Unnamed: 7"": ""(Note 4)"", ""Unnamed: 8"": ""Total""}, {""Page: 136"": NaN, ""Unnamed: 1"": NaN, ""Unnamed: 2"": ""Notes"", ""Unnamed: 3"": ""$\u2019m"", ""Unnamed: 4"": ""$\u2019m"", ""Unnamed: 5"": ""$\u2019m"", ""Unnamed: 6"": ""$\u2019m"", ""Unnamed: 7"": ""$\u2019m"", ""Unnamed: 8"": ""$\u2019m""}, {""Page: 136"": NaN, ""Unnamed: 1"": ""Revenue"", ""Unnamed: 2"": ""3"", ""Unnamed: 3"": ""912.8"", ""Unnamed: 4"": ""\u2013"", ""Unnamed: 5"": ""912.8"", ""Unnamed: 6"": ""722.8"", ""Unnamed: 7"": ""\u2013"", ""Unnamed: 8"": ""722.8""}, {""Page: 136"": NaN, ""Unnamed: 1"": ""Cost of sales"", ""Unnamed: 2"": NaN, ""Unnamed: 3"": ""(710.0)"", ""Unnamed: 4"": ""\u2013"", ""Unnamed: 5"": ""(710.0)"", ""Unnamed: 6"": ""(565.8)"", ""Unnamed: 7"": ""\u2013"", ""Unnamed: 8"": ""(565.8)""}, {""Page: 136"": NaN, ""Unnamed: 1"": ""Gross profit"", ""Unnamed: 2"": NaN, ""Unnamed: 3"": ""202.8"", ""Unnamed: 4"": ""\u2013"", ""Unnamed: 5"": ""202.8"", ""Unnamed: 6"": ""157.0"", ""Unnamed: 7"": ""\u2013"", ""Unnamed: 8"": ""157.0""}, {""Page: 136"": NaN, ""Unnamed: 1"": ""Operating expenses"", ""Unnamed: 2"": NaN, ""Unnamed: 3"": ""(113.1)"", ""Unnamed: 4"": ""(25.8)"", ""Unnamed: 5"": ""(138.9)"", ""Unnamed: 6"": ""(89.7)"", ""Unnamed: 7"": ""(13.5)"", ""Unnamed: 8"": ""(103.2)""}, {""Page: 136"": NaN, ""Unnamed: 1"": ""Operating profit"", ""Unnamed: 2"": ""7"", ""Unnamed: 3"": ""89.7"", ""Unnamed: 4"": ""(25.8)"", ""Unnamed: 5"": ""63.9"", ""Unnamed: 6"": ""67.3"", ""Unnamed: 7"": ""(13.5)"", ""Unnamed: 8"": ""53.8""}, {""Page: 136"": NaN, ""Unnamed: 1"": ""Share of net profit from"", ""Unnamed: 2"": NaN, ""Unnamed: 3"": NaN, ""Unnamed: 4"": NaN, ""Unnamed: 5"": NaN, ""Unnamed: 6"": NaN, ""Unnamed: 7"": NaN, ""Unnamed: 8"": NaN}, {""Page: 136"": NaN, ""Unnamed: 1"": ""associates"", ""Unnamed: 2"": ""16"", ""Unnamed: 3"": ""3.2"", ""Unnamed: 4"": ""\u2013"", ""Unnamed: 5"": ""3.2"", ""Unnamed: 6"": ""1.1"", ""Unnamed: 7"": ""\u2013"", ""Unnamed: 8"": ""1.1""}, {""Page: 136"": NaN, ""Unnamed: 1"": ""Finance income"", ""Unnamed: 2"": ""5"", ""Unnamed: 3"": ""1.3"", ""Unnamed: 4"": ""\u2013"", ""Unnamed: 5"": ""1.3"", ""Unnamed: 6"": ""0.4"", ""Unnamed: 7"": ""\u2013"", ""Unnamed: 8"": ""0.4""}, {""Page: 136"": NaN, ""Unnamed: 1"": ""Finance costs"", ""Unnamed: 2"": ""6"", ""Unnamed: 3"": ""(16.8)"", ""Unnamed: 4"": ""\u2013"", ""Unnamed: 5"": ""(16.8)"", ""Unnamed: 6"": ""(9.5)"", ""Unnamed: 7"": ""\u2013"", ""Unnamed: 8"": ""(9.5)""}, {""Page: 136"": NaN, ""Unnamed: 1"": ""Profit before taxation"", ""Unnamed: 2"": NaN, ""Unnamed: 3"": ""77.4"", ""Unnamed: 4"": ""(25.8)"", ""Unnamed: 5"": ""51.6"", ""Unnamed: 6"": ""59.3"", ""Unnamed: 7"": ""(13.5)"", ""Unnamed: 8"": ""45.8""}, {""Page: 136"": NaN, ""Unnamed: 1"": ""Taxation"", ""Unnamed: 2"": ""10"", ""Unnamed: 3"": ""(15.9)"", ""Unnamed: 4"": ""4.5"", ""Unnamed: 5"": ""(11.4)"", ""Unnamed: 6"": ""(10.7)"", ""Unnamed: 7"": ""2.3"", ""Unnamed: 8"": ""(8.4)""}, {""Page: 136"": NaN, ""Unnamed: 1"": ""Profit for the period"", ""Unnamed: 2"": NaN, ""Unnamed: 3"": ""61.5"", ""Unnamed: 4"": ""(21.3)"", ""Unnamed: 5"": ""40.2"", ""Unnamed: 6"": ""48.6"", ""Unnamed: 7"": ""(11.2)"", ""Unnamed: 8"": ""37.4""}, {""Page: 136"": NaN, ""Unnamed: 1"": ""Profit is attributable to:"", ""Unnamed: 2"": NaN, ""Unnamed: 3"": NaN, ""Unnamed: 4"": NaN, ""Unnamed: 5"": NaN, ""Unnamed: 6"": NaN, ""Unnamed: 7"": NaN, ""Unnamed: 8"": NaN}, {""Page: 136"": NaN, ""Unnamed: 1"": ""Owners of the parent"", ""Unnamed: 2"": NaN, ""Unnamed: 3"": ""60.5"", ""Unnamed: 4"": ""(21.2)"", ""Unnamed: 5"": ""39.3"", ""Unnamed: 6"": ""48.0"", ""Unnamed: 7"": ""(11.2)"", ""Unnamed: 8"": ""36.8""}, {""Page: 136"": NaN, ""Unnamed: 1"": ""Non-controlling interests"", ""Unnamed: 2"": NaN, ""Unnamed: 3"": ""1.0"", ""Unnamed: 4"": ""(0.1)"", ""Unnamed: 5"": ""0.9"", ""Unnamed: 6"": ""0.6"", ""Unnamed: 7"": ""\u2013"", ""Unnamed: 8"": ""0.6""}, {""Page: 136"": NaN, ""Unnamed: 1"": NaN, ""Unnamed: 2"": NaN, ""Unnamed: 3"": ""61.5"", ""Unnamed: 4"": ""(21.3)"", ""Unnamed: 5"": ""40.2"", ""Unnamed: 6"": ""48.6"", ""Unnamed: 7"": ""(11.2)"", ""Unnamed: 8"": ""37.4""}, {""Page: 136"": NaN, ""Unnamed: 1"": ""Earnings per share (cents)"", ""Unnamed: 2"": NaN, ""Unnamed: 3"": NaN, ""Unnamed: 4"": NaN, ""Unnamed: 5"": NaN, ""Unnamed: 6"": NaN, ""Unnamed: 7"": NaN, ""Unnamed: 8"": NaN}, {""Page: 136"": NaN, ""Unnamed: 1"": ""Basic"", ""Unnamed: 2"": ""11"", ""Unnamed: 3"": ""33.7"", ""Unnamed: 4"": NaN, ""Unnamed: 5"": ""21.8"", ""Unnamed: 6"": ""30.2"", ""Unnamed: 7"": NaN, ""Unnamed: 8"": ""23.2""}, {""Page: 136"": NaN, ""Unnamed: 1"": ""Diluted"", ""Unnamed: 2"": ""11"", ""Unnamed: 3"": ""33.0"", ""Unnamed: 4"": NaN, ""Unnamed: 5"": ""21.4"", ""Unnamed: 6"": ""28.8"", ""Unnamed: 7"": NaN, ""Unnamed: 8"": ""22.1""}]","[0.2209, 0.2718, 0.2827]"
Cash Flow Template,Total other operating income,What is Cash generated from operations -discontinued operations under Cash flows from operating activities in Statement of Cash Flows for year 2023 and 2024?,"[{""Page: 171"": ""Table Index: 54"", ""Unnamed: 1"": NaN, ""Unnamed: 2"": NaN, ""Unnamed: 3"": NaN}, {""Page: 171"": ""Table Header: 28. Notes to the statement of cash flows, , "", ""Unnamed: 1"": NaN, ""Unnamed: 2"": NaN, ""Unnamed: 3"": NaN}, {""Page: 171"": ""Page Header: 28. Notes to the statement of cash flows | 2024 2023 | $\u2019m $\u2019m"", ""Unnamed: 1"": NaN, ""Unnamed: 2"": NaN, ""Unnamed: 3"": NaN}, {""Page: 171"": ""Notes Mentioned: None"", ""Unnamed: 1"": NaN, ""Unnamed: 2"": NaN, ""Unnamed: 3"": NaN}, {""Page: 171"": NaN, ""Unnamed: 1"": ""28. Notes to the statement of cash flows"", ""Unnamed: 2"": NaN, ""Unnamed: 3"": NaN}, {""Page: 171"": NaN, ""Unnamed: 1"": NaN, ""Unnamed: 2"": ""2024"", ""Unnamed: 3"": ""2023""}, {""Page: 171"": NaN, ""Unnamed: 1"": NaN, ""Unnamed: 2"": ""$\u2019m"", ""Unnamed: 3"": ""$\u2019m""}, {""Page: 171"": NaN, ""Unnamed: 1"": ""Profit for the period"", ""Unnamed: 2"": ""40.2"", ""Unnamed: 3"": ""37.4""}, {""Page: 171"": NaN, ""Unnamed: 1"": ""Adjustments for:"", ""Unnamed: 2"": NaN, ""Unnamed: 3"": NaN}, {""Page: 171"": NaN, ""Unnamed: 1"": ""Finance income (note 5)"", ""Unnamed: 2"": ""(1.3)"", ""Unnamed: 3"": ""(0.4)""}, {""Page: 171"": NaN, ""Unnamed: 1"": ""Finance costs (note 6)"", ""Unnamed: 2"": ""16.8"", ""Unnamed: 3"": ""9.5""}, {""Page: 171"": NaN, ""Unnamed: 1"": ""Income tax expense (note 10)"", ""Unnamed: 2"": ""11.4"", ""Unnamed: 3"": ""8.4""}, {""Page: 171"": NaN, ""Unnamed: 1"": ""Share of net profit from associates"", ""Unnamed: 2"": ""(3.2)"", ""Unnamed: 3"": ""(1.1)""}, {""Page: 171"": NaN, ""Unnamed: 1"": ""Depreciation of property, plant and equipment (note 14)"", ""Unnamed: 2"": ""12.3"", ""Unnamed: 3"": ""8.2""}, {""Page: 171"": NaN, ""Unnamed: 1"": ""Depreciation of right-of-use assets (note 15)"", ""Unnamed: 2"": ""7.4"", ""Unnamed: 3"": ""4.8""}, {""Page: 171"": NaN, ""Unnamed: 1"": ""Amortisation of intangible assets (note 13)"", ""Unnamed: 2"": ""15.6"", ""Unnamed: 3"": ""10.2""}, {""Page: 171"": NaN, ""Unnamed: 1"": ""Loss on disposal of property, plant and equipment"", ""Unnamed: 2"": ""\u2013"", ""Unnamed: 3"": ""0.1""}, {""Page: 171"": NaN, ""Unnamed: 1"": ""Share-based payment charge (note 29)"", ""Unnamed: 2"": ""6.3"", ""Unnamed: 3"": ""3.7""}, {""Page: 171"": NaN, ""Unnamed: 1"": ""Contingent consideration adjustments (note 4)"", ""Unnamed: 2"": ""(1.3)"", ""Unnamed: 3"": ""(1.3)""}, {""Page: 171"": NaN, ""Unnamed: 1"": ""Decrease in provisions"", ""Unnamed: 2"": ""(1.5)"", ""Unnamed: 3"": ""(1.1)""}, {""Page: 171"": NaN, ""Unnamed: 1"": ""Operating cash flow before movement in working capital"", ""Unnamed: 2"": ""102.7"", ""Unnamed: 3"": ""78.4""}, {""Page: 171"": NaN, ""Unnamed: 1"": ""Increase in inventories"", ""Unnamed: 2"": ""(5.6)"", ""Unnamed: 3"": ""(0.2)""}, {""Page: 171"": NaN, ""Unnamed: 1"": ""Increase in receivables"", ""Unnamed: 2"": ""(17.4)"", ""Unnamed: 3"": ""(15.4)""}, {""Page: 171"": NaN, ""Unnamed: 1"": ""Increase in payables"", ""Unnamed: 2"": ""24.9"", ""Unnamed: 3"": ""7.0""}, {""Page: 171"": NaN, ""Unnamed: 1"": ""Movement in working capital"", ""Unnamed: 2"": ""1.9"", ""Unnamed: 3"": ""(8.6)""}, {""Page: 171"": NaN, ""Unnamed: 1"": ""Cash generated from operations"", ""Unnamed: 2"": ""104.6"", ""Unnamed: 3"": ""69.8""}, {""Page: 171"": NaN, ""Unnamed: 1"": ""Cash generated from operations before adjusting operating items"", ""Unnamed: 2"": ""111.6"", ""Unnamed: 3"": ""72.0""}, {""Page: 171"": NaN, ""Unnamed: 1"": ""Cash used by adjusting operating items"", ""Unnamed: 2"": ""(7.0)"", ""Unnamed: 3"": ""(2.2)""}, {""Page: 171"": NaN, ""Unnamed: 1"": ""Taxation paid"", ""Unnamed: 2"": ""(14.9)"", ""Unnamed: 3"": ""(7.9)""}, {""Page: 171"": NaN, ""Unnamed: 1"": ""Interest paid"", ""Unnamed: 2"": ""(11.4)"", ""Unnamed: 3"": ""(6.2)""}, {""Page: 171"": NaN, ""Unnamed: 1"": ""Net cash generated from operating activities"", ""Unnamed: 2"": ""78.3"", ""Unnamed: 3"": ""55.7""}, {""Page: 171"": NaN, ""Unnamed: 1"": ""Cash and cash equivalents"", ""Unnamed: 2"": NaN, ""Unnamed: 3"": NaN}, {""Page: 171"": NaN, ""Unnamed: 1"": NaN, ""Unnamed: 2"": ""2024"", ""Unnamed: 3"": ""2023""}, {""Page: 171"": NaN, ""Unnamed: 1"": NaN, ""Unnamed: 2"": ""$\u2019m"", ""Unnamed: 3"": ""$\u2019m""}, {""Page: 171"": NaN, ""Unnamed: 1"": ""Cash and bank balances"", ""Unnamed: 2"": ""29.8"", ""Unnamed: 3"": ""22.5""}, {""Page: 171"": NaN, ""Unnamed: 1"": ""Bank overdrafts"", ""Unnamed: 2"": ""(1.0)"", ""Unnamed: 3"": ""(1.8)""}, {""Page: 171"": NaN, ""Unnamed: 1"": NaN, ""Unnamed: 2"": ""28.8"", ""Unnamed: 3"": ""20.7""}, {""Page: 171"": NaN, ""Unnamed: 1"": NaN, ""Unnamed: 2"": ""Cash and cash equivalents comprise cash held by the Group and bank overdrafts. The carrying amount of these assets"", ""Unnamed: 3"": NaN}, {""Page: 171"": NaN, ""Unnamed: 1"": NaN, ""Unnamed: 2"": ""approximates their fair value. Included within cash and cash equivalents is $nil (2023: $0.1m) held in trust, which can only be"", ""Unnamed: 3"": NaN}, {""Page: 171"": NaN, ""Unnamed: 1"": ""used for Volex employees."", ""Unnamed: 2"": NaN, ""Unnamed: 3"": NaN}]
---
[{""Page: 138"": ""Table Index: 15"", ""Unnamed: 1"": NaN, ""Unnamed: 2"": NaN, ""Unnamed: 3"": NaN, ""Unnamed: 4"": NaN}, {""Page: 138"": ""Table Header: , , 2024, 2023"", ""Unnamed: 1"": NaN, ""Unnamed: 2"": NaN, ""Unnamed: 3"": NaN, ""Unnamed: 4"": NaN}, {""Page: 138"": ""Page Header: Consolidated Statement of Financial Position | As at 31 March 2024 (2 April 2023) | 2024 2023"", ""Unnamed: 1"": NaN, ""Unnamed: 2"": NaN, ""Unnamed: 3"": NaN, ""Unnamed: 4"": NaN}, {""Page: 138"": ""Notes Mentioned: None"", ""Unnamed: 1"": NaN, ""Unnamed: 2"": NaN, ""Unnamed: 3"": NaN, ""Unnamed: 4"": NaN}, {""Page: 138"": NaN, ""Unnamed: 1"": NaN, ""Unnamed: 2"": NaN, ""Unnamed: 3"": ""2024"", ""Unnamed: 4"": ""2023""}, {""Page: 138"": NaN, ""Unnamed: 1"": NaN, ""Unnamed: 2"": ""Notes"", ""Unnamed: 3"": ""$\u2019m"", ""Unnamed: 4"": ""$\u2019m""}, {""Page: 138"": NaN, ""Unnamed: 1"": ""Non-current assets"", ""Unnamed: 2"": NaN, ""Unnamed: 3"": NaN, ""Unnamed: 4"": NaN}, {""Page: 138"": NaN, ""Unnamed: 1"": ""Goodwill"", ""Unnamed: 2"": ""12"", ""Unnamed: 3"": ""121.4"", ""Unnamed: 4"": ""82.3""}, {""Page: 138"": NaN, ""Unnamed: 1"": ""Other intangible assets"", ""Unnamed: 2"": ""13"", ""Unnamed: 3"": ""131.7"", ""Unnamed: 4"": ""41.8""}, {""Page: 138"": NaN, ""Unnamed: 1"": ""Property, plant and equipment"", ""Unnamed: 2"": ""14"", ""Unnamed: 3"": ""91.8"", ""Unnamed: 4"": ""50.1""}, {""Page: 138"": NaN, ""Unnamed: 1"": ""Right-of-use assets"", ""Unnamed: 2"": ""15"", ""Unnamed: 3"": ""38.4"", ""Unnamed: 4"": ""34.5""}, {""Page: 138"": NaN, ""Unnamed: 1"": ""Interests in associates"", ""Unnamed: 2"": ""16"", ""Unnamed: 3"": ""8.1"", ""Unnamed: 4"": ""2.6""}, {""Page: 138"": NaN, ""Unnamed: 1"": ""Other receivables"", ""Unnamed: 2"": ""18"", ""Unnamed: 3"": ""2.0"", ""Unnamed: 4"": ""1.8""}, {""Page: 138"": NaN, ""Unnamed: 1"": ""Derivative financial instruments"", ""Unnamed: 2"": ""31"", ""Unnamed: 3"": ""1.5"", ""Unnamed: 4"": ""0.9""}, {""Page: 138"": NaN, ""Unnamed: 1"": ""Retirement benefit asset"", ""Unnamed: 2"": ""30"", ""Unnamed: 3"": ""0.4"", ""Unnamed: 4"": ""\u2013""}, {""Page: 138"": NaN, ""Unnamed: 1"": ""Deferred tax assets"", ""Unnamed: 2"": ""21"", ""Unnamed: 3"": ""25.9"", ""Unnamed: 4"": ""24.6""}, {""Page: 138"": NaN, ""Unnamed: 1"": NaN, ""Unnamed: 2"": NaN, ""Unnamed: 3"": ""421.2"", ""Unnamed: 4"": ""238.6""}, {""Page: 138"": NaN, ""Unnamed: 1"": ""Current assets"", ""Unnamed: 2"": NaN, ""Unnamed: 3"": NaN, ""Unnamed: 4"": NaN}, {""Page: 138"": NaN, ""Unnamed: 1"": ""Inventories"", ""Unnamed: 2"": ""17"", ""Unnamed: 3"": ""174.3"", ""Unnamed: 4"": ""120.5""}, {""Page: 138"": NaN, ""Unnamed: 1"": ""Trade receivables"", ""Unnamed: 2"": ""18"", ""Unnamed: 3"": ""187.6"", ""Unnamed: 4"": ""136.2""}, {""Page: 138"": NaN, ""Unnamed: 1"": ""Other receivables"", ""Unnamed: 2"": ""18"", ""Unnamed: 3"": ""23.4"", ""Unnamed: 4"": ""15.7""}, {""Page: 138"": NaN, ""Unnamed: 1"": ""Current tax assets"", ""Unnamed: 2"": NaN, ""Unnamed: 3"": ""1.8"", ""Unnamed: 4"": ""0.8""}, {""Page: 138"": NaN, ""Unnamed: 1"": ""Derivative financial instruments"", ""Unnamed: 2"": ""31"", ""Unnamed: 3"": ""1.0"", ""Unnamed: 4"": ""0.9""}, {""Page: 138"": NaN, ""Unnamed: 1"": ""Cash and bank balances"", ""Unnamed: 2"": ""28"", ""Unnamed: 3"": ""29.8"", ""Unnamed: 4"": ""22.5""}, {""Page: 138"": NaN, ""Unnamed: 1"": NaN, ""Unnamed: 2"": NaN, ""Unnamed: 3"": ""417.9"", ""Unnamed: 4"": ""296.6""}, {""Page: 138"": NaN, ""Unnamed: 1"": ""Total assets"", ""Unnamed: 2"": NaN, ""Unnamed: 3"": ""839.1"", ""Unnamed: 4"": ""535.2""}, {""Page: 138"": NaN, ""Unnamed: 1"": ""Current liabilities"", ""Unnamed: 2"": NaN, ""Unnamed: 3"": NaN, ""Unnamed: 4"": NaN}, {""Page: 138"": NaN, ""Unnamed: 1"": ""Borrowings"", ""Unnamed: 2"": ""19"", ""Unnamed: 3"": ""3.3"", ""Unnamed: 4"": ""1.8""}, {""Page: 138"": NaN, ""Unnamed: 1"": ""Lease liabilities"", ""Unnamed: 2"": ""19"", ""Unnamed: 3"": ""21.3"", ""Unnamed: 4"": ""15.6""}, {""Page: 138"": NaN, ""Unnamed: 1"": ""Trade payables"", ""Unnamed: 2"": ""20"", ""Unnamed: 3"": ""133.1"", ""Unnamed: 4"": ""84.4""}, {""Page: 138"": NaN, ""Unnamed: 1"": ""Other payables"", ""Unnamed: 2"": ""20"", ""Unnamed: 3"": ""101.4"", ""Unnamed: 4"": ""65.2""}, {""Page: 138"": NaN, ""Unnamed: 1"": ""Current tax liabilities"", ""Unnamed: 2"": NaN, ""Unnamed: 3"": ""18.3"", ""Unnamed: 4"": ""14.5""}, {""Page: 138"": NaN, ""Unnamed: 1"": ""Retirement benefit obligations"", ""Unnamed: 2"": ""30"", ""Unnamed: 3"": ""\u2013"", ""Unnamed: 4"": ""0.3""}, {""Page: 138"": NaN, ""Unnamed: 1"": ""Provisions"", ""Unnamed: 2"": ""22"", ""Unnamed: 3"": ""2.9"", ""Unnamed: 4"": ""0.9""}, {""Page: 138"": NaN, ""Unnamed: 1"": ""Derivative financial instruments"", ""Unnamed: 2"": ""31"", ""Unnamed: 3"": ""0.4"", ""Unnamed: 4"": ""\u2013""}, {""Page: 138"": NaN, ""Unnamed: 1"": NaN, ""Unnamed: 2"": NaN, ""Unnamed: 3"": ""280.7"", ""Unnamed: 4"": ""182.7""}, {""Page: 138"": NaN, ""Unnamed: 1"": ""Net current assets"", ""Unnamed: 2"": NaN, ""Unnamed: 3"": ""137.2"", ""Unnamed: 4"": ""113.9""}, {""Page: 138"": NaN, ""Unnamed: 1"": ""Non-current liabilities"", ""Unnamed: 2"": NaN, ""Unnamed: 3"": NaN, ""Unnamed: 4"": NaN}, {""Page: 138"": NaN, ""Unnamed: 1"": ""Borrowings"", ""Unnamed: 2"": ""19"", ""Unnamed: 3"": ""143.1"", ""Unnamed: 4"": ""89.6""}, {""Page: 138"": NaN, ""Unnamed: 1"": ""Lease liabilities"", ""Unnamed: 2"": ""19"", ""Unnamed: 3"": ""16.1"", ""Unnamed: 4"": ""19.2""}, {""Page: 138"": NaN, ""Unnamed: 1"": ""Other payables"", ""Unnamed: 2"": ""20"", ""Unnamed: 3"": ""26.9"", ""Unnamed: 4"": ""1.4""}, {""Page: 138"": NaN, ""Unnamed: 1"": ""Deferred tax liabilities"", ""Unnamed: 2"": ""21"", ""Unnamed: 3"": ""28.2"", ""Unnamed: 4"": ""6.9""}, {""Page: 138"": NaN, ""Unnamed: 1"": ""Retirement benefit obligations"", ""Unnamed: 2"": ""30"", ""Unnamed: 3"": ""7.5"", ""Unnamed: 4"": ""2.3""}, {""Page: 138"": NaN, ""Unnamed: 1"": ""Provisions"", ""Unnamed: 2"": ""22"", ""Unnamed: 3"": ""1.0"", ""Unnamed: 4"": ""0.4""}, {""Page: 138"": NaN, ""Unnamed: 1"": NaN, ""Unnamed: 2"": NaN, ""Unnamed: 3"": ""222.8"", ""Unnamed: 4"": ""119.8""}, {""Page: 138"": NaN, ""Unnamed: 1"": ""Total liabilities"", ""Unnamed: 2"": NaN, ""Unnamed: 3"": ""503.5"", ""Unnamed: 4"": ""302.5""}, {""Page: 138"": NaN, ""Unnamed: 1"": ""Net assets"", ""Unnamed: 2"": NaN, ""Unnamed: 3"": ""335.6"", ""Unnamed: 4"": ""232.7""}, {""Page: 138"": NaN, ""Unnamed: 1"": ""Equity"", ""Unnamed: 2"": NaN, ""Unnamed: 3"": NaN, ""Unnamed: 4"": NaN}, {""Page: 138"": NaN, ""Unnamed: 1"": ""Share capital"", ""Unnamed: 2"": ""23"", ""Unnamed: 3"": ""69.6"", ""Unnamed: 4"": ""62.7""}, {""Page: 138"": NaN, ""Unnamed: 1"": ""Share premium account"", ""Unnamed: 2"": ""23"", ""Unnamed: 3"": ""62.0"", ""Unnamed: 4"": ""60.7""}, {""Page: 138"": NaN, ""Unnamed: 1"": ""Non-distributable reserve"", ""Unnamed: 2"": ""24"", ""Unnamed: 3"": ""2.5"", ""Unnamed: 4"": ""2.5""}, {""Page: 138"": NaN, ""Unnamed: 1"": ""Hedging and translation reserve"", ""Unnamed: 2"": NaN, ""Unnamed: 3"": ""(13.9)"", ""Unnamed: 4"": ""(14.6)""}, {""Page: 138"": NaN, ""Unnamed: 1"": ""Own shares"", ""Unnamed: 2"": ""24"", ""Unnamed: 3"": ""(4.3)"", ""Unnamed: 4"": ""(1.0)""}, {""Page: 138"": NaN, ""Unnamed: 1"": ""Retained earnings"", ""Unnamed: 2"": NaN, ""Unnamed: 3"": ""211.3"", ""Unnamed: 4"": ""115.0""}, {""Page: 138"": NaN, ""Unnamed: 1"": ""Total attributable to owners of the parent"", ""Unnamed: 2"": NaN, ""Unnamed: 3"": ""327.2"", ""Unnamed: 4"": ""225.3""}, {""Page: 138"": NaN, ""Unnamed: 1"": ""Non-controlling interests"", ""Unnamed: 2"": ""25"", ""Unnamed: 3"": ""8.4"", ""Unnamed: 4"": ""7.4""}, {""Page: 138"": NaN, ""Unnamed: 1"": ""Total equity"", ""Unnamed: 2"": NaN, ""Unnamed: 3"": ""335.6"", ""Unnamed: 4"": ""232.7""}, {""Page: 138"": NaN, ""Unnamed: 1"": NaN, ""Unnamed: 2"": ""The notes on pages 139 to 181 are an integral part of these financial statements. The consolidated financial statements of"", ""Unnamed: 3"": NaN, ""Unnamed: 4"": NaN}]
---
[{""Page: 136"": ""Table Index: 13"", ""Unnamed: 1"": NaN, ""Unnamed: 2"": NaN, ""Unnamed: 3"": NaN, ""Unnamed: 4"": NaN, ""Unnamed: 5"": NaN, ""Unnamed: 6"": NaN, ""Unnamed: 7"": NaN, ""Unnamed: 8"": NaN}, {""Page: 136"": ""Table Header: , , , 2024, , , 2023, "", ""Unnamed: 1"": NaN, ""Unnamed: 2"": NaN, ""Unnamed: 3"": NaN, ""Unnamed: 4"": NaN, ""Unnamed: 5"": NaN, ""Unnamed: 6"": NaN, ""Unnamed: 7"": NaN, ""Unnamed: 8"": NaN}, {""Page: 136"": ""Page Header: Consolidated Income Statement | For the 52 weeks ended 31 March 2024 (52 weeks ended 2 April 2023) | 2024 2023"", ""Unnamed: 1"": NaN, ""Unnamed: 2"": NaN, ""Unnamed: 3"": NaN, ""Unnamed: 4"": NaN, ""Unnamed: 5"": NaN, ""Unnamed: 6"": NaN, ""Unnamed: 7"": NaN, ""Unnamed: 8"": NaN}, {""Page: 136"": ""Notes Mentioned: Note 4, Note 4"", ""Unnamed: 1"": NaN, ""Unnamed: 2"": NaN, ""Unnamed: 3"": NaN, ""Unnamed: 4"": NaN, ""Unnamed: 5"": NaN, ""Unnamed: 6"": NaN, ""Unnamed: 7"": NaN, ""Unnamed: 8"": NaN}, {""Page: 136"": NaN, ""Unnamed: 1"": NaN, ""Unnamed: 2"": NaN, ""Unnamed: 3"": NaN, ""Unnamed: 4"": ""2024"", ""Unnamed: 5"": NaN, ""Unnamed: 6"": NaN, ""Unnamed: 7"": ""2023"", ""Unnamed: 8"": NaN}, {""Page: 136"": NaN, ""Unnamed: 1"": NaN, ""Unnamed: 2"": NaN, ""Unnamed: 3"": ""Before"", ""Unnamed: 4"": ""Adjusting"", ""Unnamed: 5"": NaN, ""Unnamed: 6"": ""Before"", ""Unnamed: 7"": ""Adjusting"", ""Unnamed: 8"": NaN}, {""Page: 136"": NaN, ""Unnamed: 1"": NaN, ""Unnamed: 2"": NaN, ""Unnamed: 3"": ""adjusting"", ""Unnamed: 4"": ""items and"", ""Unnamed: 5"": NaN, ""Unnamed: 6"": ""adjusting"", ""Unnamed: 7"": ""items and"", ""Unnamed: 8"": NaN}, {""Page: 136"": NaN, ""Unnamed: 1"": NaN, ""Unnamed: 2"": NaN, ""Unnamed: 3"": ""items and"", ""Unnamed: 4"": ""share-based"", ""Unnamed: 5"": NaN, ""Unnamed: 6"": ""items and"", ""Unnamed: 7"": ""share-based"", ""Unnamed: 8"": NaN}, {""Page: 136"": NaN, ""Unnamed: 1"": NaN, ""Unnamed: 2"": NaN, ""Unnamed: 3"": ""share-based"", ""Unnamed: 4"": ""payments"", ""Unnamed: 5"": NaN, ""Unnamed: 6"": ""share-based"", ""Unnamed: 7"": ""payments"", ""Unnamed: 8"": NaN}, {""Page: 136"": NaN, ""Unnamed: 1"": NaN, ""Unnamed: 2"": NaN, ""Unnamed: 3"": ""payments"", ""Unnamed: 4"": ""(Note 4)"", ""Unnamed: 5"": ""Total"", ""Unnamed: 6"": ""payments"", ""Unnamed: 7"": ""(Note 4)"", ""Unnamed: 8"": ""Total""}, {""Page: 136"": NaN, ""Unnamed: 1"": NaN, ""Unnamed: 2"": ""Notes"", ""Unnamed: 3"": ""$\u2019m"", ""Unnamed: 4"": ""$\u2019m"", ""Unnamed: 5"": ""$\u2019m"", ""Unnamed: 6"": ""$\u2019m"", ""Unnamed: 7"": ""$\u2019m"", ""Unnamed: 8"": ""$\u2019m""}, {""Page: 136"": NaN, ""Unnamed: 1"": ""Revenue"", ""Unnamed: 2"": ""3"", ""Unnamed: 3"": ""912.8"", ""Unnamed: 4"": ""\u2013"", ""Unnamed: 5"": ""912.8"", ""Unnamed: 6"": ""722.8"", ""Unnamed: 7"": ""\u2013"", ""Unnamed: 8"": ""722.8""}, {""Page: 136"": NaN, ""Unnamed: 1"": ""Cost of sales"", ""Unnamed: 2"": NaN, ""Unnamed: 3"": ""(710.0)"", ""Unnamed: 4"": ""\u2013"", ""Unnamed: 5"": ""(710.0)"", ""Unnamed: 6"": ""(565.8)"", ""Unnamed: 7"": ""\u2013"", ""Unnamed: 8"": ""(565.8)""}, {""Page: 136"": NaN, ""Unnamed: 1"": ""Gross profit"", ""Unnamed: 2"": NaN, ""Unnamed: 3"": ""202.8"", ""Unnamed: 4"": ""\u2013"", ""Unnamed: 5"": ""202.8"", ""Unnamed: 6"": ""157.0"", ""Unnamed: 7"": ""\u2013"", ""Unnamed: 8"": ""157.0""}, {""Page: 136"": NaN, ""Unnamed: 1"": ""Operating expenses"", ""Unnamed: 2"": NaN, ""Unnamed: 3"": ""(113.1)"", ""Unnamed: 4"": ""(25.8)"", ""Unnamed: 5"": ""(138.9)"", ""Unnamed: 6"": ""(89.7)"", ""Unnamed: 7"": ""(13.5)"", ""Unnamed: 8"": ""(103.2)""}, {""Page: 136"": NaN, ""Unnamed: 1"": ""Operating profit"", ""Unnamed: 2"": ""7"", ""Unnamed: 3"": ""89.7"", ""Unnamed: 4"": ""(25.8)"", ""Unnamed: 5"": ""63.9"", ""Unnamed: 6"": ""67.3"", ""Unnamed: 7"": ""(13.5)"", ""Unnamed: 8"": ""53.8""}, {""Page: 136"": NaN, ""Unnamed: 1"": ""Share of net profit from"", ""Unnamed: 2"": NaN, ""Unnamed: 3"": NaN, ""Unnamed: 4"": NaN, ""Unnamed: 5"": NaN, ""Unnamed: 6"": NaN, ""Unnamed: 7"": NaN, ""Unnamed: 8"": NaN}, {""Page: 136"": NaN, ""Unnamed: 1"": ""associates"", ""Unnamed: 2"": ""16"", ""Unnamed: 3"": ""3.2"", ""Unnamed: 4"": ""\u2013"", ""Unnamed: 5"": ""3.2"", ""Unnamed: 6"": ""1.1"", ""Unnamed: 7"": ""\u2013"", ""Unnamed: 8"": ""1.1""}, {""Page: 136"": NaN, ""Unnamed: 1"": ""Finance income"", ""Unnamed: 2"": ""5"", ""Unnamed: 3"": ""1.3"", ""Unnamed: 4"": ""\u2013"", ""Unnamed: 5"": ""1.3"", ""Unnamed: 6"": ""0.4"", ""Unnamed: 7"": ""\u2013"", ""Unnamed: 8"": ""0.4""}, {""Page: 136"": NaN, ""Unnamed: 1"": ""Finance costs"", ""Unnamed: 2"": ""6"", ""Unnamed: 3"": ""(16.8)"", ""Unnamed: 4"": ""\u2013"", ""Unnamed: 5"": ""(16.8)"", ""Unnamed: 6"": ""(9.5)"", ""Unnamed: 7"": ""\u2013"", ""Unnamed: 8"": ""(9.5)""}, {""Page: 136"": NaN, ""Unnamed: 1"": ""Profit before taxation"", ""Unnamed: 2"": NaN, ""Unnamed: 3"": ""77.4"", ""Unnamed: 4"": ""(25.8)"", ""Unnamed: 5"": ""51.6"", ""Unnamed: 6"": ""59.3"", ""Unnamed: 7"": ""(13.5)"", ""Unnamed: 8"": ""45.8""}, {""Page: 136"": NaN, ""Unnamed: 1"": ""Taxation"", ""Unnamed: 2"": ""10"", ""Unnamed: 3"": ""(15.9)"", ""Unnamed: 4"": ""4.5"", ""Unnamed: 5"": ""(11.4)"", ""Unnamed: 6"": ""(10.7)"", ""Unnamed: 7"": ""2.3"", ""Unnamed: 8"": ""(8.4)""}, {""Page: 136"": NaN, ""Unnamed: 1"": ""Profit for the period"", ""Unnamed: 2"": NaN, ""Unnamed: 3"": ""61.5"", ""Unnamed: 4"": ""(21.3)"", ""Unnamed: 5"": ""40.2"", ""Unnamed: 6"": ""48.6"", ""Unnamed: 7"": ""(11.2)"", ""Unnamed: 8"": ""37.4""}, {""Page: 136"": NaN, ""Unnamed: 1"": ""Profit is attributable to:"", ""Unnamed: 2"": NaN, ""Unnamed: 3"": NaN, ""Unnamed: 4"": NaN, ""Unnamed: 5"": NaN, ""Unnamed: 6"": NaN, ""Unnamed: 7"": NaN, ""Unnamed: 8"": NaN}, {""Page: 136"": NaN, ""Unnamed: 1"": ""Owners of the parent"", ""Unnamed: 2"": NaN, ""Unnamed: 3"": ""60.5"", ""Unnamed: 4"": ""(21.2)"", ""Unnamed: 5"": ""39.3"", ""Unnamed: 6"": ""48.0"", ""Unnamed: 7"": ""(11.2)"", ""Unnamed: 8"": ""36.8""}, {""Page: 136"": NaN, ""Unnamed: 1"": ""Non-controlling interests"", ""Unnamed: 2"": NaN, ""Unnamed: 3"": ""1.0"", ""Unnamed: 4"": ""(0.1)"", ""Unnamed: 5"": ""0.9"", ""Unnamed: 6"": ""0.6"", ""Unnamed: 7"": ""\u2013"", ""Unnamed: 8"": ""0.6""}, {""Page: 136"": NaN, ""Unnamed: 1"": NaN, ""Unnamed: 2"": NaN, ""Unnamed: 3"": ""61.5"", ""Unnamed: 4"": ""(21.3)"", ""Unnamed: 5"": ""40.2"", ""Unnamed: 6"": ""48.6"", ""Unnamed: 7"": ""(11.2)"", ""Unnamed: 8"": ""37.4""}, {""Page: 136"": NaN, ""Unnamed: 1"": ""Earnings per share (cents)"", ""Unnamed: 2"": NaN, ""Unnamed: 3"": NaN, ""Unnamed: 4"": NaN, ""Unnamed: 5"": NaN, ""Unnamed: 6"": NaN, ""Unnamed: 7"": NaN, ""Unnamed: 8"": NaN}, {""Page: 136"": NaN, ""Unnamed: 1"": ""Basic"", ""Unnamed: 2"": ""11"", ""Unnamed: 3"": ""33.7"", ""Unnamed: 4"": NaN, ""Unnamed: 5"": ""21.8"", ""Unnamed: 6"": ""30.2"", ""Unnamed: 7"": NaN, ""Unnamed: 8"": ""23.2""}, {""Page: 136"": NaN, ""Unnamed: 1"": ""Diluted"", ""Unnamed: 2"": ""11"", ""Unnamed: 3"": ""33.0"", ""Unnamed: 4"": NaN, ""Unnamed: 5"": ""21.4"", ""Unnamed: 6"": ""28.8"", ""Unnamed: 7"": NaN, ""Unnamed: 8"": ""22.1""}]","[0.2478, 0.3127, 0.3173]"
Cash Flow Template,Total other operating income,What is Equity-settled Share based payment expense under Cash flows from operating activities in Statement of cash flow   for year 2023 and 2024?,"[{""Page: 171"": ""Table Index: 54"", ""Unnamed: 1"": NaN, ""Unnamed: 2"": NaN, ""Unnamed: 3"": NaN}, {""Page: 171"": ""Table Header: 28. Notes to the statement of cash flows, , "", ""Unnamed: 1"": NaN, ""Unnamed: 2"": NaN, ""Unnamed: 3"": NaN}, {""Page: 171"": ""Page Header: 28. Notes to the statement of cash flows | 2024 2023 | $\u2019m $\u2019m"", ""Unnamed: 1"": NaN, ""Unnamed: 2"": NaN, ""Unnamed: 3"": NaN}, {""Page: 171"": ""Notes Mentioned: None"", ""Unnamed: 1"": NaN, ""Unnamed: 2"": NaN, ""Unnamed: 3"": NaN}, {""Page: 171"": NaN, ""Unnamed: 1"": ""28. Notes to the statement of cash flows"", ""Unnamed: 2"": NaN, ""Unnamed: 3"": NaN}, {""Page: 171"": NaN, ""Unnamed: 1"": NaN, ""Unnamed: 2"": ""2024"", ""Unnamed: 3"": ""2023""}, {""Page: 171"": NaN, ""Unnamed: 1"": NaN, ""Unnamed: 2"": ""$\u2019m"", ""Unnamed: 3"": ""$\u2019m""}, {""Page: 171"": NaN, ""Unnamed: 1"": ""Profit for the period"", ""Unnamed: 2"": ""40.2"", ""Unnamed: 3"": ""37.4""}, {""Page: 171"": NaN, ""Unnamed: 1"": ""Adjustments for:"", ""Unnamed: 2"": NaN, ""Unnamed: 3"": NaN}, {""Page: 171"": NaN, ""Unnamed: 1"": ""Finance income (note 5)"", ""Unnamed: 2"": ""(1.3)"", ""Unnamed: 3"": ""(0.4)""}, {""Page: 171"": NaN, ""Unnamed: 1"": ""Finance costs (note 6)"", ""Unnamed: 2"": ""16.8"", ""Unnamed: 3"": ""9.5""}, {""Page: 171"": NaN, ""Unnamed: 1"": ""Income tax expense (note 10)"", ""Unnamed: 2"": ""11.4"", ""Unnamed: 3"": ""8.4""}, {""Page: 171"": NaN, ""Unnamed: 1"": ""Share of net profit from associates"", ""Unnamed: 2"": ""(3.2)"", ""Unnamed: 3"": ""(1.1)""}, {""Page: 171"": NaN, ""Unnamed: 1"": ""Depreciation of property, plant and equipment (note 14)"", ""Unnamed: 2"": ""12.3"", ""Unnamed: 3"": ""8.2""}, {""Page: 171"": NaN, ""Unnamed: 1"": ""Depreciation of right-of-use assets (note 15)"", ""Unnamed: 2"": ""7.4"", ""Unnamed: 3"": ""4.8""}, {""Page: 171"": NaN, ""Unnamed: 1"": ""Amortisation of intangible assets (note 13)"", ""Unnamed: 2"": ""15.6"", ""Unnamed: 3"": ""10.2""}, {""Page: 171"": NaN, ""Unnamed: 1"": ""Loss on disposal of property, plant and equipment"", ""Unnamed: 2"": ""\u2013"", ""Unnamed: 3"": ""0.1""}, {""Page: 171"": NaN, ""Unnamed: 1"": ""Share-based payment charge (note 29)"", ""Unnamed: 2"": ""6.3"", ""Unnamed: 3"": ""3.7""}, {""Page: 171"": NaN, ""Unnamed: 1"": ""Contingent consideration adjustments (note 4)"", ""Unnamed: 2"": ""(1.3)"", ""Unnamed: 3"": ""(1.3)""}, {""Page: 171"": NaN, ""Unnamed: 1"": ""Decrease in provisions"", ""Unnamed: 2"": ""(1.5)"", ""Unnamed: 3"": ""(1.1)""}, {""Page: 171"": NaN, ""Unnamed: 1"": ""Operating cash flow before movement in working capital"", ""Unnamed: 2"": ""102.7"", ""Unnamed: 3"": ""78.4""}, {""Page: 171"": NaN, ""Unnamed: 1"": ""Increase in inventories"", ""Unnamed: 2"": ""(5.6)"", ""Unnamed: 3"": ""(0.2)""}, {""Page: 171"": NaN, ""Unnamed: 1"": ""Increase in receivables"", ""Unnamed: 2"": ""(17.4)"", ""Unnamed: 3"": ""(15.4)""}, {""Page: 171"": NaN, ""Unnamed: 1"": ""Increase in payables"", ""Unnamed: 2"": ""24.9"", ""Unnamed: 3"": ""7.0""}, {""Page: 171"": NaN, ""Unnamed: 1"": ""Movement in working capital"", ""Unnamed: 2"": ""1.9"", ""Unnamed: 3"": ""(8.6)""}, {""Page: 171"": NaN, ""Unnamed: 1"": ""Cash generated from operations"", ""Unnamed: 2"": ""104.6"", ""Unnamed: 3"": ""69.8""}, {""Page: 171"": NaN, ""Unnamed: 1"": ""Cash generated from operations before adjusting operating items"", ""Unnamed: 2"": ""111.6"", ""Unnamed: 3"": ""72.0""}, {""Page: 171"": NaN, ""Unnamed: 1"": ""Cash used by adjusting operating items"", ""Unnamed: 2"": ""(7.0)"", ""Unnamed: 3"": ""(2.2)""}, {""Page: 171"": NaN, ""Unnamed: 1"": ""Taxation paid"", ""Unnamed: 2"": ""(14.9)"", ""Unnamed: 3"": ""(7.9)""}, {""Page: 171"": NaN, ""Unnamed: 1"": ""Interest paid"", ""Unnamed: 2"": ""(11.4)"", ""Unnamed: 3"": ""(6.2)""}, {""Page: 171"": NaN, ""Unnamed: 1"": ""Net cash generated from operating activities"", ""Unnamed: 2"": ""78.3"", ""Unnamed: 3"": ""55.7""}, {""Page: 171"": NaN, ""Unnamed: 1"": ""Cash and cash equivalents"", ""Unnamed: 2"": NaN, ""Unnamed: 3"": NaN}, {""Page: 171"": NaN, ""Unnamed: 1"": NaN, ""Unnamed: 2"": ""2024"", ""Unnamed: 3"": ""2023""}, {""Page: 171"": NaN, ""Unnamed: 1"": NaN, ""Unnamed: 2"": ""$\u2019m"", ""Unnamed: 3"": ""$\u2019m""}, {""Page: 171"": NaN, ""Unnamed: 1"": ""Cash and bank balances"", ""Unnamed: 2"": ""29.8"", ""Unnamed: 3"": ""22.5""}, {""Page: 171"": NaN, ""Unnamed: 1"": ""Bank overdrafts"", ""Unnamed: 2"": ""(1.0)"", ""Unnamed: 3"": ""(1.8)""}, {""Page: 171"": NaN, ""Unnamed: 1"": NaN, ""Unnamed: 2"": ""28.8"", ""Unnamed: 3"": ""20.7""}, {""Page: 171"": NaN, ""Unnamed: 1"": NaN, ""Unnamed: 2"": ""Cash and cash equivalents comprise cash held by the Group and bank overdrafts. The carrying amount of these assets"", ""Unnamed: 3"": NaN}, {""Page: 171"": NaN, ""Unnamed: 1"": NaN, ""Unnamed: 2"": ""approximates their fair value. Included within cash and cash equivalents is $nil (2023: $0.1m) held in trust, which can only be"", ""Unnamed: 3"": NaN}, {""Page: 171"": NaN, ""Unnamed: 1"": ""used for Volex employees."", ""Unnamed: 2"": NaN, ""Unnamed: 3"": NaN}]
---
[{""Page: 137"": ""Table Index: 14"", ""Unnamed: 1"": NaN, ""Unnamed: 2"": NaN, ""Unnamed: 3"": NaN, ""Unnamed: 4"": NaN}, {""Page: 137"": ""Table Header: , , 2024, 2023"", ""Unnamed: 1"": NaN, ""Unnamed: 2"": NaN, ""Unnamed: 3"": NaN, ""Unnamed: 4"": NaN}, {""Page: 137"": ""Page Header: Consolidated Statement of Comprehensive Income | For the 52 weeks ended 31 March 2024 (52 weeks ended 2 April 2023) | 2024 2023"", ""Unnamed: 1"": NaN, ""Unnamed: 2"": NaN, ""Unnamed: 3"": NaN, ""Unnamed: 4"": NaN}, {""Page: 137"": ""Notes Mentioned: None"", ""Unnamed: 1"": NaN, ""Unnamed: 2"": NaN, ""Unnamed: 3"": NaN, ""Unnamed: 4"": NaN}, {""Page: 137"": NaN, ""Unnamed: 1"": NaN, ""Unnamed: 2"": NaN, ""Unnamed: 3"": ""2024"", ""Unnamed: 4"": ""2023""}, {""Page: 137"": NaN, ""Unnamed: 1"": NaN, ""Unnamed: 2"": ""Notes"", ""Unnamed: 3"": ""$\u2019m"", ""Unnamed: 4"": ""$\u2019m""}, {""Page: 137"": NaN, ""Unnamed: 1"": ""Profit for the period"", ""Unnamed: 2"": NaN, ""Unnamed: 3"": ""40.2"", ""Unnamed: 4"": ""37.4""}, {""Page: 137"": NaN, ""Unnamed: 1"": ""Items that will not be reclassified subsequently to profit or loss"", ""Unnamed: 2"": NaN, ""Unnamed: 3"": NaN, ""Unnamed: 4"": NaN}, {""Page: 137"": NaN, ""Unnamed: 1"": ""Actuarial loss on defined benefit pension schemes"", ""Unnamed: 2"": ""30"", ""Unnamed: 3"": ""(0.2)"", ""Unnamed: 4"": ""(0.5)""}, {""Page: 137"": NaN, ""Unnamed: 1"": ""Tax relating to items that will not be reclassified"", ""Unnamed: 2"": NaN, ""Unnamed: 3"": ""0.1"", ""Unnamed: 4"": ""0.1""}, {""Page: 137"": NaN, ""Unnamed: 1"": NaN, ""Unnamed: 2"": NaN, ""Unnamed: 3"": ""(0.1)"", ""Unnamed: 4"": ""(0.4)""}, {""Page: 137"": NaN, ""Unnamed: 1"": ""Items that may be reclassified subsequently to profit or loss"", ""Unnamed: 2"": NaN, ""Unnamed: 3"": NaN, ""Unnamed: 4"": NaN}, {""Page: 137"": NaN, ""Unnamed: 1"": ""Gain arising on cash flow hedges during the period"", ""Unnamed: 2"": NaN, ""Unnamed: 3"": ""0.1"", ""Unnamed: 4"": ""1.4""}, {""Page: 137"": NaN, ""Unnamed: 1"": ""Exchange gain/(loss) on translation of foreign operations"", ""Unnamed: 2"": NaN, ""Unnamed: 3"": ""0.7"", ""Unnamed: 4"": ""(7.0)""}, {""Page: 137"": NaN, ""Unnamed: 1"": ""Tax relating to items that may be reclassified"", ""Unnamed: 2"": NaN, ""Unnamed: 3"": ""(0.2)"", ""Unnamed: 4"": ""0.2""}, {""Page: 137"": NaN, ""Unnamed: 1"": NaN, ""Unnamed: 2"": NaN, ""Unnamed: 3"": ""0.6"", ""Unnamed: 4"": ""(5.4)""}, {""Page: 137"": NaN, ""Unnamed: 1"": ""Other comprehensive income/(expense) for the period"", ""Unnamed: 2"": NaN, ""Unnamed: 3"": ""0.5"", ""Unnamed: 4"": ""(5.8)""}, {""Page: 137"": NaN, ""Unnamed: 1"": ""Total comprehensive income for the period attributable to:"", ""Unnamed: 2"": NaN, ""Unnamed: 3"": NaN, ""Unnamed: 4"": NaN}, {""Page: 137"": NaN, ""Unnamed: 1"": ""Owners of the parent"", ""Unnamed: 2"": NaN, ""Unnamed: 3"": ""39.9"", ""Unnamed: 4"": ""31.6""}, {""Page: 137"": NaN, ""Unnamed: 1"": ""Non-controlling interests"", ""Unnamed: 2"": NaN, ""Unnamed: 3"": ""0.8"", ""Unnamed: 4"": ""\u2013""}, {""Page: 137"": NaN, ""Unnamed: 1"": NaN, ""Unnamed: 2"": NaN, ""Unnamed: 3"": ""40.7"", ""Unnamed: 4"": ""31.6""}]
---
[{""Page: 138"": ""Table Index: 15"", ""Unnamed: 1"": NaN, ""Unnamed: 2"": NaN, ""Unnamed: 3"": NaN, ""Unnamed: 4"": NaN}, {""Page: 138"": ""Table Header: , , 2024, 2023"", ""Unnamed: 1"": NaN, ""Unnamed: 2"": NaN, ""Unnamed: 3"": NaN, ""Unnamed: 4"": NaN}, {""Page: 138"": ""Page Header: Consolidated Statement of Financial Position | As at 31 March 2024 (2 April 2023) | 2024 2023"", ""Unnamed: 1"": NaN, ""Unnamed: 2"": NaN, ""Unnamed: 3"": NaN, ""Unnamed: 4"": NaN}, {""Page: 138"": ""Notes Mentioned: None"", ""Unnamed: 1"": NaN, ""Unnamed: 2"": NaN, ""Unnamed: 3"": NaN, ""Unnamed: 4"": NaN}, {""Page: 138"": NaN, ""Unnamed: 1"": NaN, ""Unnamed: 2"": NaN, ""Unnamed: 3"": ""2024"", ""Unnamed: 4"": ""2023""}, {""Page: 138"": NaN, ""Unnamed: 1"": NaN, ""Unnamed: 2"": ""Notes"", ""Unnamed: 3"": ""$\u2019m"", ""Unnamed: 4"": ""$\u2019m""}, {""Page: 138"": NaN, ""Unnamed: 1"": ""Non-current assets"", ""Unnamed: 2"": NaN, ""Unnamed: 3"": NaN, ""Unnamed: 4"": NaN}, {""Page: 138"": NaN, ""Unnamed: 1"": ""Goodwill"", ""Unnamed: 2"": ""12"", ""Unnamed: 3"": ""121.4"", ""Unnamed: 4"": ""82.3""}, {""Page: 138"": NaN, ""Unnamed: 1"": ""Other intangible assets"", ""Unnamed: 2"": ""13"", ""Unnamed: 3"": ""131.7"", ""Unnamed: 4"": ""41.8""}, {""Page: 138"": NaN, ""Unnamed: 1"": ""Property, plant and equipment"", ""Unnamed: 2"": ""14"", ""Unnamed: 3"": ""91.8"", ""Unnamed: 4"": ""50.1""}, {""Page: 138"": NaN, ""Unnamed: 1"": ""Right-of-use assets"", ""Unnamed: 2"": ""15"", ""Unnamed: 3"": ""38.4"", ""Unnamed: 4"": ""34.5""}, {""Page: 138"": NaN, ""Unnamed: 1"": ""Interests in associates"", ""Unnamed: 2"": ""16"", ""Unnamed: 3"": ""8.1"", ""Unnamed: 4"": ""2.6""}, {""Page: 138"": NaN, ""Unnamed: 1"": ""Other receivables"", ""Unnamed: 2"": ""18"", ""Unnamed: 3"": ""2.0"", ""Unnamed: 4"": ""1.8""}, {""Page: 138"": NaN, ""Unnamed: 1"": ""Derivative financial instruments"", ""Unnamed: 2"": ""31"", ""Unnamed: 3"": ""1.5"", ""Unnamed: 4"": ""0.9""}, {""Page: 138"": NaN, ""Unnamed: 1"": ""Retirement benefit asset"", ""Unnamed: 2"": ""30"", ""Unnamed: 3"": ""0.4"", ""Unnamed: 4"": ""\u2013""}, {""Page: 138"": NaN, ""Unnamed: 1"": ""Deferred tax assets"", ""Unnamed: 2"": ""21"", ""Unnamed: 3"": ""25.9"", ""Unnamed: 4"": ""24.6""}, {""Page: 138"": NaN, ""Unnamed: 1"": NaN, ""Unnamed: 2"": NaN, ""Unnamed: 3"": ""421.2"", ""Unnamed: 4"": ""238.6""}, {""Page: 138"": NaN, ""Unnamed: 1"": ""Current assets"", ""Unnamed: 2"": NaN, ""Unnamed: 3"": NaN, ""Unnamed: 4"": NaN}, {""Page: 138"": NaN, ""Unnamed: 1"": ""Inventories"", ""Unnamed: 2"": ""17"", ""Unnamed: 3"": ""174.3"", ""Unnamed: 4"": ""120.5""}, {""Page: 138"": NaN, ""Unnamed: 1"": ""Trade receivables"", ""Unnamed: 2"": ""18"", ""Unnamed: 3"": ""187.6"", ""Unnamed: 4"": ""136.2""}, {""Page: 138"": NaN, ""Unnamed: 1"": ""Other receivables"", ""Unnamed: 2"": ""18"", ""Unnamed: 3"": ""23.4"", ""Unnamed: 4"": ""15.7""}, {""Page: 138"": NaN, ""Unnamed: 1"": ""Current tax assets"", ""Unnamed: 2"": NaN, ""Unnamed: 3"": ""1.8"", ""Unnamed: 4"": ""0.8""}, {""Page: 138"": NaN, ""Unnamed: 1"": ""Derivative financial instruments"", ""Unnamed: 2"": ""31"", ""Unnamed: 3"": ""1.0"", ""Unnamed: 4"": ""0.9""}, {""Page: 138"": NaN, ""Unnamed: 1"": ""Cash and bank balances"", ""Unnamed: 2"": ""28"", ""Unnamed: 3"": ""29.8"", ""Unnamed: 4"": ""22.5""}, {""Page: 138"": NaN, ""Unnamed: 1"": NaN, ""Unnamed: 2"": NaN, ""Unnamed: 3"": ""417.9"", ""Unnamed: 4"": ""296.6""}, {""Page: 138"": NaN, ""Unnamed: 1"": ""Total assets"", ""Unnamed: 2"": NaN, ""Unnamed: 3"": ""839.1"", ""Unnamed: 4"": ""535.2""}, {""Page: 138"": NaN, ""Unnamed: 1"": ""Current liabilities"", ""Unnamed: 2"": NaN, ""Unnamed: 3"": NaN, ""Unnamed: 4"": NaN}, {""Page: 138"": NaN, ""Unnamed: 1"": ""Borrowings"", ""Unnamed: 2"": ""19"", ""Unnamed: 3"": ""3.3"", ""Unnamed: 4"": ""1.8""}, {""Page: 138"": NaN, ""Unnamed: 1"": ""Lease liabilities"", ""Unnamed: 2"": ""19"", ""Unnamed: 3"": ""21.3"", ""Unnamed: 4"": ""15.6""}, {""Page: 138"": NaN, ""Unnamed: 1"": ""Trade payables"", ""Unnamed: 2"": ""20"", ""Unnamed: 3"": ""133.1"", ""Unnamed: 4"": ""84.4""}, {""Page: 138"": NaN, ""Unnamed: 1"": ""Other payables"", ""Unnamed: 2"": ""20"", ""Unnamed: 3"": ""101.4"", ""Unnamed: 4"": ""65.2""}, {""Page: 138"": NaN, ""Unnamed: 1"": ""Current tax liabilities"", ""Unnamed: 2"": NaN, ""Unnamed: 3"": ""18.3"", ""Unnamed: 4"": ""14.5""}, {""Page: 138"": NaN, ""Unnamed: 1"": ""Retirement benefit obligations"", ""Unnamed: 2"": ""30"", ""Unnamed: 3"": ""\u2013"", ""Unnamed: 4"": ""0.3""}, {""Page: 138"": NaN, ""Unnamed: 1"": ""Provisions"", ""Unnamed: 2"": ""22"", ""Unnamed: 3"": ""2.9"", ""Unnamed: 4"": ""0.9""}, {""Page: 138"": NaN, ""Unnamed: 1"": ""Derivative financial instruments"", ""Unnamed: 2"": ""31"", ""Unnamed: 3"": ""0.4"", ""Unnamed: 4"": ""\u2013""}, {""Page: 138"": NaN, ""Unnamed: 1"": NaN, ""Unnamed: 2"": NaN, ""Unnamed: 3"": ""280.7"", ""Unnamed: 4"": ""182.7""}, {""Page: 138"": NaN, ""Unnamed: 1"": ""Net current assets"", ""Unnamed: 2"": NaN, ""Unnamed: 3"": ""137.2"", ""Unnamed: 4"": ""113.9""}, {""Page: 138"": NaN, ""Unnamed: 1"": ""Non-current liabilities"", ""Unnamed: 2"": NaN, ""Unnamed: 3"": NaN, ""Unnamed: 4"": NaN}, {""Page: 138"": NaN, ""Unnamed: 1"": ""Borrowings"", ""Unnamed: 2"": ""19"", ""Unnamed: 3"": ""143.1"", ""Unnamed: 4"": ""89.6""}, {""Page: 138"": NaN, ""Unnamed: 1"": ""Lease liabilities"", ""Unnamed: 2"": ""19"", ""Unnamed: 3"": ""16.1"", ""Unnamed: 4"": ""19.2""}, {""Page: 138"": NaN, ""Unnamed: 1"": ""Other payables"", ""Unnamed: 2"": ""20"", ""Unnamed: 3"": ""26.9"", ""Unnamed: 4"": ""1.4""}, {""Page: 138"": NaN, ""Unnamed: 1"": ""Deferred tax liabilities"", ""Unnamed: 2"": ""21"", ""Unnamed: 3"": ""28.2"", ""Unnamed: 4"": ""6.9""}, {""Page: 138"": NaN, ""Unnamed: 1"": ""Retirement benefit obligations"", ""Unnamed: 2"": ""30"", ""Unnamed: 3"": ""7.5"", ""Unnamed: 4"": ""2.3""}, {""Page: 138"": NaN, ""Unnamed: 1"": ""Provisions"", ""Unnamed: 2"": ""22"", ""Unnamed: 3"": ""1.0"", ""Unnamed: 4"": ""0.4""}, {""Page: 138"": NaN, ""Unnamed: 1"": NaN, ""Unnamed: 2"": NaN, ""Unnamed: 3"": ""222.8"", ""Unnamed: 4"": ""119.8""}, {""Page: 138"": NaN, ""Unnamed: 1"": ""Total liabilities"", ""Unnamed: 2"": NaN, ""Unnamed: 3"": ""503.5"", ""Unnamed: 4"": ""302.5""}, {""Page: 138"": NaN, ""Unnamed: 1"": ""Net assets"", ""Unnamed: 2"": NaN, ""Unnamed: 3"": ""335.6"", ""Unnamed: 4"": ""232.7""}, {""Page: 138"": NaN, ""Unnamed: 1"": ""Equity"", ""Unnamed: 2"": NaN, ""Unnamed: 3"": NaN, ""Unnamed: 4"": NaN}, {""Page: 138"": NaN, ""Unnamed: 1"": ""Share capital"", ""Unnamed: 2"": ""23"", ""Unnamed: 3"": ""69.6"", ""Unnamed: 4"": ""62.7""}, {""Page: 138"": NaN, ""Unnamed: 1"": ""Share premium account"", ""Unnamed: 2"": ""23"", ""Unnamed: 3"": ""62.0"", ""Unnamed: 4"": ""60.7""}, {""Page: 138"": NaN, ""Unnamed: 1"": ""Non-distributable reserve"", ""Unnamed: 2"": ""24"", ""Unnamed: 3"": ""2.5"", ""Unnamed: 4"": ""2.5""}, {""Page: 138"": NaN, ""Unnamed: 1"": ""Hedging and translation reserve"", ""Unnamed: 2"": NaN, ""Unnamed: 3"": ""(13.9)"", ""Unnamed: 4"": ""(14.6)""}, {""Page: 138"": NaN, ""Unnamed: 1"": ""Own shares"", ""Unnamed: 2"": ""24"", ""Unnamed: 3"": ""(4.3)"", ""Unnamed: 4"": ""(1.0)""}, {""Page: 138"": NaN, ""Unnamed: 1"": ""Retained earnings"", ""Unnamed: 2"": NaN, ""Unnamed: 3"": ""211.3"", ""Unnamed: 4"": ""115.0""}, {""Page: 138"": NaN, ""Unnamed: 1"": ""Total attributable to owners of the parent"", ""Unnamed: 2"": NaN, ""Unnamed: 3"": ""327.2"", ""Unnamed: 4"": ""225.3""}, {""Page: 138"": NaN, ""Unnamed: 1"": ""Non-controlling interests"", ""Unnamed: 2"": ""25"", ""Unnamed: 3"": ""8.4"", ""Unnamed: 4"": ""7.4""}, {""Page: 138"": NaN, ""Unnamed: 1"": ""Total equity"", ""Unnamed: 2"": NaN, ""Unnamed: 3"": ""335.6"", ""Unnamed: 4"": ""232.7""}, {""Page: 138"": NaN, ""Unnamed: 1"": NaN, ""Unnamed: 2"": ""The notes on pages 139 to 181 are an integral part of these financial statements. The consolidated financial statements of"", ""Unnamed: 3"": NaN, ""Unnamed: 4"": NaN}]","[0.2384, 0.2733, 0.3031]"
Cash Flow Template,Total other operating income,What is Exceptional cash outflows under Cash flows from operating activities in Statement of Cash Flows for year 2023 and 2024?,"[{""Page: 171"": ""Table Index: 54"", ""Unnamed: 1"": NaN, ""Unnamed: 2"": NaN, ""Unnamed: 3"": NaN}, {""Page: 171"": ""Table Header: 28. Notes to the statement of cash flows, , "", ""Unnamed: 1"": NaN, ""Unnamed: 2"": NaN, ""Unnamed: 3"": NaN}, {""Page: 171"": ""Page Header: 28. Notes to the statement of cash flows | 2024 2023 | $\u2019m $\u2019m"", ""Unnamed: 1"": NaN, ""Unnamed: 2"": NaN, ""Unnamed: 3"": NaN}, {""Page: 171"": ""Notes Mentioned: None"", ""Unnamed: 1"": NaN, ""Unnamed: 2"": NaN, ""Unnamed: 3"": NaN}, {""Page: 171"": NaN, ""Unnamed: 1"": ""28. Notes to the statement of cash flows"", ""Unnamed: 2"": NaN, ""Unnamed: 3"": NaN}, {""Page: 171"": NaN, ""Unnamed: 1"": NaN, ""Unnamed: 2"": ""2024"", ""Unnamed: 3"": ""2023""}, {""Page: 171"": NaN, ""Unnamed: 1"": NaN, ""Unnamed: 2"": ""$\u2019m"", ""Unnamed: 3"": ""$\u2019m""}, {""Page: 171"": NaN, ""Unnamed: 1"": ""Profit for the period"", ""Unnamed: 2"": ""40.2"", ""Unnamed: 3"": ""37.4""}, {""Page: 171"": NaN, ""Unnamed: 1"": ""Adjustments for:"", ""Unnamed: 2"": NaN, ""Unnamed: 3"": NaN}, {""Page: 171"": NaN, ""Unnamed: 1"": ""Finance income (note 5)"", ""Unnamed: 2"": ""(1.3)"", ""Unnamed: 3"": ""(0.4)""}, {""Page: 171"": NaN, ""Unnamed: 1"": ""Finance costs (note 6)"", ""Unnamed: 2"": ""16.8"", ""Unnamed: 3"": ""9.5""}, {""Page: 171"": NaN, ""Unnamed: 1"": ""Income tax expense (note 10)"", ""Unnamed: 2"": ""11.4"", ""Unnamed: 3"": ""8.4""}, {""Page: 171"": NaN, ""Unnamed: 1"": ""Share of net profit from associates"", ""Unnamed: 2"": ""(3.2)"", ""Unnamed: 3"": ""(1.1)""}, {""Page: 171"": NaN, ""Unnamed: 1"": ""Depreciation of property, plant and equipment (note 14)"", ""Unnamed: 2"": ""12.3"", ""Unnamed: 3"": ""8.2""}, {""Page: 171"": NaN, ""Unnamed: 1"": ""Depreciation of right-of-use assets (note 15)"", ""Unnamed: 2"": ""7.4"", ""Unnamed: 3"": ""4.8""}, {""Page: 171"": NaN, ""Unnamed: 1"": ""Amortisation of intangible assets (note 13)"", ""Unnamed: 2"": ""15.6"", ""Unnamed: 3"": ""10.2""}, {""Page: 171"": NaN, ""Unnamed: 1"": ""Loss on disposal of property, plant and equipment"", ""Unnamed: 2"": ""\u2013"", ""Unnamed: 3"": ""0.1""}, {""Page: 171"": NaN, ""Unnamed: 1"": ""Share-based payment charge (note 29)"", ""Unnamed: 2"": ""6.3"", ""Unnamed: 3"": ""3.7""}, {""Page: 171"": NaN, ""Unnamed: 1"": ""Contingent consideration adjustments (note 4)"", ""Unnamed: 2"": ""(1.3)"", ""Unnamed: 3"": ""(1.3)""}, {""Page: 171"": NaN, ""Unnamed: 1"": ""Decrease in provisions"", ""Unnamed: 2"": ""(1.5)"", ""Unnamed: 3"": ""(1.1)""}, {""Page: 171"": NaN, ""Unnamed: 1"": ""Operating cash flow before movement in working capital"", ""Unnamed: 2"": ""102.7"", ""Unnamed: 3"": ""78.4""}, {""Page: 171"": NaN, ""Unnamed: 1"": ""Increase in inventories"", ""Unnamed: 2"": ""(5.6)"", ""Unnamed: 3"": ""(0.2)""}, {""Page: 171"": NaN, ""Unnamed: 1"": ""Increase in receivables"", ""Unnamed: 2"": ""(17.4)"", ""Unnamed: 3"": ""(15.4)""}, {""Page: 171"": NaN, ""Unnamed: 1"": ""Increase in payables"", ""Unnamed: 2"": ""24.9"", ""Unnamed: 3"": ""7.0""}, {""Page: 171"": NaN, ""Unnamed: 1"": ""Movement in working capital"", ""Unnamed: 2"": ""1.9"", ""Unnamed: 3"": ""(8.6)""}, {""Page: 171"": NaN, ""Unnamed: 1"": ""Cash generated from operations"", ""Unnamed: 2"": ""104.6"", ""Unnamed: 3"": ""69.8""}, {""Page: 171"": NaN, ""Unnamed: 1"": ""Cash generated from operations before adjusting operating items"", ""Unnamed: 2"": ""111.6"", ""Unnamed: 3"": ""72.0""}, {""Page: 171"": NaN, ""Unnamed: 1"": ""Cash used by adjusting operating items"", ""Unnamed: 2"": ""(7.0)"", ""Unnamed: 3"": ""(2.2)""}, {""Page: 171"": NaN, ""Unnamed: 1"": ""Taxation paid"", ""Unnamed: 2"": ""(14.9)"", ""Unnamed: 3"": ""(7.9)""}, {""Page: 171"": NaN, ""Unnamed: 1"": ""Interest paid"", ""Unnamed: 2"": ""(11.4)"", ""Unnamed: 3"": ""(6.2)""}, {""Page: 171"": NaN, ""Unnamed: 1"": ""Net cash generated from operating activities"", ""Unnamed: 2"": ""78.3"", ""Unnamed: 3"": ""55.7""}, {""Page: 171"": NaN, ""Unnamed: 1"": ""Cash and cash equivalents"", ""Unnamed: 2"": NaN, ""Unnamed: 3"": NaN}, {""Page: 171"": NaN, ""Unnamed: 1"": NaN, ""Unnamed: 2"": ""2024"", ""Unnamed: 3"": ""2023""}, {""Page: 171"": NaN, ""Unnamed: 1"": NaN, ""Unnamed: 2"": ""$\u2019m"", ""Unnamed: 3"": ""$\u2019m""}, {""Page: 171"": NaN, ""Unnamed: 1"": ""Cash and bank balances"", ""Unnamed: 2"": ""29.8"", ""Unnamed: 3"": ""22.5""}, {""Page: 171"": NaN, ""Unnamed: 1"": ""Bank overdrafts"", ""Unnamed: 2"": ""(1.0)"", ""Unnamed: 3"": ""(1.8)""}, {""Page: 171"": NaN, ""Unnamed: 1"": NaN, ""Unnamed: 2"": ""28.8"", ""Unnamed: 3"": ""20.7""}, {""Page: 171"": NaN, ""Unnamed: 1"": NaN, ""Unnamed: 2"": ""Cash and cash equivalents comprise cash held by the Group and bank overdrafts. The carrying amount of these assets"", ""Unnamed: 3"": NaN}, {""Page: 171"": NaN, ""Unnamed: 1"": NaN, ""Unnamed: 2"": ""approximates their fair value. Included within cash and cash equivalents is $nil (2023: $0.1m) held in trust, which can only be"", ""Unnamed: 3"": NaN}, {""Page: 171"": NaN, ""Unnamed: 1"": ""used for Volex employees."", ""Unnamed: 2"": NaN, ""Unnamed: 3"": NaN}]
---
[{""Page: 138"": ""Table Index: 15"", ""Unnamed: 1"": NaN, ""Unnamed: 2"": NaN, ""Unnamed: 3"": NaN, ""Unnamed: 4"": NaN}, {""Page: 138"": ""Table Header: , , 2024, 2023"", ""Unnamed: 1"": NaN, ""Unnamed: 2"": NaN, ""Unnamed: 3"": NaN, ""Unnamed: 4"": NaN}, {""Page: 138"": ""Page Header: Consolidated Statement of Financial Position | As at 31 March 2024 (2 April 2023) | 2024 2023"", ""Unnamed: 1"": NaN, ""Unnamed: 2"": NaN, ""Unnamed: 3"": NaN, ""Unnamed: 4"": NaN}, {""Page: 138"": ""Notes Mentioned: None"", ""Unnamed: 1"": NaN, ""Unnamed: 2"": NaN, ""Unnamed: 3"": NaN, ""Unnamed: 4"": NaN}, {""Page: 138"": NaN, ""Unnamed: 1"": NaN, ""Unnamed: 2"": NaN, ""Unnamed: 3"": ""2024"", ""Unnamed: 4"": ""2023""}, {""Page: 138"": NaN, ""Unnamed: 1"": NaN, ""Unnamed: 2"": ""Notes"", ""Unnamed: 3"": ""$\u2019m"", ""Unnamed: 4"": ""$\u2019m""}, {""Page: 138"": NaN, ""Unnamed: 1"": ""Non-current assets"", ""Unnamed: 2"": NaN, ""Unnamed: 3"": NaN, ""Unnamed: 4"": NaN}, {""Page: 138"": NaN, ""Unnamed: 1"": ""Goodwill"", ""Unnamed: 2"": ""12"", ""Unnamed: 3"": ""121.4"", ""Unnamed: 4"": ""82.3""}, {""Page: 138"": NaN, ""Unnamed: 1"": ""Other intangible assets"", ""Unnamed: 2"": ""13"", ""Unnamed: 3"": ""131.7"", ""Unnamed: 4"": ""41.8""}, {""Page: 138"": NaN, ""Unnamed: 1"": ""Property, plant and equipment"", ""Unnamed: 2"": ""14"", ""Unnamed: 3"": ""91.8"", ""Unnamed: 4"": ""50.1""}, {""Page: 138"": NaN, ""Unnamed: 1"": ""Right-of-use assets"", ""Unnamed: 2"": ""15"", ""Unnamed: 3"": ""38.4"", ""Unnamed: 4"": ""34.5""}, {""Page: 138"": NaN, ""Unnamed: 1"": ""Interests in associates"", ""Unnamed: 2"": ""16"", ""Unnamed: 3"": ""8.1"", ""Unnamed: 4"": ""2.6""}, {""Page: 138"": NaN, ""Unnamed: 1"": ""Other receivables"", ""Unnamed: 2"": ""18"", ""Unnamed: 3"": ""2.0"", ""Unnamed: 4"": ""1.8""}, {""Page: 138"": NaN, ""Unnamed: 1"": ""Derivative financial instruments"", ""Unnamed: 2"": ""31"", ""Unnamed: 3"": ""1.5"", ""Unnamed: 4"": ""0.9""}, {""Page: 138"": NaN, ""Unnamed: 1"": ""Retirement benefit asset"", ""Unnamed: 2"": ""30"", ""Unnamed: 3"": ""0.4"", ""Unnamed: 4"": ""\u2013""}, {""Page: 138"": NaN, ""Unnamed: 1"": ""Deferred tax assets"", ""Unnamed: 2"": ""21"", ""Unnamed: 3"": ""25.9"", ""Unnamed: 4"": ""24.6""}, {""Page: 138"": NaN, ""Unnamed: 1"": NaN, ""Unnamed: 2"": NaN, ""Unnamed: 3"": ""421.2"", ""Unnamed: 4"": ""238.6""}, {""Page: 138"": NaN, ""Unnamed: 1"": ""Current assets"", ""Unnamed: 2"": NaN, ""Unnamed: 3"": NaN, ""Unnamed: 4"": NaN}, {""Page: 138"": NaN, ""Unnamed: 1"": ""Inventories"", ""Unnamed: 2"": ""17"", ""Unnamed: 3"": ""174.3"", ""Unnamed: 4"": ""120.5""}, {""Page: 138"": NaN, ""Unnamed: 1"": ""Trade receivables"", ""Unnamed: 2"": ""18"", ""Unnamed: 3"": ""187.6"", ""Unnamed: 4"": ""136.2""}, {""Page: 138"": NaN, ""Unnamed: 1"": ""Other receivables"", ""Unnamed: 2"": ""18"", ""Unnamed: 3"": ""23.4"", ""Unnamed: 4"": ""15.7""}, {""Page: 138"": NaN, ""Unnamed: 1"": ""Current tax assets"", ""Unnamed: 2"": NaN, ""Unnamed: 3"": ""1.8"", ""Unnamed: 4"": ""0.8""}, {""Page: 138"": NaN, ""Unnamed: 1"": ""Derivative financial instruments"", ""Unnamed: 2"": ""31"", ""Unnamed: 3"": ""1.0"", ""Unnamed: 4"": ""0.9""}, {""Page: 138"": NaN, ""Unnamed: 1"": ""Cash and bank balances"", ""Unnamed: 2"": ""28"", ""Unnamed: 3"": ""29.8"", ""Unnamed: 4"": ""22.5""}, {""Page: 138"": NaN, ""Unnamed: 1"": NaN, ""Unnamed: 2"": NaN, ""Unnamed: 3"": ""417.9"", ""Unnamed: 4"": ""296.6""}, {""Page: 138"": NaN, ""Unnamed: 1"": ""Total assets"", ""Unnamed: 2"": NaN, ""Unnamed: 3"": ""839.1"", ""Unnamed: 4"": ""535.2""}, {""Page: 138"": NaN, ""Unnamed: 1"": ""Current liabilities"", ""Unnamed: 2"": NaN, ""Unnamed: 3"": NaN, ""Unnamed: 4"": NaN}, {""Page: 138"": NaN, ""Unnamed: 1"": ""Borrowings"", ""Unnamed: 2"": ""19"", ""Unnamed: 3"": ""3.3"", ""Unnamed: 4"": ""1.8""}, {""Page: 138"": NaN, ""Unnamed: 1"": ""Lease liabilities"", ""Unnamed: 2"": ""19"", ""Unnamed: 3"": ""21.3"", ""Unnamed: 4"": ""15.6""}, {""Page: 138"": NaN, ""Unnamed: 1"": ""Trade payables"", ""Unnamed: 2"": ""20"", ""Unnamed: 3"": ""133.1"", ""Unnamed: 4"": ""84.4""}, {""Page: 138"": NaN, ""Unnamed: 1"": ""Other payables"", ""Unnamed: 2"": ""20"", ""Unnamed: 3"": ""101.4"", ""Unnamed: 4"": ""65.2""}, {""Page: 138"": NaN, ""Unnamed: 1"": ""Current tax liabilities"", ""Unnamed: 2"": NaN, ""Unnamed: 3"": ""18.3"", ""Unnamed: 4"": ""14.5""}, {""Page: 138"": NaN, ""Unnamed: 1"": ""Retirement benefit obligations"", ""Unnamed: 2"": ""30"", ""Unnamed: 3"": ""\u2013"", ""Unnamed: 4"": ""0.3""}, {""Page: 138"": NaN, ""Unnamed: 1"": ""Provisions"", ""Unnamed: 2"": ""22"", ""Unnamed: 3"": ""2.9"", ""Unnamed: 4"": ""0.9""}, {""Page: 138"": NaN, ""Unnamed: 1"": ""Derivative financial instruments"", ""Unnamed: 2"": ""31"", ""Unnamed: 3"": ""0.4"", ""Unnamed: 4"": ""\u2013""}, {""Page: 138"": NaN, ""Unnamed: 1"": NaN, ""Unnamed: 2"": NaN, ""Unnamed: 3"": ""280.7"", ""Unnamed: 4"": ""182.7""}, {""Page: 138"": NaN, ""Unnamed: 1"": ""Net current assets"", ""Unnamed: 2"": NaN, ""Unnamed: 3"": ""137.2"", ""Unnamed: 4"": ""113.9""}, {""Page: 138"": NaN, ""Unnamed: 1"": ""Non-current liabilities"", ""Unnamed: 2"": NaN, ""Unnamed: 3"": NaN, ""Unnamed: 4"": NaN}, {""Page: 138"": NaN, ""Unnamed: 1"": ""Borrowings"", ""Unnamed: 2"": ""19"", ""Unnamed: 3"": ""143.1"", ""Unnamed: 4"": ""89.6""}, {""Page: 138"": NaN, ""Unnamed: 1"": ""Lease liabilities"", ""Unnamed: 2"": ""19"", ""Unnamed: 3"": ""16.1"", ""Unnamed: 4"": ""19.2""}, {""Page: 138"": NaN, ""Unnamed: 1"": ""Other payables"", ""Unnamed: 2"": ""20"", ""Unnamed: 3"": ""26.9"", ""Unnamed: 4"": ""1.4""}, {""Page: 138"": NaN, ""Unnamed: 1"": ""Deferred tax liabilities"", ""Unnamed: 2"": ""21"", ""Unnamed: 3"": ""28.2"", ""Unnamed: 4"": ""6.9""}, {""Page: 138"": NaN, ""Unnamed: 1"": ""Retirement benefit obligations"", ""Unnamed: 2"": ""30"", ""Unnamed: 3"": ""7.5"", ""Unnamed: 4"": ""2.3""}, {""Page: 138"": NaN, ""Unnamed: 1"": ""Provisions"", ""Unnamed: 2"": ""22"", ""Unnamed: 3"": ""1.0"", ""Unnamed: 4"": ""0.4""}, {""Page: 138"": NaN, ""Unnamed: 1"": NaN, ""Unnamed: 2"": NaN, ""Unnamed: 3"": ""222.8"", ""Unnamed: 4"": ""119.8""}, {""Page: 138"": NaN, ""Unnamed: 1"": ""Total liabilities"", ""Unnamed: 2"": NaN, ""Unnamed: 3"": ""503.5"", ""Unnamed: 4"": ""302.5""}, {""Page: 138"": NaN, ""Unnamed: 1"": ""Net assets"", ""Unnamed: 2"": NaN, ""Unnamed: 3"": ""335.6"", ""Unnamed: 4"": ""232.7""}, {""Page: 138"": NaN, ""Unnamed: 1"": ""Equity"", ""Unnamed: 2"": NaN, ""Unnamed: 3"": NaN, ""Unnamed: 4"": NaN}, {""Page: 138"": NaN, ""Unnamed: 1"": ""Share capital"", ""Unnamed: 2"": ""23"", ""Unnamed: 3"": ""69.6"", ""Unnamed: 4"": ""62.7""}, {""Page: 138"": NaN, ""Unnamed: 1"": ""Share premium account"", ""Unnamed: 2"": ""23"", ""Unnamed: 3"": ""62.0"", ""Unnamed: 4"": ""60.7""}, {""Page: 138"": NaN, ""Unnamed: 1"": ""Non-distributable reserve"", ""Unnamed: 2"": ""24"", ""Unnamed: 3"": ""2.5"", ""Unnamed: 4"": ""2.5""}, {""Page: 138"": NaN, ""Unnamed: 1"": ""Hedging and translation reserve"", ""Unnamed: 2"": NaN, ""Unnamed: 3"": ""(13.9)"", ""Unnamed: 4"": ""(14.6)""}, {""Page: 138"": NaN, ""Unnamed: 1"": ""Own shares"", ""Unnamed: 2"": ""24"", ""Unnamed: 3"": ""(4.3)"", ""Unnamed: 4"": ""(1.0)""}, {""Page: 138"": NaN, ""Unnamed: 1"": ""Retained earnings"", ""Unnamed: 2"": NaN, ""Unnamed: 3"": ""211.3"", ""Unnamed: 4"": ""115.0""}, {""Page: 138"": NaN, ""Unnamed: 1"": ""Total attributable to owners of the parent"", ""Unnamed: 2"": NaN, ""Unnamed: 3"": ""327.2"", ""Unnamed: 4"": ""225.3""}, {""Page: 138"": NaN, ""Unnamed: 1"": ""Non-controlling interests"", ""Unnamed: 2"": ""25"", ""Unnamed: 3"": ""8.4"", ""Unnamed: 4"": ""7.4""}, {""Page: 138"": NaN, ""Unnamed: 1"": ""Total equity"", ""Unnamed: 2"": NaN, ""Unnamed: 3"": ""335.6"", ""Unnamed: 4"": ""232.7""}, {""Page: 138"": NaN, ""Unnamed: 1"": NaN, ""Unnamed: 2"": ""The notes on pages 139 to 181 are an integral part of these financial statements. The consolidated financial statements of"", ""Unnamed: 3"": NaN, ""Unnamed: 4"": NaN}]
---
[{""Page: 136"": ""Table Index: 13"", ""Unnamed: 1"": NaN, ""Unnamed: 2"": NaN, ""Unnamed: 3"": NaN, ""Unnamed: 4"": NaN, ""Unnamed: 5"": NaN, ""Unnamed: 6"": NaN, ""Unnamed: 7"": NaN, ""Unnamed: 8"": NaN}, {""Page: 136"": ""Table Header: , , , 2024, , , 2023, "", ""Unnamed: 1"": NaN, ""Unnamed: 2"": NaN, ""Unnamed: 3"": NaN, ""Unnamed: 4"": NaN, ""Unnamed: 5"": NaN, ""Unnamed: 6"": NaN, ""Unnamed: 7"": NaN, ""Unnamed: 8"": NaN}, {""Page: 136"": ""Page Header: Consolidated Income Statement | For the 52 weeks ended 31 March 2024 (52 weeks ended 2 April 2023) | 2024 2023"", ""Unnamed: 1"": NaN, ""Unnamed: 2"": NaN, ""Unnamed: 3"": NaN, ""Unnamed: 4"": NaN, ""Unnamed: 5"": NaN, ""Unnamed: 6"": NaN, ""Unnamed: 7"": NaN, ""Unnamed: 8"": NaN}, {""Page: 136"": ""Notes Mentioned: Note 4, Note 4"", ""Unnamed: 1"": NaN, ""Unnamed: 2"": NaN, ""Unnamed: 3"": NaN, ""Unnamed: 4"": NaN, ""Unnamed: 5"": NaN, ""Unnamed: 6"": NaN, ""Unnamed: 7"": NaN, ""Unnamed: 8"": NaN}, {""Page: 136"": NaN, ""Unnamed: 1"": NaN, ""Unnamed: 2"": NaN, ""Unnamed: 3"": NaN, ""Unnamed: 4"": ""2024"", ""Unnamed: 5"": NaN, ""Unnamed: 6"": NaN, ""Unnamed: 7"": ""2023"", ""Unnamed: 8"": NaN}, {""Page: 136"": NaN, ""Unnamed: 1"": NaN, ""Unnamed: 2"": NaN, ""Unnamed: 3"": ""Before"", ""Unnamed: 4"": ""Adjusting"", ""Unnamed: 5"": NaN, ""Unnamed: 6"": ""Before"", ""Unnamed: 7"": ""Adjusting"", ""Unnamed: 8"": NaN}, {""Page: 136"": NaN, ""Unnamed: 1"": NaN, ""Unnamed: 2"": NaN, ""Unnamed: 3"": ""adjusting"", ""Unnamed: 4"": ""items and"", ""Unnamed: 5"": NaN, ""Unnamed: 6"": ""adjusting"", ""Unnamed: 7"": ""items and"", ""Unnamed: 8"": NaN}, {""Page: 136"": NaN, ""Unnamed: 1"": NaN, ""Unnamed: 2"": NaN, ""Unnamed: 3"": ""items and"", ""Unnamed: 4"": ""share-based"", ""Unnamed: 5"": NaN, ""Unnamed: 6"": ""items and"", ""Unnamed: 7"": ""share-based"", ""Unnamed: 8"": NaN}, {""Page: 136"": NaN, ""Unnamed: 1"": NaN, ""Unnamed: 2"": NaN, ""Unnamed: 3"": ""share-based"", ""Unnamed: 4"": ""payments"", ""Unnamed: 5"": NaN, ""Unnamed: 6"": ""share-based"", ""Unnamed: 7"": ""payments"", ""Unnamed: 8"": NaN}, {""Page: 136"": NaN, ""Unnamed: 1"": NaN, ""Unnamed: 2"": NaN, ""Unnamed: 3"": ""payments"", ""Unnamed: 4"": ""(Note 4)"", ""Unnamed: 5"": ""Total"", ""Unnamed: 6"": ""payments"", ""Unnamed: 7"": ""(Note 4)"", ""Unnamed: 8"": ""Total""}, {""Page: 136"": NaN, ""Unnamed: 1"": NaN, ""Unnamed: 2"": ""Notes"", ""Unnamed: 3"": ""$\u2019m"", ""Unnamed: 4"": ""$\u2019m"", ""Unnamed: 5"": ""$\u2019m"", ""Unnamed: 6"": ""$\u2019m"", ""Unnamed: 7"": ""$\u2019m"", ""Unnamed: 8"": ""$\u2019m""}, {""Page: 136"": NaN, ""Unnamed: 1"": ""Revenue"", ""Unnamed: 2"": ""3"", ""Unnamed: 3"": ""912.8"", ""Unnamed: 4"": ""\u2013"", ""Unnamed: 5"": ""912.8"", ""Unnamed: 6"": ""722.8"", ""Unnamed: 7"": ""\u2013"", ""Unnamed: 8"": ""722.8""}, {""Page: 136"": NaN, ""Unnamed: 1"": ""Cost of sales"", ""Unnamed: 2"": NaN, ""Unnamed: 3"": ""(710.0)"", ""Unnamed: 4"": ""\u2013"", ""Unnamed: 5"": ""(710.0)"", ""Unnamed: 6"": ""(565.8)"", ""Unnamed: 7"": ""\u2013"", ""Unnamed: 8"": ""(565.8)""}, {""Page: 136"": NaN, ""Unnamed: 1"": ""Gross profit"", ""Unnamed: 2"": NaN, ""Unnamed: 3"": ""202.8"", ""Unnamed: 4"": ""\u2013"", ""Unnamed: 5"": ""202.8"", ""Unnamed: 6"": ""157.0"", ""Unnamed: 7"": ""\u2013"", ""Unnamed: 8"": ""157.0""}, {""Page: 136"": NaN, ""Unnamed: 1"": ""Operating expenses"", ""Unnamed: 2"": NaN, ""Unnamed: 3"": ""(113.1)"", ""Unnamed: 4"": ""(25.8)"", ""Unnamed: 5"": ""(138.9)"", ""Unnamed: 6"": ""(89.7)"", ""Unnamed: 7"": ""(13.5)"", ""Unnamed: 8"": ""(103.2)""}, {""Page: 136"": NaN, ""Unnamed: 1"": ""Operating profit"", ""Unnamed: 2"": ""7"", ""Unnamed: 3"": ""89.7"", ""Unnamed: 4"": ""(25.8)"", ""Unnamed: 5"": ""63.9"", ""Unnamed: 6"": ""67.3"", ""Unnamed: 7"": ""(13.5)"", ""Unnamed: 8"": ""53.8""}, {""Page: 136"": NaN, ""Unnamed: 1"": ""Share of net profit from"", ""Unnamed: 2"": NaN, ""Unnamed: 3"": NaN, ""Unnamed: 4"": NaN, ""Unnamed: 5"": NaN, ""Unnamed: 6"": NaN, ""Unnamed: 7"": NaN, ""Unnamed: 8"": NaN}, {""Page: 136"": NaN, ""Unnamed: 1"": ""associates"", ""Unnamed: 2"": ""16"", ""Unnamed: 3"": ""3.2"", ""Unnamed: 4"": ""\u2013"", ""Unnamed: 5"": ""3.2"", ""Unnamed: 6"": ""1.1"", ""Unnamed: 7"": ""\u2013"", ""Unnamed: 8"": ""1.1""}, {""Page: 136"": NaN, ""Unnamed: 1"": ""Finance income"", ""Unnamed: 2"": ""5"", ""Unnamed: 3"": ""1.3"", ""Unnamed: 4"": ""\u2013"", ""Unnamed: 5"": ""1.3"", ""Unnamed: 6"": ""0.4"", ""Unnamed: 7"": ""\u2013"", ""Unnamed: 8"": ""0.4""}, {""Page: 136"": NaN, ""Unnamed: 1"": ""Finance costs"", ""Unnamed: 2"": ""6"", ""Unnamed: 3"": ""(16.8)"", ""Unnamed: 4"": ""\u2013"", ""Unnamed: 5"": ""(16.8)"", ""Unnamed: 6"": ""(9.5)"", ""Unnamed: 7"": ""\u2013"", ""Unnamed: 8"": ""(9.5)""}, {""Page: 136"": NaN, ""Unnamed: 1"": ""Profit before taxation"", ""Unnamed: 2"": NaN, ""Unnamed: 3"": ""77.4"", ""Unnamed: 4"": ""(25.8)"", ""Unnamed: 5"": ""51.6"", ""Unnamed: 6"": ""59.3"", ""Unnamed: 7"": ""(13.5)"", ""Unnamed: 8"": ""45.8""}, {""Page: 136"": NaN, ""Unnamed: 1"": ""Taxation"", ""Unnamed: 2"": ""10"", ""Unnamed: 3"": ""(15.9)"", ""Unnamed: 4"": ""4.5"", ""Unnamed: 5"": ""(11.4)"", ""Unnamed: 6"": ""(10.7)"", ""Unnamed: 7"": ""2.3"", ""Unnamed: 8"": ""(8.4)""}, {""Page: 136"": NaN, ""Unnamed: 1"": ""Profit for the period"", ""Unnamed: 2"": NaN, ""Unnamed: 3"": ""61.5"", ""Unnamed: 4"": ""(21.3)"", ""Unnamed: 5"": ""40.2"", ""Unnamed: 6"": ""48.6"", ""Unnamed: 7"": ""(11.2)"", ""Unnamed: 8"": ""37.4""}, {""Page: 136"": NaN, ""Unnamed: 1"": ""Profit is attributable to:"", ""Unnamed: 2"": NaN, ""Unnamed: 3"": NaN, ""Unnamed: 4"": NaN, ""Unnamed: 5"": NaN, ""Unnamed: 6"": NaN, ""Unnamed: 7"": NaN, ""Unnamed: 8"": NaN}, {""Page: 136"": NaN, ""Unnamed: 1"": ""Owners of the parent"", ""Unnamed: 2"": NaN, ""Unnamed: 3"": ""60.5"", ""Unnamed: 4"": ""(21.2)"", ""Unnamed: 5"": ""39.3"", ""Unnamed: 6"": ""48.0"", ""Unnamed: 7"": ""(11.2)"", ""Unnamed: 8"": ""36.8""}, {""Page: 136"": NaN, ""Unnamed: 1"": ""Non-controlling interests"", ""Unnamed: 2"": NaN, ""Unnamed: 3"": ""1.0"", ""Unnamed: 4"": ""(0.1)"", ""Unnamed: 5"": ""0.9"", ""Unnamed: 6"": ""0.6"", ""Unnamed: 7"": ""\u2013"", ""Unnamed: 8"": ""0.6""}, {""Page: 136"": NaN, ""Unnamed: 1"": NaN, ""Unnamed: 2"": NaN, ""Unnamed: 3"": ""61.5"", ""Unnamed: 4"": ""(21.3)"", ""Unnamed: 5"": ""40.2"", ""Unnamed: 6"": ""48.6"", ""Unnamed: 7"": ""(11.2)"", ""Unnamed: 8"": ""37.4""}, {""Page: 136"": NaN, ""Unnamed: 1"": ""Earnings per share (cents)"", ""Unnamed: 2"": NaN, ""Unnamed: 3"": NaN, ""Unnamed: 4"": NaN, ""Unnamed: 5"": NaN, ""Unnamed: 6"": NaN, ""Unnamed: 7"": NaN, ""Unnamed: 8"": NaN}, {""Page: 136"": NaN, ""Unnamed: 1"": ""Basic"", ""Unnamed: 2"": ""11"", ""Unnamed: 3"": ""33.7"", ""Unnamed: 4"": NaN, ""Unnamed: 5"": ""21.8"", ""Unnamed: 6"": ""30.2"", ""Unnamed: 7"": NaN, ""Unnamed: 8"": ""23.2""}, {""Page: 136"": NaN, ""Unnamed: 1"": ""Diluted"", ""Unnamed: 2"": ""11"", ""Unnamed: 3"": ""33.0"", ""Unnamed: 4"": NaN, ""Unnamed: 5"": ""21.4"", ""Unnamed: 6"": ""28.8"", ""Unnamed: 7"": NaN, ""Unnamed: 8"": ""22.1""}]","[0.2621, 0.3293, 0.339]"
Income Statement Template,Total other operating income,What is Share of results from associates under Cash flows from operating activities in Consolidated Statement of Cash Flows for year 2023 and 2024?,"[{""Page: 171"": ""Table Index: 54"", ""Unnamed: 1"": NaN, ""Unnamed: 2"": NaN, ""Unnamed: 3"": NaN}, {""Page: 171"": ""Table Header: 28. Notes to the statement of cash flows, , "", ""Unnamed: 1"": NaN, ""Unnamed: 2"": NaN, ""Unnamed: 3"": NaN}, {""Page: 171"": ""Page Header: 28. Notes to the statement of cash flows | 2024 2023 | $\u2019m $\u2019m"", ""Unnamed: 1"": NaN, ""Unnamed: 2"": NaN, ""Unnamed: 3"": NaN}, {""Page: 171"": ""Notes Mentioned: None"", ""Unnamed: 1"": NaN, ""Unnamed: 2"": NaN, ""Unnamed: 3"": NaN}, {""Page: 171"": NaN, ""Unnamed: 1"": ""28. Notes to the statement of cash flows"", ""Unnamed: 2"": NaN, ""Unnamed: 3"": NaN}, {""Page: 171"": NaN, ""Unnamed: 1"": NaN, ""Unnamed: 2"": ""2024"", ""Unnamed: 3"": ""2023""}, {""Page: 171"": NaN, ""Unnamed: 1"": NaN, ""Unnamed: 2"": ""$\u2019m"", ""Unnamed: 3"": ""$\u2019m""}, {""Page: 171"": NaN, ""Unnamed: 1"": ""Profit for the period"", ""Unnamed: 2"": ""40.2"", ""Unnamed: 3"": ""37.4""}, {""Page: 171"": NaN, ""Unnamed: 1"": ""Adjustments for:"", ""Unnamed: 2"": NaN, ""Unnamed: 3"": NaN}, {""Page: 171"": NaN, ""Unnamed: 1"": ""Finance income (note 5)"", ""Unnamed: 2"": ""(1.3)"", ""Unnamed: 3"": ""(0.4)""}, {""Page: 171"": NaN, ""Unnamed: 1"": ""Finance costs (note 6)"", ""Unnamed: 2"": ""16.8"", ""Unnamed: 3"": ""9.5""}, {""Page: 171"": NaN, ""Unnamed: 1"": ""Income tax expense (note 10)"", ""Unnamed: 2"": ""11.4"", ""Unnamed: 3"": ""8.4""}, {""Page: 171"": NaN, ""Unnamed: 1"": ""Share of net profit from associates"", ""Unnamed: 2"": ""(3.2)"", ""Unnamed: 3"": ""(1.1)""}, {""Page: 171"": NaN, ""Unnamed: 1"": ""Depreciation of property, plant and equipment (note 14)"", ""Unnamed: 2"": ""12.3"", ""Unnamed: 3"": ""8.2""}, {""Page: 171"": NaN, ""Unnamed: 1"": ""Depreciation of right-of-use assets (note 15)"", ""Unnamed: 2"": ""7.4"", ""Unnamed: 3"": ""4.8""}, {""Page: 171"": NaN, ""Unnamed: 1"": ""Amortisation of intangible assets (note 13)"", ""Unnamed: 2"": ""15.6"", ""Unnamed: 3"": ""10.2""}, {""Page: 171"": NaN, ""Unnamed: 1"": ""Loss on disposal of property, plant and equipment"", ""Unnamed: 2"": ""\u2013"", ""Unnamed: 3"": ""0.1""}, {""Page: 171"": NaN, ""Unnamed: 1"": ""Share-based payment charge (note 29)"", ""Unnamed: 2"": ""6.3"", ""Unnamed: 3"": ""3.7""}, {""Page: 171"": NaN, ""Unnamed: 1"": ""Contingent consideration adjustments (note 4)"", ""Unnamed: 2"": ""(1.3)"", ""Unnamed: 3"": ""(1.3)""}, {""Page: 171"": NaN, ""Unnamed: 1"": ""Decrease in provisions"", ""Unnamed: 2"": ""(1.5)"", ""Unnamed: 3"": ""(1.1)""}, {""Page: 171"": NaN, ""Unnamed: 1"": ""Operating cash flow before movement in working capital"", ""Unnamed: 2"": ""102.7"", ""Unnamed: 3"": ""78.4""}, {""Page: 171"": NaN, ""Unnamed: 1"": ""Increase in inventories"", ""Unnamed: 2"": ""(5.6)"", ""Unnamed: 3"": ""(0.2)""}, {""Page: 171"": NaN, ""Unnamed: 1"": ""Increase in receivables"", ""Unnamed: 2"": ""(17.4)"", ""Unnamed: 3"": ""(15.4)""}, {""Page: 171"": NaN, ""Unnamed: 1"": ""Increase in payables"", ""Unnamed: 2"": ""24.9"", ""Unnamed: 3"": ""7.0""}, {""Page: 171"": NaN, ""Unnamed: 1"": ""Movement in working capital"", ""Unnamed: 2"": ""1.9"", ""Unnamed: 3"": ""(8.6)""}, {""Page: 171"": NaN, ""Unnamed: 1"": ""Cash generated from operations"", ""Unnamed: 2"": ""104.6"", ""Unnamed: 3"": ""69.8""}, {""Page: 171"": NaN, ""Unnamed: 1"": ""Cash generated from operations before adjusting operating items"", ""Unnamed: 2"": ""111.6"", ""Unnamed: 3"": ""72.0""}, {""Page: 171"": NaN, ""Unnamed: 1"": ""Cash used by adjusting operating items"", ""Unnamed: 2"": ""(7.0)"", ""Unnamed: 3"": ""(2.2)""}, {""Page: 171"": NaN, ""Unnamed: 1"": ""Taxation paid"", ""Unnamed: 2"": ""(14.9)"", ""Unnamed: 3"": ""(7.9)""}, {""Page: 171"": NaN, ""Unnamed: 1"": ""Interest paid"", ""Unnamed: 2"": ""(11.4)"", ""Unnamed: 3"": ""(6.2)""}, {""Page: 171"": NaN, ""Unnamed: 1"": ""Net cash generated from operating activities"", ""Unnamed: 2"": ""78.3"", ""Unnamed: 3"": ""55.7""}, {""Page: 171"": NaN, ""Unnamed: 1"": ""Cash and cash equivalents"", ""Unnamed: 2"": NaN, ""Unnamed: 3"": NaN}, {""Page: 171"": NaN, ""Unnamed: 1"": NaN, ""Unnamed: 2"": ""2024"", ""Unnamed: 3"": ""2023""}, {""Page: 171"": NaN, ""Unnamed: 1"": NaN, ""Unnamed: 2"": ""$\u2019m"", ""Unnamed: 3"": ""$\u2019m""}, {""Page: 171"": NaN, ""Unnamed: 1"": ""Cash and bank balances"", ""Unnamed: 2"": ""29.8"", ""Unnamed: 3"": ""22.5""}, {""Page: 171"": NaN, ""Unnamed: 1"": ""Bank overdrafts"", ""Unnamed: 2"": ""(1.0)"", ""Unnamed: 3"": ""(1.8)""}, {""Page: 171"": NaN, ""Unnamed: 1"": NaN, ""Unnamed: 2"": ""28.8"", ""Unnamed: 3"": ""20.7""}, {""Page: 171"": NaN, ""Unnamed: 1"": NaN, ""Unnamed: 2"": ""Cash and cash equivalents comprise cash held by the Group and bank overdrafts. The carrying amount of these assets"", ""Unnamed: 3"": NaN}, {""Page: 171"": NaN, ""Unnamed: 1"": NaN, ""Unnamed: 2"": ""approximates their fair value. Included within cash and cash equivalents is $nil (2023: $0.1m) held in trust, which can only be"", ""Unnamed: 3"": NaN}, {""Page: 171"": NaN, ""Unnamed: 1"": ""used for Volex employees."", ""Unnamed: 2"": NaN, ""Unnamed: 3"": NaN}]
---
[{""Page: 138"": ""Table Index: 15"", ""Unnamed: 1"": NaN, ""Unnamed: 2"": NaN, ""Unnamed: 3"": NaN, ""Unnamed: 4"": NaN}, {""Page: 138"": ""Table Header: , , 2024, 2023"", ""Unnamed: 1"": NaN, ""Unnamed: 2"": NaN, ""Unnamed: 3"": NaN, ""Unnamed: 4"": NaN}, {""Page: 138"": ""Page Header: Consolidated Statement of Financial Position | As at 31 March 2024 (2 April 2023) | 2024 2023"", ""Unnamed: 1"": NaN, ""Unnamed: 2"": NaN, ""Unnamed: 3"": NaN, ""Unnamed: 4"": NaN}, {""Page: 138"": ""Notes Mentioned: None"", ""Unnamed: 1"": NaN, ""Unnamed: 2"": NaN, ""Unnamed: 3"": NaN, ""Unnamed: 4"": NaN}, {""Page: 138"": NaN, ""Unnamed: 1"": NaN, ""Unnamed: 2"": NaN, ""Unnamed: 3"": ""2024"", ""Unnamed: 4"": ""2023""}, {""Page: 138"": NaN, ""Unnamed: 1"": NaN, ""Unnamed: 2"": ""Notes"", ""Unnamed: 3"": ""$\u2019m"", ""Unnamed: 4"": ""$\u2019m""}, {""Page: 138"": NaN, ""Unnamed: 1"": ""Non-current assets"", ""Unnamed: 2"": NaN, ""Unnamed: 3"": NaN, ""Unnamed: 4"": NaN}, {""Page: 138"": NaN, ""Unnamed: 1"": ""Goodwill"", ""Unnamed: 2"": ""12"", ""Unnamed: 3"": ""121.4"", ""Unnamed: 4"": ""82.3""}, {""Page: 138"": NaN, ""Unnamed: 1"": ""Other intangible assets"", ""Unnamed: 2"": ""13"", ""Unnamed: 3"": ""131.7"", ""Unnamed: 4"": ""41.8""}, {""Page: 138"": NaN, ""Unnamed: 1"": ""Property, plant and equipment"", ""Unnamed: 2"": ""14"", ""Unnamed: 3"": ""91.8"", ""Unnamed: 4"": ""50.1""}, {""Page: 138"": NaN, ""Unnamed: 1"": ""Right-of-use assets"", ""Unnamed: 2"": ""15"", ""Unnamed: 3"": ""38.4"", ""Unnamed: 4"": ""34.5""}, {""Page: 138"": NaN, ""Unnamed: 1"": ""Interests in associates"", ""Unnamed: 2"": ""16"", ""Unnamed: 3"": ""8.1"", ""Unnamed: 4"": ""2.6""}, {""Page: 138"": NaN, ""Unnamed: 1"": ""Other receivables"", ""Unnamed: 2"": ""18"", ""Unnamed: 3"": ""2.0"", ""Unnamed: 4"": ""1.8""}, {""Page: 138"": NaN, ""Unnamed: 1"": ""Derivative financial instruments"", ""Unnamed: 2"": ""31"", ""Unnamed: 3"": ""1.5"", ""Unnamed: 4"": ""0.9""}, {""Page: 138"": NaN, ""Unnamed: 1"": ""Retirement benefit asset"", ""Unnamed: 2"": ""30"", ""Unnamed: 3"": ""0.4"", ""Unnamed: 4"": ""\u2013""}, {""Page: 138"": NaN, ""Unnamed: 1"": ""Deferred tax assets"", ""Unnamed: 2"": ""21"", ""Unnamed: 3"": ""25.9"", ""Unnamed: 4"": ""24.6""}, {""Page: 138"": NaN, ""Unnamed: 1"": NaN, ""Unnamed: 2"": NaN, ""Unnamed: 3"": ""421.2"", ""Unnamed: 4"": ""238.6""}, {""Page: 138"": NaN, ""Unnamed: 1"": ""Current assets"", ""Unnamed: 2"": NaN, ""Unnamed: 3"": NaN, ""Unnamed: 4"": NaN}, {""Page: 138"": NaN, ""Unnamed: 1"": ""Inventories"", ""Unnamed: 2"": ""17"", ""Unnamed: 3"": ""174.3"", ""Unnamed: 4"": ""120.5""}, {""Page: 138"": NaN, ""Unnamed: 1"": ""Trade receivables"", ""Unnamed: 2"": ""18"", ""Unnamed: 3"": ""187.6"", ""Unnamed: 4"": ""136.2""}, {""Page: 138"": NaN, ""Unnamed: 1"": ""Other receivables"", ""Unnamed: 2"": ""18"", ""Unnamed: 3"": ""23.4"", ""Unnamed: 4"": ""15.7""}, {""Page: 138"": NaN, ""Unnamed: 1"": ""Current tax assets"", ""Unnamed: 2"": NaN, ""Unnamed: 3"": ""1.8"", ""Unnamed: 4"": ""0.8""}, {""Page: 138"": NaN, ""Unnamed: 1"": ""Derivative financial instruments"", ""Unnamed: 2"": ""31"", ""Unnamed: 3"": ""1.0"", ""Unnamed: 4"": ""0.9""}, {""Page: 138"": NaN, ""Unnamed: 1"": ""Cash and bank balances"", ""Unnamed: 2"": ""28"", ""Unnamed: 3"": ""29.8"", ""Unnamed: 4"": ""22.5""}, {""Page: 138"": NaN, ""Unnamed: 1"": NaN, ""Unnamed: 2"": NaN, ""Unnamed: 3"": ""417.9"", ""Unnamed: 4"": ""296.6""}, {""Page: 138"": NaN, ""Unnamed: 1"": ""Total assets"", ""Unnamed: 2"": NaN, ""Unnamed: 3"": ""839.1"", ""Unnamed: 4"": ""535.2""}, {""Page: 138"": NaN, ""Unnamed: 1"": ""Current liabilities"", ""Unnamed: 2"": NaN, ""Unnamed: 3"": NaN, ""Unnamed: 4"": NaN}, {""Page: 138"": NaN, ""Unnamed: 1"": ""Borrowings"", ""Unnamed: 2"": ""19"", ""Unnamed: 3"": ""3.3"", ""Unnamed: 4"": ""1.8""}, {""Page: 138"": NaN, ""Unnamed: 1"": ""Lease liabilities"", ""Unnamed: 2"": ""19"", ""Unnamed: 3"": ""21.3"", ""Unnamed: 4"": ""15.6""}, {""Page: 138"": NaN, ""Unnamed: 1"": ""Trade payables"", ""Unnamed: 2"": ""20"", ""Unnamed: 3"": ""133.1"", ""Unnamed: 4"": ""84.4""}, {""Page: 138"": NaN, ""Unnamed: 1"": ""Other payables"", ""Unnamed: 2"": ""20"", ""Unnamed: 3"": ""101.4"", ""Unnamed: 4"": ""65.2""}, {""Page: 138"": NaN, ""Unnamed: 1"": ""Current tax liabilities"", ""Unnamed: 2"": NaN, ""Unnamed: 3"": ""18.3"", ""Unnamed: 4"": ""14.5""}, {""Page: 138"": NaN, ""Unnamed: 1"": ""Retirement benefit obligations"", ""Unnamed: 2"": ""30"", ""Unnamed: 3"": ""\u2013"", ""Unnamed: 4"": ""0.3""}, {""Page: 138"": NaN, ""Unnamed: 1"": ""Provisions"", ""Unnamed: 2"": ""22"", ""Unnamed: 3"": ""2.9"", ""Unnamed: 4"": ""0.9""}, {""Page: 138"": NaN, ""Unnamed: 1"": ""Derivative financial instruments"", ""Unnamed: 2"": ""31"", ""Unnamed: 3"": ""0.4"", ""Unnamed: 4"": ""\u2013""}, {""Page: 138"": NaN, ""Unnamed: 1"": NaN, ""Unnamed: 2"": NaN, ""Unnamed: 3"": ""280.7"", ""Unnamed: 4"": ""182.7""}, {""Page: 138"": NaN, ""Unnamed: 1"": ""Net current assets"", ""Unnamed: 2"": NaN, ""Unnamed: 3"": ""137.2"", ""Unnamed: 4"": ""113.9""}, {""Page: 138"": NaN, ""Unnamed: 1"": ""Non-current liabilities"", ""Unnamed: 2"": NaN, ""Unnamed: 3"": NaN, ""Unnamed: 4"": NaN}, {""Page: 138"": NaN, ""Unnamed: 1"": ""Borrowings"", ""Unnamed: 2"": ""19"", ""Unnamed: 3"": ""143.1"", ""Unnamed: 4"": ""89.6""}, {""Page: 138"": NaN, ""Unnamed: 1"": ""Lease liabilities"", ""Unnamed: 2"": ""19"", ""Unnamed: 3"": ""16.1"", ""Unnamed: 4"": ""19.2""}, {""Page: 138"": NaN, ""Unnamed: 1"": ""Other payables"", ""Unnamed: 2"": ""20"", ""Unnamed: 3"": ""26.9"", ""Unnamed: 4"": ""1.4""}, {""Page: 138"": NaN, ""Unnamed: 1"": ""Deferred tax liabilities"", ""Unnamed: 2"": ""21"", ""Unnamed: 3"": ""28.2"", ""Unnamed: 4"": ""6.9""}, {""Page: 138"": NaN, ""Unnamed: 1"": ""Retirement benefit obligations"", ""Unnamed: 2"": ""30"", ""Unnamed: 3"": ""7.5"", ""Unnamed: 4"": ""2.3""}, {""Page: 138"": NaN, ""Unnamed: 1"": ""Provisions"", ""Unnamed: 2"": ""22"", ""Unnamed: 3"": ""1.0"", ""Unnamed: 4"": ""0.4""}, {""Page: 138"": NaN, ""Unnamed: 1"": NaN, ""Unnamed: 2"": NaN, ""Unnamed: 3"": ""222.8"", ""Unnamed: 4"": ""119.8""}, {""Page: 138"": NaN, ""Unnamed: 1"": ""Total liabilities"", ""Unnamed: 2"": NaN, ""Unnamed: 3"": ""503.5"", ""Unnamed: 4"": ""302.5""}, {""Page: 138"": NaN, ""Unnamed: 1"": ""Net assets"", ""Unnamed: 2"": NaN, ""Unnamed: 3"": ""335.6"", ""Unnamed: 4"": ""232.7""}, {""Page: 138"": NaN, ""Unnamed: 1"": ""Equity"", ""Unnamed: 2"": NaN, ""Unnamed: 3"": NaN, ""Unnamed: 4"": NaN}, {""Page: 138"": NaN, ""Unnamed: 1"": ""Share capital"", ""Unnamed: 2"": ""23"", ""Unnamed: 3"": ""69.6"", ""Unnamed: 4"": ""62.7""}, {""Page: 138"": NaN, ""Unnamed: 1"": ""Share premium account"", ""Unnamed: 2"": ""23"", ""Unnamed: 3"": ""62.0"", ""Unnamed: 4"": ""60.7""}, {""Page: 138"": NaN, ""Unnamed: 1"": ""Non-distributable reserve"", ""Unnamed: 2"": ""24"", ""Unnamed: 3"": ""2.5"", ""Unnamed: 4"": ""2.5""}, {""Page: 138"": NaN, ""Unnamed: 1"": ""Hedging and translation reserve"", ""Unnamed: 2"": NaN, ""Unnamed: 3"": ""(13.9)"", ""Unnamed: 4"": ""(14.6)""}, {""Page: 138"": NaN, ""Unnamed: 1"": ""Own shares"", ""Unnamed: 2"": ""24"", ""Unnamed: 3"": ""(4.3)"", ""Unnamed: 4"": ""(1.0)""}, {""Page: 138"": NaN, ""Unnamed: 1"": ""Retained earnings"", ""Unnamed: 2"": NaN, ""Unnamed: 3"": ""211.3"", ""Unnamed: 4"": ""115.0""}, {""Page: 138"": NaN, ""Unnamed: 1"": ""Total attributable to owners of the parent"", ""Unnamed: 2"": NaN, ""Unnamed: 3"": ""327.2"", ""Unnamed: 4"": ""225.3""}, {""Page: 138"": NaN, ""Unnamed: 1"": ""Non-controlling interests"", ""Unnamed: 2"": ""25"", ""Unnamed: 3"": ""8.4"", ""Unnamed: 4"": ""7.4""}, {""Page: 138"": NaN, ""Unnamed: 1"": ""Total equity"", ""Unnamed: 2"": NaN, ""Unnamed: 3"": ""335.6"", ""Unnamed: 4"": ""232.7""}, {""Page: 138"": NaN, ""Unnamed: 1"": NaN, ""Unnamed: 2"": ""The notes on pages 139 to 181 are an integral part of these financial statements. The consolidated financial statements of"", ""Unnamed: 3"": NaN, ""Unnamed: 4"": NaN}]
---
[{""Page: 136"": ""Table Index: 13"", ""Unnamed: 1"": NaN, ""Unnamed: 2"": NaN, ""Unnamed: 3"": NaN, ""Unnamed: 4"": NaN, ""Unnamed: 5"": NaN, ""Unnamed: 6"": NaN, ""Unnamed: 7"": NaN, ""Unnamed: 8"": NaN}, {""Page: 136"": ""Table Header: , , , 2024, , , 2023, "", ""Unnamed: 1"": NaN, ""Unnamed: 2"": NaN, ""Unnamed: 3"": NaN, ""Unnamed: 4"": NaN, ""Unnamed: 5"": NaN, ""Unnamed: 6"": NaN, ""Unnamed: 7"": NaN, ""Unnamed: 8"": NaN}, {""Page: 136"": ""Page Header: Consolidated Income Statement | For the 52 weeks ended 31 March 2024 (52 weeks ended 2 April 2023) | 2024 2023"", ""Unnamed: 1"": NaN, ""Unnamed: 2"": NaN, ""Unnamed: 3"": NaN, ""Unnamed: 4"": NaN, ""Unnamed: 5"": NaN, ""Unnamed: 6"": NaN, ""Unnamed: 7"": NaN, ""Unnamed: 8"": NaN}, {""Page: 136"": ""Notes Mentioned: Note 4, Note 4"", ""Unnamed: 1"": NaN, ""Unnamed: 2"": NaN, ""Unnamed: 3"": NaN, ""Unnamed: 4"": NaN, ""Unnamed: 5"": NaN, ""Unnamed: 6"": NaN, ""Unnamed: 7"": NaN, ""Unnamed: 8"": NaN}, {""Page: 136"": NaN, ""Unnamed: 1"": NaN, ""Unnamed: 2"": NaN, ""Unnamed: 3"": NaN, ""Unnamed: 4"": ""2024"", ""Unnamed: 5"": NaN, ""Unnamed: 6"": NaN, ""Unnamed: 7"": ""2023"", ""Unnamed: 8"": NaN}, {""Page: 136"": NaN, ""Unnamed: 1"": NaN, ""Unnamed: 2"": NaN, ""Unnamed: 3"": ""Before"", ""Unnamed: 4"": ""Adjusting"", ""Unnamed: 5"": NaN, ""Unnamed: 6"": ""Before"", ""Unnamed: 7"": ""Adjusting"", ""Unnamed: 8"": NaN}, {""Page: 136"": NaN, ""Unnamed: 1"": NaN, ""Unnamed: 2"": NaN, ""Unnamed: 3"": ""adjusting"", ""Unnamed: 4"": ""items and"", ""Unnamed: 5"": NaN, ""Unnamed: 6"": ""adjusting"", ""Unnamed: 7"": ""items and"", ""Unnamed: 8"": NaN}, {""Page: 136"": NaN, ""Unnamed: 1"": NaN, ""Unnamed: 2"": NaN, ""Unnamed: 3"": ""items and"", ""Unnamed: 4"": ""share-based"", ""Unnamed: 5"": NaN, ""Unnamed: 6"": ""items and"", ""Unnamed: 7"": ""share-based"", ""Unnamed: 8"": NaN}, {""Page: 136"": NaN, ""Unnamed: 1"": NaN, ""Unnamed: 2"": NaN, ""Unnamed: 3"": ""share-based"", ""Unnamed: 4"": ""payments"", ""Unnamed: 5"": NaN, ""Unnamed: 6"": ""share-based"", ""Unnamed: 7"": ""payments"", ""Unnamed: 8"": NaN}, {""Page: 136"": NaN, ""Unnamed: 1"": NaN, ""Unnamed: 2"": NaN, ""Unnamed: 3"": ""payments"", ""Unnamed: 4"": ""(Note 4)"", ""Unnamed: 5"": ""Total"", ""Unnamed: 6"": ""payments"", ""Unnamed: 7"": ""(Note 4)"", ""Unnamed: 8"": ""Total""}, {""Page: 136"": NaN, ""Unnamed: 1"": NaN, ""Unnamed: 2"": ""Notes"", ""Unnamed: 3"": ""$\u2019m"", ""Unnamed: 4"": ""$\u2019m"", ""Unnamed: 5"": ""$\u2019m"", ""Unnamed: 6"": ""$\u2019m"", ""Unnamed: 7"": ""$\u2019m"", ""Unnamed: 8"": ""$\u2019m""}, {""Page: 136"": NaN, ""Unnamed: 1"": ""Revenue"", ""Unnamed: 2"": ""3"", ""Unnamed: 3"": ""912.8"", ""Unnamed: 4"": ""\u2013"", ""Unnamed: 5"": ""912.8"", ""Unnamed: 6"": ""722.8"", ""Unnamed: 7"": ""\u2013"", ""Unnamed: 8"": ""722.8""}, {""Page: 136"": NaN, ""Unnamed: 1"": ""Cost of sales"", ""Unnamed: 2"": NaN, ""Unnamed: 3"": ""(710.0)"", ""Unnamed: 4"": ""\u2013"", ""Unnamed: 5"": ""(710.0)"", ""Unnamed: 6"": ""(565.8)"", ""Unnamed: 7"": ""\u2013"", ""Unnamed: 8"": ""(565.8)""}, {""Page: 136"": NaN, ""Unnamed: 1"": ""Gross profit"", ""Unnamed: 2"": NaN, ""Unnamed: 3"": ""202.8"", ""Unnamed: 4"": ""\u2013"", ""Unnamed: 5"": ""202.8"", ""Unnamed: 6"": ""157.0"", ""Unnamed: 7"": ""\u2013"", ""Unnamed: 8"": ""157.0""}, {""Page: 136"": NaN, ""Unnamed: 1"": ""Operating expenses"", ""Unnamed: 2"": NaN, ""Unnamed: 3"": ""(113.1)"", ""Unnamed: 4"": ""(25.8)"", ""Unnamed: 5"": ""(138.9)"", ""Unnamed: 6"": ""(89.7)"", ""Unnamed: 7"": ""(13.5)"", ""Unnamed: 8"": ""(103.2)""}, {""Page: 136"": NaN, ""Unnamed: 1"": ""Operating profit"", ""Unnamed: 2"": ""7"", ""Unnamed: 3"": ""89.7"", ""Unnamed: 4"": ""(25.8)"", ""Unnamed: 5"": ""63.9"", ""Unnamed: 6"": ""67.3"", ""Unnamed: 7"": ""(13.5)"", ""Unnamed: 8"": ""53.8""}, {""Page: 136"": NaN, ""Unnamed: 1"": ""Share of net profit from"", ""Unnamed: 2"": NaN, ""Unnamed: 3"": NaN, ""Unnamed: 4"": NaN, ""Unnamed: 5"": NaN, ""Unnamed: 6"": NaN, ""Unnamed: 7"": NaN, ""Unnamed: 8"": NaN}, {""Page: 136"": NaN, ""Unnamed: 1"": ""associates"", ""Unnamed: 2"": ""16"", ""Unnamed: 3"": ""3.2"", ""Unnamed: 4"": ""\u2013"", ""Unnamed: 5"": ""3.2"", ""Unnamed: 6"": ""1.1"", ""Unnamed: 7"": ""\u2013"", ""Unnamed: 8"": ""1.1""}, {""Page: 136"": NaN, ""Unnamed: 1"": ""Finance income"", ""Unnamed: 2"": ""5"", ""Unnamed: 3"": ""1.3"", ""Unnamed: 4"": ""\u2013"", ""Unnamed: 5"": ""1.3"", ""Unnamed: 6"": ""0.4"", ""Unnamed: 7"": ""\u2013"", ""Unnamed: 8"": ""0.4""}, {""Page: 136"": NaN, ""Unnamed: 1"": ""Finance costs"", ""Unnamed: 2"": ""6"", ""Unnamed: 3"": ""(16.8)"", ""Unnamed: 4"": ""\u2013"", ""Unnamed: 5"": ""(16.8)"", ""Unnamed: 6"": ""(9.5)"", ""Unnamed: 7"": ""\u2013"", ""Unnamed: 8"": ""(9.5)""}, {""Page: 136"": NaN, ""Unnamed: 1"": ""Profit before taxation"", ""Unnamed: 2"": NaN, ""Unnamed: 3"": ""77.4"", ""Unnamed: 4"": ""(25.8)"", ""Unnamed: 5"": ""51.6"", ""Unnamed: 6"": ""59.3"", ""Unnamed: 7"": ""(13.5)"", ""Unnamed: 8"": ""45.8""}, {""Page: 136"": NaN, ""Unnamed: 1"": ""Taxation"", ""Unnamed: 2"": ""10"", ""Unnamed: 3"": ""(15.9)"", ""Unnamed: 4"": ""4.5"", ""Unnamed: 5"": ""(11.4)"", ""Unnamed: 6"": ""(10.7)"", ""Unnamed: 7"": ""2.3"", ""Unnamed: 8"": ""(8.4)""}, {""Page: 136"": NaN, ""Unnamed: 1"": ""Profit for the period"", ""Unnamed: 2"": NaN, ""Unnamed: 3"": ""61.5"", ""Unnamed: 4"": ""(21.3)"", ""Unnamed: 5"": ""40.2"", ""Unnamed: 6"": ""48.6"", ""Unnamed: 7"": ""(11.2)"", ""Unnamed: 8"": ""37.4""}, {""Page: 136"": NaN, ""Unnamed: 1"": ""Profit is attributable to:"", ""Unnamed: 2"": NaN, ""Unnamed: 3"": NaN, ""Unnamed: 4"": NaN, ""Unnamed: 5"": NaN, ""Unnamed: 6"": NaN, ""Unnamed: 7"": NaN, ""Unnamed: 8"": NaN}, {""Page: 136"": NaN, ""Unnamed: 1"": ""Owners of the parent"", ""Unnamed: 2"": NaN, ""Unnamed: 3"": ""60.5"", ""Unnamed: 4"": ""(21.2)"", ""Unnamed: 5"": ""39.3"", ""Unnamed: 6"": ""48.0"", ""Unnamed: 7"": ""(11.2)"", ""Unnamed: 8"": ""36.8""}, {""Page: 136"": NaN, ""Unnamed: 1"": ""Non-controlling interests"", ""Unnamed: 2"": NaN, ""Unnamed: 3"": ""1.0"", ""Unnamed: 4"": ""(0.1)"", ""Unnamed: 5"": ""0.9"", ""Unnamed: 6"": ""0.6"", ""Unnamed: 7"": ""\u2013"", ""Unnamed: 8"": ""0.6""}, {""Page: 136"": NaN, ""Unnamed: 1"": NaN, ""Unnamed: 2"": NaN, ""Unnamed: 3"": ""61.5"", ""Unnamed: 4"": ""(21.3)"", ""Unnamed: 5"": ""40.2"", ""Unnamed: 6"": ""48.6"", ""Unnamed: 7"": ""(11.2)"", ""Unnamed: 8"": ""37.4""}, {""Page: 136"": NaN, ""Unnamed: 1"": ""Earnings per share (cents)"", ""Unnamed: 2"": NaN, ""Unnamed: 3"": NaN, ""Unnamed: 4"": NaN, ""Unnamed: 5"": NaN, ""Unnamed: 6"": NaN, ""Unnamed: 7"": NaN, ""Unnamed: 8"": NaN}, {""Page: 136"": NaN, ""Unnamed: 1"": ""Basic"", ""Unnamed: 2"": ""11"", ""Unnamed: 3"": ""33.7"", ""Unnamed: 4"": NaN, ""Unnamed: 5"": ""21.8"", ""Unnamed: 6"": ""30.2"", ""Unnamed: 7"": NaN, ""Unnamed: 8"": ""23.2""}, {""Page: 136"": NaN, ""Unnamed: 1"": ""Diluted"", ""Unnamed: 2"": ""11"", ""Unnamed: 3"": ""33.0"", ""Unnamed: 4"": NaN, ""Unnamed: 5"": ""21.4"", ""Unnamed: 6"": ""28.8"", ""Unnamed: 7"": NaN, ""Unnamed: 8"": ""22.1""}]","[0.217, 0.2622, 0.2637]"
Income Statement Template,Total other operating income,What is Share of profit of associate companies under Cash flows from operating activities in CONSOLIDATED CASH FLOW STATEMENT for year 2023 and 2024?,"[{""Page: 171"": ""Table Index: 54"", ""Unnamed: 1"": NaN, ""Unnamed: 2"": NaN, ""Unnamed: 3"": NaN}, {""Page: 171"": ""Table Header: 28. Notes to the statement of cash flows, , "", ""Unnamed: 1"": NaN, ""Unnamed: 2"": NaN, ""Unnamed: 3"": NaN}, {""Page: 171"": ""Page Header: 28. Notes to the statement of cash flows | 2024 2023 | $\u2019m $\u2019m"", ""Unnamed: 1"": NaN, ""Unnamed: 2"": NaN, ""Unnamed: 3"": NaN}, {""Page: 171"": ""Notes Mentioned: None"", ""Unnamed: 1"": NaN, ""Unnamed: 2"": NaN, ""Unnamed: 3"": NaN}, {""Page: 171"": NaN, ""Unnamed: 1"": ""28. Notes to the statement of cash flows"", ""Unnamed: 2"": NaN, ""Unnamed: 3"": NaN}, {""Page: 171"": NaN, ""Unnamed: 1"": NaN, ""Unnamed: 2"": ""2024"", ""Unnamed: 3"": ""2023""}, {""Page: 171"": NaN, ""Unnamed: 1"": NaN, ""Unnamed: 2"": ""$\u2019m"", ""Unnamed: 3"": ""$\u2019m""}, {""Page: 171"": NaN, ""Unnamed: 1"": ""Profit for the period"", ""Unnamed: 2"": ""40.2"", ""Unnamed: 3"": ""37.4""}, {""Page: 171"": NaN, ""Unnamed: 1"": ""Adjustments for:"", ""Unnamed: 2"": NaN, ""Unnamed: 3"": NaN}, {""Page: 171"": NaN, ""Unnamed: 1"": ""Finance income (note 5)"", ""Unnamed: 2"": ""(1.3)"", ""Unnamed: 3"": ""(0.4)""}, {""Page: 171"": NaN, ""Unnamed: 1"": ""Finance costs (note 6)"", ""Unnamed: 2"": ""16.8"", ""Unnamed: 3"": ""9.5""}, {""Page: 171"": NaN, ""Unnamed: 1"": ""Income tax expense (note 10)"", ""Unnamed: 2"": ""11.4"", ""Unnamed: 3"": ""8.4""}, {""Page: 171"": NaN, ""Unnamed: 1"": ""Share of net profit from associates"", ""Unnamed: 2"": ""(3.2)"", ""Unnamed: 3"": ""(1.1)""}, {""Page: 171"": NaN, ""Unnamed: 1"": ""Depreciation of property, plant and equipment (note 14)"", ""Unnamed: 2"": ""12.3"", ""Unnamed: 3"": ""8.2""}, {""Page: 171"": NaN, ""Unnamed: 1"": ""Depreciation of right-of-use assets (note 15)"", ""Unnamed: 2"": ""7.4"", ""Unnamed: 3"": ""4.8""}, {""Page: 171"": NaN, ""Unnamed: 1"": ""Amortisation of intangible assets (note 13)"", ""Unnamed: 2"": ""15.6"", ""Unnamed: 3"": ""10.2""}, {""Page: 171"": NaN, ""Unnamed: 1"": ""Loss on disposal of property, plant and equipment"", ""Unnamed: 2"": ""\u2013"", ""Unnamed: 3"": ""0.1""}, {""Page: 171"": NaN, ""Unnamed: 1"": ""Share-based payment charge (note 29)"", ""Unnamed: 2"": ""6.3"", ""Unnamed: 3"": ""3.7""}, {""Page: 171"": NaN, ""Unnamed: 1"": ""Contingent consideration adjustments (note 4)"", ""Unnamed: 2"": ""(1.3)"", ""Unnamed: 3"": ""(1.3)""}, {""Page: 171"": NaN, ""Unnamed: 1"": ""Decrease in provisions"", ""Unnamed: 2"": ""(1.5)"", ""Unnamed: 3"": ""(1.1)""}, {""Page: 171"": NaN, ""Unnamed: 1"": ""Operating cash flow before movement in working capital"", ""Unnamed: 2"": ""102.7"", ""Unnamed: 3"": ""78.4""}, {""Page: 171"": NaN, ""Unnamed: 1"": ""Increase in inventories"", ""Unnamed: 2"": ""(5.6)"", ""Unnamed: 3"": ""(0.2)""}, {""Page: 171"": NaN, ""Unnamed: 1"": ""Increase in receivables"", ""Unnamed: 2"": ""(17.4)"", ""Unnamed: 3"": ""(15.4)""}, {""Page: 171"": NaN, ""Unnamed: 1"": ""Increase in payables"", ""Unnamed: 2"": ""24.9"", ""Unnamed: 3"": ""7.0""}, {""Page: 171"": NaN, ""Unnamed: 1"": ""Movement in working capital"", ""Unnamed: 2"": ""1.9"", ""Unnamed: 3"": ""(8.6)""}, {""Page: 171"": NaN, ""Unnamed: 1"": ""Cash generated from operations"", ""Unnamed: 2"": ""104.6"", ""Unnamed: 3"": ""69.8""}, {""Page: 171"": NaN, ""Unnamed: 1"": ""Cash generated from operations before adjusting operating items"", ""Unnamed: 2"": ""111.6"", ""Unnamed: 3"": ""72.0""}, {""Page: 171"": NaN, ""Unnamed: 1"": ""Cash used by adjusting operating items"", ""Unnamed: 2"": ""(7.0)"", ""Unnamed: 3"": ""(2.2)""}, {""Page: 171"": NaN, ""Unnamed: 1"": ""Taxation paid"", ""Unnamed: 2"": ""(14.9)"", ""Unnamed: 3"": ""(7.9)""}, {""Page: 171"": NaN, ""Unnamed: 1"": ""Interest paid"", ""Unnamed: 2"": ""(11.4)"", ""Unnamed: 3"": ""(6.2)""}, {""Page: 171"": NaN, ""Unnamed: 1"": ""Net cash generated from operating activities"", ""Unnamed: 2"": ""78.3"", ""Unnamed: 3"": ""55.7""}, {""Page: 171"": NaN, ""Unnamed: 1"": ""Cash and cash equivalents"", ""Unnamed: 2"": NaN, ""Unnamed: 3"": NaN}, {""Page: 171"": NaN, ""Unnamed: 1"": NaN, ""Unnamed: 2"": ""2024"", ""Unnamed: 3"": ""2023""}, {""Page: 171"": NaN, ""Unnamed: 1"": NaN, ""Unnamed: 2"": ""$\u2019m"", ""Unnamed: 3"": ""$\u2019m""}, {""Page: 171"": NaN, ""Unnamed: 1"": ""Cash and bank balances"", ""Unnamed: 2"": ""29.8"", ""Unnamed: 3"": ""22.5""}, {""Page: 171"": NaN, ""Unnamed: 1"": ""Bank overdrafts"", ""Unnamed: 2"": ""(1.0)"", ""Unnamed: 3"": ""(1.8)""}, {""Page: 171"": NaN, ""Unnamed: 1"": NaN, ""Unnamed: 2"": ""28.8"", ""Unnamed: 3"": ""20.7""}, {""Page: 171"": NaN, ""Unnamed: 1"": NaN, ""Unnamed: 2"": ""Cash and cash equivalents comprise cash held by the Group and bank overdrafts. The carrying amount of these assets"", ""Unnamed: 3"": NaN}, {""Page: 171"": NaN, ""Unnamed: 1"": NaN, ""Unnamed: 2"": ""approximates their fair value. Included within cash and cash equivalents is $nil (2023: $0.1m) held in trust, which can only be"", ""Unnamed: 3"": NaN}, {""Page: 171"": NaN, ""Unnamed: 1"": ""used for Volex employees."", ""Unnamed: 2"": NaN, ""Unnamed: 3"": NaN}]
---
[{""Page: 138"": ""Table Index: 15"", ""Unnamed: 1"": NaN, ""Unnamed: 2"": NaN, ""Unnamed: 3"": NaN, ""Unnamed: 4"": NaN}, {""Page: 138"": ""Table Header: , , 2024, 2023"", ""Unnamed: 1"": NaN, ""Unnamed: 2"": NaN, ""Unnamed: 3"": NaN, ""Unnamed: 4"": NaN}, {""Page: 138"": ""Page Header: Consolidated Statement of Financial Position | As at 31 March 2024 (2 April 2023) | 2024 2023"", ""Unnamed: 1"": NaN, ""Unnamed: 2"": NaN, ""Unnamed: 3"": NaN, ""Unnamed: 4"": NaN}, {""Page: 138"": ""Notes Mentioned: None"", ""Unnamed: 1"": NaN, ""Unnamed: 2"": NaN, ""Unnamed: 3"": NaN, ""Unnamed: 4"": NaN}, {""Page: 138"": NaN, ""Unnamed: 1"": NaN, ""Unnamed: 2"": NaN, ""Unnamed: 3"": ""2024"", ""Unnamed: 4"": ""2023""}, {""Page: 138"": NaN, ""Unnamed: 1"": NaN, ""Unnamed: 2"": ""Notes"", ""Unnamed: 3"": ""$\u2019m"", ""Unnamed: 4"": ""$\u2019m""}, {""Page: 138"": NaN, ""Unnamed: 1"": ""Non-current assets"", ""Unnamed: 2"": NaN, ""Unnamed: 3"": NaN, ""Unnamed: 4"": NaN}, {""Page: 138"": NaN, ""Unnamed: 1"": ""Goodwill"", ""Unnamed: 2"": ""12"", ""Unnamed: 3"": ""121.4"", ""Unnamed: 4"": ""82.3""}, {""Page: 138"": NaN, ""Unnamed: 1"": ""Other intangible assets"", ""Unnamed: 2"": ""13"", ""Unnamed: 3"": ""131.7"", ""Unnamed: 4"": ""41.8""}, {""Page: 138"": NaN, ""Unnamed: 1"": ""Property, plant and equipment"", ""Unnamed: 2"": ""14"", ""Unnamed: 3"": ""91.8"", ""Unnamed: 4"": ""50.1""}, {""Page: 138"": NaN, ""Unnamed: 1"": ""Right-of-use assets"", ""Unnamed: 2"": ""15"", ""Unnamed: 3"": ""38.4"", ""Unnamed: 4"": ""34.5""}, {""Page: 138"": NaN, ""Unnamed: 1"": ""Interests in associates"", ""Unnamed: 2"": ""16"", ""Unnamed: 3"": ""8.1"", ""Unnamed: 4"": ""2.6""}, {""Page: 138"": NaN, ""Unnamed: 1"": ""Other receivables"", ""Unnamed: 2"": ""18"", ""Unnamed: 3"": ""2.0"", ""Unnamed: 4"": ""1.8""}, {""Page: 138"": NaN, ""Unnamed: 1"": ""Derivative financial instruments"", ""Unnamed: 2"": ""31"", ""Unnamed: 3"": ""1.5"", ""Unnamed: 4"": ""0.9""}, {""Page: 138"": NaN, ""Unnamed: 1"": ""Retirement benefit asset"", ""Unnamed: 2"": ""30"", ""Unnamed: 3"": ""0.4"", ""Unnamed: 4"": ""\u2013""}, {""Page: 138"": NaN, ""Unnamed: 1"": ""Deferred tax assets"", ""Unnamed: 2"": ""21"", ""Unnamed: 3"": ""25.9"", ""Unnamed: 4"": ""24.6""}, {""Page: 138"": NaN, ""Unnamed: 1"": NaN, ""Unnamed: 2"": NaN, ""Unnamed: 3"": ""421.2"", ""Unnamed: 4"": ""238.6""}, {""Page: 138"": NaN, ""Unnamed: 1"": ""Current assets"", ""Unnamed: 2"": NaN, ""Unnamed: 3"": NaN, ""Unnamed: 4"": NaN}, {""Page: 138"": NaN, ""Unnamed: 1"": ""Inventories"", ""Unnamed: 2"": ""17"", ""Unnamed: 3"": ""174.3"", ""Unnamed: 4"": ""120.5""}, {""Page: 138"": NaN, ""Unnamed: 1"": ""Trade receivables"", ""Unnamed: 2"": ""18"", ""Unnamed: 3"": ""187.6"", ""Unnamed: 4"": ""136.2""}, {""Page: 138"": NaN, ""Unnamed: 1"": ""Other receivables"", ""Unnamed: 2"": ""18"", ""Unnamed: 3"": ""23.4"", ""Unnamed: 4"": ""15.7""}, {""Page: 138"": NaN, ""Unnamed: 1"": ""Current tax assets"", ""Unnamed: 2"": NaN, ""Unnamed: 3"": ""1.8"", ""Unnamed: 4"": ""0.8""}, {""Page: 138"": NaN, ""Unnamed: 1"": ""Derivative financial instruments"", ""Unnamed: 2"": ""31"", ""Unnamed: 3"": ""1.0"", ""Unnamed: 4"": ""0.9""}, {""Page: 138"": NaN, ""Unnamed: 1"": ""Cash and bank balances"", ""Unnamed: 2"": ""28"", ""Unnamed: 3"": ""29.8"", ""Unnamed: 4"": ""22.5""}, {""Page: 138"": NaN, ""Unnamed: 1"": NaN, ""Unnamed: 2"": NaN, ""Unnamed: 3"": ""417.9"", ""Unnamed: 4"": ""296.6""}, {""Page: 138"": NaN, ""Unnamed: 1"": ""Total assets"", ""Unnamed: 2"": NaN, ""Unnamed: 3"": ""839.1"", ""Unnamed: 4"": ""535.2""}, {""Page: 138"": NaN, ""Unnamed: 1"": ""Current liabilities"", ""Unnamed: 2"": NaN, ""Unnamed: 3"": NaN, ""Unnamed: 4"": NaN}, {""Page: 138"": NaN, ""Unnamed: 1"": ""Borrowings"", ""Unnamed: 2"": ""19"", ""Unnamed: 3"": ""3.3"", ""Unnamed: 4"": ""1.8""}, {""Page: 138"": NaN, ""Unnamed: 1"": ""Lease liabilities"", ""Unnamed: 2"": ""19"", ""Unnamed: 3"": ""21.3"", ""Unnamed: 4"": ""15.6""}, {""Page: 138"": NaN, ""Unnamed: 1"": ""Trade payables"", ""Unnamed: 2"": ""20"", ""Unnamed: 3"": ""133.1"", ""Unnamed: 4"": ""84.4""}, {""Page: 138"": NaN, ""Unnamed: 1"": ""Other payables"", ""Unnamed: 2"": ""20"", ""Unnamed: 3"": ""101.4"", ""Unnamed: 4"": ""65.2""}, {""Page: 138"": NaN, ""Unnamed: 1"": ""Current tax liabilities"", ""Unnamed: 2"": NaN, ""Unnamed: 3"": ""18.3"", ""Unnamed: 4"": ""14.5""}, {""Page: 138"": NaN, ""Unnamed: 1"": ""Retirement benefit obligations"", ""Unnamed: 2"": ""30"", ""Unnamed: 3"": ""\u2013"", ""Unnamed: 4"": ""0.3""}, {""Page: 138"": NaN, ""Unnamed: 1"": ""Provisions"", ""Unnamed: 2"": ""22"", ""Unnamed: 3"": ""2.9"", ""Unnamed: 4"": ""0.9""}, {""Page: 138"": NaN, ""Unnamed: 1"": ""Derivative financial instruments"", ""Unnamed: 2"": ""31"", ""Unnamed: 3"": ""0.4"", ""Unnamed: 4"": ""\u2013""}, {""Page: 138"": NaN, ""Unnamed: 1"": NaN, ""Unnamed: 2"": NaN, ""Unnamed: 3"": ""280.7"", ""Unnamed: 4"": ""182.7""}, {""Page: 138"": NaN, ""Unnamed: 1"": ""Net current assets"", ""Unnamed: 2"": NaN, ""Unnamed: 3"": ""137.2"", ""Unnamed: 4"": ""113.9""}, {""Page: 138"": NaN, ""Unnamed: 1"": ""Non-current liabilities"", ""Unnamed: 2"": NaN, ""Unnamed: 3"": NaN, ""Unnamed: 4"": NaN}, {""Page: 138"": NaN, ""Unnamed: 1"": ""Borrowings"", ""Unnamed: 2"": ""19"", ""Unnamed: 3"": ""143.1"", ""Unnamed: 4"": ""89.6""}, {""Page: 138"": NaN, ""Unnamed: 1"": ""Lease liabilities"", ""Unnamed: 2"": ""19"", ""Unnamed: 3"": ""16.1"", ""Unnamed: 4"": ""19.2""}, {""Page: 138"": NaN, ""Unnamed: 1"": ""Other payables"", ""Unnamed: 2"": ""20"", ""Unnamed: 3"": ""26.9"", ""Unnamed: 4"": ""1.4""}, {""Page: 138"": NaN, ""Unnamed: 1"": ""Deferred tax liabilities"", ""Unnamed: 2"": ""21"", ""Unnamed: 3"": ""28.2"", ""Unnamed: 4"": ""6.9""}, {""Page: 138"": NaN, ""Unnamed: 1"": ""Retirement benefit obligations"", ""Unnamed: 2"": ""30"", ""Unnamed: 3"": ""7.5"", ""Unnamed: 4"": ""2.3""}, {""Page: 138"": NaN, ""Unnamed: 1"": ""Provisions"", ""Unnamed: 2"": ""22"", ""Unnamed: 3"": ""1.0"", ""Unnamed: 4"": ""0.4""}, {""Page: 138"": NaN, ""Unnamed: 1"": NaN, ""Unnamed: 2"": NaN, ""Unnamed: 3"": ""222.8"", ""Unnamed: 4"": ""119.8""}, {""Page: 138"": NaN, ""Unnamed: 1"": ""Total liabilities"", ""Unnamed: 2"": NaN, ""Unnamed: 3"": ""503.5"", ""Unnamed: 4"": ""302.5""}, {""Page: 138"": NaN, ""Unnamed: 1"": ""Net assets"", ""Unnamed: 2"": NaN, ""Unnamed: 3"": ""335.6"", ""Unnamed: 4"": ""232.7""}, {""Page: 138"": NaN, ""Unnamed: 1"": ""Equity"", ""Unnamed: 2"": NaN, ""Unnamed: 3"": NaN, ""Unnamed: 4"": NaN}, {""Page: 138"": NaN, ""Unnamed: 1"": ""Share capital"", ""Unnamed: 2"": ""23"", ""Unnamed: 3"": ""69.6"", ""Unnamed: 4"": ""62.7""}, {""Page: 138"": NaN, ""Unnamed: 1"": ""Share premium account"", ""Unnamed: 2"": ""23"", ""Unnamed: 3"": ""62.0"", ""Unnamed: 4"": ""60.7""}, {""Page: 138"": NaN, ""Unnamed: 1"": ""Non-distributable reserve"", ""Unnamed: 2"": ""24"", ""Unnamed: 3"": ""2.5"", ""Unnamed: 4"": ""2.5""}, {""Page: 138"": NaN, ""Unnamed: 1"": ""Hedging and translation reserve"", ""Unnamed: 2"": NaN, ""Unnamed: 3"": ""(13.9)"", ""Unnamed: 4"": ""(14.6)""}, {""Page: 138"": NaN, ""Unnamed: 1"": ""Own shares"", ""Unnamed: 2"": ""24"", ""Unnamed: 3"": ""(4.3)"", ""Unnamed: 4"": ""(1.0)""}, {""Page: 138"": NaN, ""Unnamed: 1"": ""Retained earnings"", ""Unnamed: 2"": NaN, ""Unnamed: 3"": ""211.3"", ""Unnamed: 4"": ""115.0""}, {""Page: 138"": NaN, ""Unnamed: 1"": ""Total attributable to owners of the parent"", ""Unnamed: 2"": NaN, ""Unnamed: 3"": ""327.2"", ""Unnamed: 4"": ""225.3""}, {""Page: 138"": NaN, ""Unnamed: 1"": ""Non-controlling interests"", ""Unnamed: 2"": ""25"", ""Unnamed: 3"": ""8.4"", ""Unnamed: 4"": ""7.4""}, {""Page: 138"": NaN, ""Unnamed: 1"": ""Total equity"", ""Unnamed: 2"": NaN, ""Unnamed: 3"": ""335.6"", ""Unnamed: 4"": ""232.7""}, {""Page: 138"": NaN, ""Unnamed: 1"": NaN, ""Unnamed: 2"": ""The notes on pages 139 to 181 are an integral part of these financial statements. The consolidated financial statements of"", ""Unnamed: 3"": NaN, ""Unnamed: 4"": NaN}]
---
[{""Page: 136"": ""Table Index: 13"", ""Unnamed: 1"": NaN, ""Unnamed: 2"": NaN, ""Unnamed: 3"": NaN, ""Unnamed: 4"": NaN, ""Unnamed: 5"": NaN, ""Unnamed: 6"": NaN, ""Unnamed: 7"": NaN, ""Unnamed: 8"": NaN}, {""Page: 136"": ""Table Header: , , , 2024, , , 2023, "", ""Unnamed: 1"": NaN, ""Unnamed: 2"": NaN, ""Unnamed: 3"": NaN, ""Unnamed: 4"": NaN, ""Unnamed: 5"": NaN, ""Unnamed: 6"": NaN, ""Unnamed: 7"": NaN, ""Unnamed: 8"": NaN}, {""Page: 136"": ""Page Header: Consolidated Income Statement | For the 52 weeks ended 31 March 2024 (52 weeks ended 2 April 2023) | 2024 2023"", ""Unnamed: 1"": NaN, ""Unnamed: 2"": NaN, ""Unnamed: 3"": NaN, ""Unnamed: 4"": NaN, ""Unnamed: 5"": NaN, ""Unnamed: 6"": NaN, ""Unnamed: 7"": NaN, ""Unnamed: 8"": NaN}, {""Page: 136"": ""Notes Mentioned: Note 4, Note 4"", ""Unnamed: 1"": NaN, ""Unnamed: 2"": NaN, ""Unnamed: 3"": NaN, ""Unnamed: 4"": NaN, ""Unnamed: 5"": NaN, ""Unnamed: 6"": NaN, ""Unnamed: 7"": NaN, ""Unnamed: 8"": NaN}, {""Page: 136"": NaN, ""Unnamed: 1"": NaN, ""Unnamed: 2"": NaN, ""Unnamed: 3"": NaN, ""Unnamed: 4"": ""2024"", ""Unnamed: 5"": NaN, ""Unnamed: 6"": NaN, ""Unnamed: 7"": ""2023"", ""Unnamed: 8"": NaN}, {""Page: 136"": NaN, ""Unnamed: 1"": NaN, ""Unnamed: 2"": NaN, ""Unnamed: 3"": ""Before"", ""Unnamed: 4"": ""Adjusting"", ""Unnamed: 5"": NaN, ""Unnamed: 6"": ""Before"", ""Unnamed: 7"": ""Adjusting"", ""Unnamed: 8"": NaN}, {""Page: 136"": NaN, ""Unnamed: 1"": NaN, ""Unnamed: 2"": NaN, ""Unnamed: 3"": ""adjusting"", ""Unnamed: 4"": ""items and"", ""Unnamed: 5"": NaN, ""Unnamed: 6"": ""adjusting"", ""Unnamed: 7"": ""items and"", ""Unnamed: 8"": NaN}, {""Page: 136"": NaN, ""Unnamed: 1"": NaN, ""Unnamed: 2"": NaN, ""Unnamed: 3"": ""items and"", ""Unnamed: 4"": ""share-based"", ""Unnamed: 5"": NaN, ""Unnamed: 6"": ""items and"", ""Unnamed: 7"": ""share-based"", ""Unnamed: 8"": NaN}, {""Page: 136"": NaN, ""Unnamed: 1"": NaN, ""Unnamed: 2"": NaN, ""Unnamed: 3"": ""share-based"", ""Unnamed: 4"": ""payments"", ""Unnamed: 5"": NaN, ""Unnamed: 6"": ""share-based"", ""Unnamed: 7"": ""payments"", ""Unnamed: 8"": NaN}, {""Page: 136"": NaN, ""Unnamed: 1"": NaN, ""Unnamed: 2"": NaN, ""Unnamed: 3"": ""payments"", ""Unnamed: 4"": ""(Note 4)"", ""Unnamed: 5"": ""Total"", ""Unnamed: 6"": ""payments"", ""Unnamed: 7"": ""(Note 4)"", ""Unnamed: 8"": ""Total""}, {""Page: 136"": NaN, ""Unnamed: 1"": NaN, ""Unnamed: 2"": ""Notes"", ""Unnamed: 3"": ""$\u2019m"", ""Unnamed: 4"": ""$\u2019m"", ""Unnamed: 5"": ""$\u2019m"", ""Unnamed: 6"": ""$\u2019m"", ""Unnamed: 7"": ""$\u2019m"", ""Unnamed: 8"": ""$\u2019m""}, {""Page: 136"": NaN, ""Unnamed: 1"": ""Revenue"", ""Unnamed: 2"": ""3"", ""Unnamed: 3"": ""912.8"", ""Unnamed: 4"": ""\u2013"", ""Unnamed: 5"": ""912.8"", ""Unnamed: 6"": ""722.8"", ""Unnamed: 7"": ""\u2013"", ""Unnamed: 8"": ""722.8""}, {""Page: 136"": NaN, ""Unnamed: 1"": ""Cost of sales"", ""Unnamed: 2"": NaN, ""Unnamed: 3"": ""(710.0)"", ""Unnamed: 4"": ""\u2013"", ""Unnamed: 5"": ""(710.0)"", ""Unnamed: 6"": ""(565.8)"", ""Unnamed: 7"": ""\u2013"", ""Unnamed: 8"": ""(565.8)""}, {""Page: 136"": NaN, ""Unnamed: 1"": ""Gross profit"", ""Unnamed: 2"": NaN, ""Unnamed: 3"": ""202.8"", ""Unnamed: 4"": ""\u2013"", ""Unnamed: 5"": ""202.8"", ""Unnamed: 6"": ""157.0"", ""Unnamed: 7"": ""\u2013"", ""Unnamed: 8"": ""157.0""}, {""Page: 136"": NaN, ""Unnamed: 1"": ""Operating expenses"", ""Unnamed: 2"": NaN, ""Unnamed: 3"": ""(113.1)"", ""Unnamed: 4"": ""(25.8)"", ""Unnamed: 5"": ""(138.9)"", ""Unnamed: 6"": ""(89.7)"", ""Unnamed: 7"": ""(13.5)"", ""Unnamed: 8"": ""(103.2)""}, {""Page: 136"": NaN, ""Unnamed: 1"": ""Operating profit"", ""Unnamed: 2"": ""7"", ""Unnamed: 3"": ""89.7"", ""Unnamed: 4"": ""(25.8)"", ""Unnamed: 5"": ""63.9"", ""Unnamed: 6"": ""67.3"", ""Unnamed: 7"": ""(13.5)"", ""Unnamed: 8"": ""53.8""}, {""Page: 136"": NaN, ""Unnamed: 1"": ""Share of net profit from"", ""Unnamed: 2"": NaN, ""Unnamed: 3"": NaN, ""Unnamed: 4"": NaN, ""Unnamed: 5"": NaN, ""Unnamed: 6"": NaN, ""Unnamed: 7"": NaN, ""Unnamed: 8"": NaN}, {""Page: 136"": NaN, ""Unnamed: 1"": ""associates"", ""Unnamed: 2"": ""16"", ""Unnamed: 3"": ""3.2"", ""Unnamed: 4"": ""\u2013"", ""Unnamed: 5"": ""3.2"", ""Unnamed: 6"": ""1.1"", ""Unnamed: 7"": ""\u2013"", ""Unnamed: 8"": ""1.1""}, {""Page: 136"": NaN, ""Unnamed: 1"": ""Finance income"", ""Unnamed: 2"": ""5"", ""Unnamed: 3"": ""1.3"", ""Unnamed: 4"": ""\u2013"", ""Unnamed: 5"": ""1.3"", ""Unnamed: 6"": ""0.4"", ""Unnamed: 7"": ""\u2013"", ""Unnamed: 8"": ""0.4""}, {""Page: 136"": NaN, ""Unnamed: 1"": ""Finance costs"", ""Unnamed: 2"": ""6"", ""Unnamed: 3"": ""(16.8)"", ""Unnamed: 4"": ""\u2013"", ""Unnamed: 5"": ""(16.8)"", ""Unnamed: 6"": ""(9.5)"", ""Unnamed: 7"": ""\u2013"", ""Unnamed: 8"": ""(9.5)""}, {""Page: 136"": NaN, ""Unnamed: 1"": ""Profit before taxation"", ""Unnamed: 2"": NaN, ""Unnamed: 3"": ""77.4"", ""Unnamed: 4"": ""(25.8)"", ""Unnamed: 5"": ""51.6"", ""Unnamed: 6"": ""59.3"", ""Unnamed: 7"": ""(13.5)"", ""Unnamed: 8"": ""45.8""}, {""Page: 136"": NaN, ""Unnamed: 1"": ""Taxation"", ""Unnamed: 2"": ""10"", ""Unnamed: 3"": ""(15.9)"", ""Unnamed: 4"": ""4.5"", ""Unnamed: 5"": ""(11.4)"", ""Unnamed: 6"": ""(10.7)"", ""Unnamed: 7"": ""2.3"", ""Unnamed: 8"": ""(8.4)""}, {""Page: 136"": NaN, ""Unnamed: 1"": ""Profit for the period"", ""Unnamed: 2"": NaN, ""Unnamed: 3"": ""61.5"", ""Unnamed: 4"": ""(21.3)"", ""Unnamed: 5"": ""40.2"", ""Unnamed: 6"": ""48.6"", ""Unnamed: 7"": ""(11.2)"", ""Unnamed: 8"": ""37.4""}, {""Page: 136"": NaN, ""Unnamed: 1"": ""Profit is attributable to:"", ""Unnamed: 2"": NaN, ""Unnamed: 3"": NaN, ""Unnamed: 4"": NaN, ""Unnamed: 5"": NaN, ""Unnamed: 6"": NaN, ""Unnamed: 7"": NaN, ""Unnamed: 8"": NaN}, {""Page: 136"": NaN, ""Unnamed: 1"": ""Owners of the parent"", ""Unnamed: 2"": NaN, ""Unnamed: 3"": ""60.5"", ""Unnamed: 4"": ""(21.2)"", ""Unnamed: 5"": ""39.3"", ""Unnamed: 6"": ""48.0"", ""Unnamed: 7"": ""(11.2)"", ""Unnamed: 8"": ""36.8""}, {""Page: 136"": NaN, ""Unnamed: 1"": ""Non-controlling interests"", ""Unnamed: 2"": NaN, ""Unnamed: 3"": ""1.0"", ""Unnamed: 4"": ""(0.1)"", ""Unnamed: 5"": ""0.9"", ""Unnamed: 6"": ""0.6"", ""Unnamed: 7"": ""\u2013"", ""Unnamed: 8"": ""0.6""}, {""Page: 136"": NaN, ""Unnamed: 1"": NaN, ""Unnamed: 2"": NaN, ""Unnamed: 3"": ""61.5"", ""Unnamed: 4"": ""(21.3)"", ""Unnamed: 5"": ""40.2"", ""Unnamed: 6"": ""48.6"", ""Unnamed: 7"": ""(11.2)"", ""Unnamed: 8"": ""37.4""}, {""Page: 136"": NaN, ""Unnamed: 1"": ""Earnings per share (cents)"", ""Unnamed: 2"": NaN, ""Unnamed: 3"": NaN, ""Unnamed: 4"": NaN, ""Unnamed: 5"": NaN, ""Unnamed: 6"": NaN, ""Unnamed: 7"": NaN, ""Unnamed: 8"": NaN}, {""Page: 136"": NaN, ""Unnamed: 1"": ""Basic"", ""Unnamed: 2"": ""11"", ""Unnamed: 3"": ""33.7"", ""Unnamed: 4"": NaN, ""Unnamed: 5"": ""21.8"", ""Unnamed: 6"": ""30.2"", ""Unnamed: 7"": NaN, ""Unnamed: 8"": ""23.2""}, {""Page: 136"": NaN, ""Unnamed: 1"": ""Diluted"", ""Unnamed: 2"": ""11"", ""Unnamed: 3"": ""33.0"", ""Unnamed: 4"": NaN, ""Unnamed: 5"": ""21.4"", ""Unnamed: 6"": ""28.8"", ""Unnamed: 7"": NaN, ""Unnamed: 8"": ""22.1""}]","[0.2271, 0.2648, 0.273]"
Cash Flow Template,Total other operating income,What is Impairment of other intangible assets under Cash flows from operating activities in Consolidated Cash flow statement for year 2023 and 2024?,"[{""Page: 171"": ""Table Index: 54"", ""Unnamed: 1"": NaN, ""Unnamed: 2"": NaN, ""Unnamed: 3"": NaN}, {""Page: 171"": ""Table Header: 28. Notes to the statement of cash flows, , "", ""Unnamed: 1"": NaN, ""Unnamed: 2"": NaN, ""Unnamed: 3"": NaN}, {""Page: 171"": ""Page Header: 28. Notes to the statement of cash flows | 2024 2023 | $\u2019m $\u2019m"", ""Unnamed: 1"": NaN, ""Unnamed: 2"": NaN, ""Unnamed: 3"": NaN}, {""Page: 171"": ""Notes Mentioned: None"", ""Unnamed: 1"": NaN, ""Unnamed: 2"": NaN, ""Unnamed: 3"": NaN}, {""Page: 171"": NaN, ""Unnamed: 1"": ""28. Notes to the statement of cash flows"", ""Unnamed: 2"": NaN, ""Unnamed: 3"": NaN}, {""Page: 171"": NaN, ""Unnamed: 1"": NaN, ""Unnamed: 2"": ""2024"", ""Unnamed: 3"": ""2023""}, {""Page: 171"": NaN, ""Unnamed: 1"": NaN, ""Unnamed: 2"": ""$\u2019m"", ""Unnamed: 3"": ""$\u2019m""}, {""Page: 171"": NaN, ""Unnamed: 1"": ""Profit for the period"", ""Unnamed: 2"": ""40.2"", ""Unnamed: 3"": ""37.4""}, {""Page: 171"": NaN, ""Unnamed: 1"": ""Adjustments for:"", ""Unnamed: 2"": NaN, ""Unnamed: 3"": NaN}, {""Page: 171"": NaN, ""Unnamed: 1"": ""Finance income (note 5)"", ""Unnamed: 2"": ""(1.3)"", ""Unnamed: 3"": ""(0.4)""}, {""Page: 171"": NaN, ""Unnamed: 1"": ""Finance costs (note 6)"", ""Unnamed: 2"": ""16.8"", ""Unnamed: 3"": ""9.5""}, {""Page: 171"": NaN, ""Unnamed: 1"": ""Income tax expense (note 10)"", ""Unnamed: 2"": ""11.4"", ""Unnamed: 3"": ""8.4""}, {""Page: 171"": NaN, ""Unnamed: 1"": ""Share of net profit from associates"", ""Unnamed: 2"": ""(3.2)"", ""Unnamed: 3"": ""(1.1)""}, {""Page: 171"": NaN, ""Unnamed: 1"": ""Depreciation of property, plant and equipment (note 14)"", ""Unnamed: 2"": ""12.3"", ""Unnamed: 3"": ""8.2""}, {""Page: 171"": NaN, ""Unnamed: 1"": ""Depreciation of right-of-use assets (note 15)"", ""Unnamed: 2"": ""7.4"", ""Unnamed: 3"": ""4.8""}, {""Page: 171"": NaN, ""Unnamed: 1"": ""Amortisation of intangible assets (note 13)"", ""Unnamed: 2"": ""15.6"", ""Unnamed: 3"": ""10.2""}, {""Page: 171"": NaN, ""Unnamed: 1"": ""Loss on disposal of property, plant and equipment"", ""Unnamed: 2"": ""\u2013"", ""Unnamed: 3"": ""0.1""}, {""Page: 171"": NaN, ""Unnamed: 1"": ""Share-based payment charge (note 29)"", ""Unnamed: 2"": ""6.3"", ""Unnamed: 3"": ""3.7""}, {""Page: 171"": NaN, ""Unnamed: 1"": ""Contingent consideration adjustments (note 4)"", ""Unnamed: 2"": ""(1.3)"", ""Unnamed: 3"": ""(1.3)""}, {""Page: 171"": NaN, ""Unnamed: 1"": ""Decrease in provisions"", ""Unnamed: 2"": ""(1.5)"", ""Unnamed: 3"": ""(1.1)""}, {""Page: 171"": NaN, ""Unnamed: 1"": ""Operating cash flow before movement in working capital"", ""Unnamed: 2"": ""102.7"", ""Unnamed: 3"": ""78.4""}, {""Page: 171"": NaN, ""Unnamed: 1"": ""Increase in inventories"", ""Unnamed: 2"": ""(5.6)"", ""Unnamed: 3"": ""(0.2)""}, {""Page: 171"": NaN, ""Unnamed: 1"": ""Increase in receivables"", ""Unnamed: 2"": ""(17.4)"", ""Unnamed: 3"": ""(15.4)""}, {""Page: 171"": NaN, ""Unnamed: 1"": ""Increase in payables"", ""Unnamed: 2"": ""24.9"", ""Unnamed: 3"": ""7.0""}, {""Page: 171"": NaN, ""Unnamed: 1"": ""Movement in working capital"", ""Unnamed: 2"": ""1.9"", ""Unnamed: 3"": ""(8.6)""}, {""Page: 171"": NaN, ""Unnamed: 1"": ""Cash generated from operations"", ""Unnamed: 2"": ""104.6"", ""Unnamed: 3"": ""69.8""}, {""Page: 171"": NaN, ""Unnamed: 1"": ""Cash generated from operations before adjusting operating items"", ""Unnamed: 2"": ""111.6"", ""Unnamed: 3"": ""72.0""}, {""Page: 171"": NaN, ""Unnamed: 1"": ""Cash used by adjusting operating items"", ""Unnamed: 2"": ""(7.0)"", ""Unnamed: 3"": ""(2.2)""}, {""Page: 171"": NaN, ""Unnamed: 1"": ""Taxation paid"", ""Unnamed: 2"": ""(14.9)"", ""Unnamed: 3"": ""(7.9)""}, {""Page: 171"": NaN, ""Unnamed: 1"": ""Interest paid"", ""Unnamed: 2"": ""(11.4)"", ""Unnamed: 3"": ""(6.2)""}, {""Page: 171"": NaN, ""Unnamed: 1"": ""Net cash generated from operating activities"", ""Unnamed: 2"": ""78.3"", ""Unnamed: 3"": ""55.7""}, {""Page: 171"": NaN, ""Unnamed: 1"": ""Cash and cash equivalents"", ""Unnamed: 2"": NaN, ""Unnamed: 3"": NaN}, {""Page: 171"": NaN, ""Unnamed: 1"": NaN, ""Unnamed: 2"": ""2024"", ""Unnamed: 3"": ""2023""}, {""Page: 171"": NaN, ""Unnamed: 1"": NaN, ""Unnamed: 2"": ""$\u2019m"", ""Unnamed: 3"": ""$\u2019m""}, {""Page: 171"": NaN, ""Unnamed: 1"": ""Cash and bank balances"", ""Unnamed: 2"": ""29.8"", ""Unnamed: 3"": ""22.5""}, {""Page: 171"": NaN, ""Unnamed: 1"": ""Bank overdrafts"", ""Unnamed: 2"": ""(1.0)"", ""Unnamed: 3"": ""(1.8)""}, {""Page: 171"": NaN, ""Unnamed: 1"": NaN, ""Unnamed: 2"": ""28.8"", ""Unnamed: 3"": ""20.7""}, {""Page: 171"": NaN, ""Unnamed: 1"": NaN, ""Unnamed: 2"": ""Cash and cash equivalents comprise cash held by the Group and bank overdrafts. The carrying amount of these assets"", ""Unnamed: 3"": NaN}, {""Page: 171"": NaN, ""Unnamed: 1"": NaN, ""Unnamed: 2"": ""approximates their fair value. Included within cash and cash equivalents is $nil (2023: $0.1m) held in trust, which can only be"", ""Unnamed: 3"": NaN}, {""Page: 171"": NaN, ""Unnamed: 1"": ""used for Volex employees."", ""Unnamed: 2"": NaN, ""Unnamed: 3"": NaN}]
---
[{""Page: 138"": ""Table Index: 15"", ""Unnamed: 1"": NaN, ""Unnamed: 2"": NaN, ""Unnamed: 3"": NaN, ""Unnamed: 4"": NaN}, {""Page: 138"": ""Table Header: , , 2024, 2023"", ""Unnamed: 1"": NaN, ""Unnamed: 2"": NaN, ""Unnamed: 3"": NaN, ""Unnamed: 4"": NaN}, {""Page: 138"": ""Page Header: Consolidated Statement of Financial Position | As at 31 March 2024 (2 April 2023) | 2024 2023"", ""Unnamed: 1"": NaN, ""Unnamed: 2"": NaN, ""Unnamed: 3"": NaN, ""Unnamed: 4"": NaN}, {""Page: 138"": ""Notes Mentioned: None"", ""Unnamed: 1"": NaN, ""Unnamed: 2"": NaN, ""Unnamed: 3"": NaN, ""Unnamed: 4"": NaN}, {""Page: 138"": NaN, ""Unnamed: 1"": NaN, ""Unnamed: 2"": NaN, ""Unnamed: 3"": ""2024"", ""Unnamed: 4"": ""2023""}, {""Page: 138"": NaN, ""Unnamed: 1"": NaN, ""Unnamed: 2"": ""Notes"", ""Unnamed: 3"": ""$\u2019m"", ""Unnamed: 4"": ""$\u2019m""}, {""Page: 138"": NaN, ""Unnamed: 1"": ""Non-current assets"", ""Unnamed: 2"": NaN, ""Unnamed: 3"": NaN, ""Unnamed: 4"": NaN}, {""Page: 138"": NaN, ""Unnamed: 1"": ""Goodwill"", ""Unnamed: 2"": ""12"", ""Unnamed: 3"": ""121.4"", ""Unnamed: 4"": ""82.3""}, {""Page: 138"": NaN, ""Unnamed: 1"": ""Other intangible assets"", ""Unnamed: 2"": ""13"", ""Unnamed: 3"": ""131.7"", ""Unnamed: 4"": ""41.8""}, {""Page: 138"": NaN, ""Unnamed: 1"": ""Property, plant and equipment"", ""Unnamed: 2"": ""14"", ""Unnamed: 3"": ""91.8"", ""Unnamed: 4"": ""50.1""}, {""Page: 138"": NaN, ""Unnamed: 1"": ""Right-of-use assets"", ""Unnamed: 2"": ""15"", ""Unnamed: 3"": ""38.4"", ""Unnamed: 4"": ""34.5""}, {""Page: 138"": NaN, ""Unnamed: 1"": ""Interests in associates"", ""Unnamed: 2"": ""16"", ""Unnamed: 3"": ""8.1"", ""Unnamed: 4"": ""2.6""}, {""Page: 138"": NaN, ""Unnamed: 1"": ""Other receivables"", ""Unnamed: 2"": ""18"", ""Unnamed: 3"": ""2.0"", ""Unnamed: 4"": ""1.8""}, {""Page: 138"": NaN, ""Unnamed: 1"": ""Derivative financial instruments"", ""Unnamed: 2"": ""31"", ""Unnamed: 3"": ""1.5"", ""Unnamed: 4"": ""0.9""}, {""Page: 138"": NaN, ""Unnamed: 1"": ""Retirement benefit asset"", ""Unnamed: 2"": ""30"", ""Unnamed: 3"": ""0.4"", ""Unnamed: 4"": ""\u2013""}, {""Page: 138"": NaN, ""Unnamed: 1"": ""Deferred tax assets"", ""Unnamed: 2"": ""21"", ""Unnamed: 3"": ""25.9"", ""Unnamed: 4"": ""24.6""}, {""Page: 138"": NaN, ""Unnamed: 1"": NaN, ""Unnamed: 2"": NaN, ""Unnamed: 3"": ""421.2"", ""Unnamed: 4"": ""238.6""}, {""Page: 138"": NaN, ""Unnamed: 1"": ""Current assets"", ""Unnamed: 2"": NaN, ""Unnamed: 3"": NaN, ""Unnamed: 4"": NaN}, {""Page: 138"": NaN, ""Unnamed: 1"": ""Inventories"", ""Unnamed: 2"": ""17"", ""Unnamed: 3"": ""174.3"", ""Unnamed: 4"": ""120.5""}, {""Page: 138"": NaN, ""Unnamed: 1"": ""Trade receivables"", ""Unnamed: 2"": ""18"", ""Unnamed: 3"": ""187.6"", ""Unnamed: 4"": ""136.2""}, {""Page: 138"": NaN, ""Unnamed: 1"": ""Other receivables"", ""Unnamed: 2"": ""18"", ""Unnamed: 3"": ""23.4"", ""Unnamed: 4"": ""15.7""}, {""Page: 138"": NaN, ""Unnamed: 1"": ""Current tax assets"", ""Unnamed: 2"": NaN, ""Unnamed: 3"": ""1.8"", ""Unnamed: 4"": ""0.8""}, {""Page: 138"": NaN, ""Unnamed: 1"": ""Derivative financial instruments"", ""Unnamed: 2"": ""31"", ""Unnamed: 3"": ""1.0"", ""Unnamed: 4"": ""0.9""}, {""Page: 138"": NaN, ""Unnamed: 1"": ""Cash and bank balances"", ""Unnamed: 2"": ""28"", ""Unnamed: 3"": ""29.8"", ""Unnamed: 4"": ""22.5""}, {""Page: 138"": NaN, ""Unnamed: 1"": NaN, ""Unnamed: 2"": NaN, ""Unnamed: 3"": ""417.9"", ""Unnamed: 4"": ""296.6""}, {""Page: 138"": NaN, ""Unnamed: 1"": ""Total assets"", ""Unnamed: 2"": NaN, ""Unnamed: 3"": ""839.1"", ""Unnamed: 4"": ""535.2""}, {""Page: 138"": NaN, ""Unnamed: 1"": ""Current liabilities"", ""Unnamed: 2"": NaN, ""Unnamed: 3"": NaN, ""Unnamed: 4"": NaN}, {""Page: 138"": NaN, ""Unnamed: 1"": ""Borrowings"", ""Unnamed: 2"": ""19"", ""Unnamed: 3"": ""3.3"", ""Unnamed: 4"": ""1.8""}, {""Page: 138"": NaN, ""Unnamed: 1"": ""Lease liabilities"", ""Unnamed: 2"": ""19"", ""Unnamed: 3"": ""21.3"", ""Unnamed: 4"": ""15.6""}, {""Page: 138"": NaN, ""Unnamed: 1"": ""Trade payables"", ""Unnamed: 2"": ""20"", ""Unnamed: 3"": ""133.1"", ""Unnamed: 4"": ""84.4""}, {""Page: 138"": NaN, ""Unnamed: 1"": ""Other payables"", ""Unnamed: 2"": ""20"", ""Unnamed: 3"": ""101.4"", ""Unnamed: 4"": ""65.2""}, {""Page: 138"": NaN, ""Unnamed: 1"": ""Current tax liabilities"", ""Unnamed: 2"": NaN, ""Unnamed: 3"": ""18.3"", ""Unnamed: 4"": ""14.5""}, {""Page: 138"": NaN, ""Unnamed: 1"": ""Retirement benefit obligations"", ""Unnamed: 2"": ""30"", ""Unnamed: 3"": ""\u2013"", ""Unnamed: 4"": ""0.3""}, {""Page: 138"": NaN, ""Unnamed: 1"": ""Provisions"", ""Unnamed: 2"": ""22"", ""Unnamed: 3"": ""2.9"", ""Unnamed: 4"": ""0.9""}, {""Page: 138"": NaN, ""Unnamed: 1"": ""Derivative financial instruments"", ""Unnamed: 2"": ""31"", ""Unnamed: 3"": ""0.4"", ""Unnamed: 4"": ""\u2013""}, {""Page: 138"": NaN, ""Unnamed: 1"": NaN, ""Unnamed: 2"": NaN, ""Unnamed: 3"": ""280.7"", ""Unnamed: 4"": ""182.7""}, {""Page: 138"": NaN, ""Unnamed: 1"": ""Net current assets"", ""Unnamed: 2"": NaN, ""Unnamed: 3"": ""137.2"", ""Unnamed: 4"": ""113.9""}, {""Page: 138"": NaN, ""Unnamed: 1"": ""Non-current liabilities"", ""Unnamed: 2"": NaN, ""Unnamed: 3"": NaN, ""Unnamed: 4"": NaN}, {""Page: 138"": NaN, ""Unnamed: 1"": ""Borrowings"", ""Unnamed: 2"": ""19"", ""Unnamed: 3"": ""143.1"", ""Unnamed: 4"": ""89.6""}, {""Page: 138"": NaN, ""Unnamed: 1"": ""Lease liabilities"", ""Unnamed: 2"": ""19"", ""Unnamed: 3"": ""16.1"", ""Unnamed: 4"": ""19.2""}, {""Page: 138"": NaN, ""Unnamed: 1"": ""Other payables"", ""Unnamed: 2"": ""20"", ""Unnamed: 3"": ""26.9"", ""Unnamed: 4"": ""1.4""}, {""Page: 138"": NaN, ""Unnamed: 1"": ""Deferred tax liabilities"", ""Unnamed: 2"": ""21"", ""Unnamed: 3"": ""28.2"", ""Unnamed: 4"": ""6.9""}, {""Page: 138"": NaN, ""Unnamed: 1"": ""Retirement benefit obligations"", ""Unnamed: 2"": ""30"", ""Unnamed: 3"": ""7.5"", ""Unnamed: 4"": ""2.3""}, {""Page: 138"": NaN, ""Unnamed: 1"": ""Provisions"", ""Unnamed: 2"": ""22"", ""Unnamed: 3"": ""1.0"", ""Unnamed: 4"": ""0.4""}, {""Page: 138"": NaN, ""Unnamed: 1"": NaN, ""Unnamed: 2"": NaN, ""Unnamed: 3"": ""222.8"", ""Unnamed: 4"": ""119.8""}, {""Page: 138"": NaN, ""Unnamed: 1"": ""Total liabilities"", ""Unnamed: 2"": NaN, ""Unnamed: 3"": ""503.5"", ""Unnamed: 4"": ""302.5""}, {""Page: 138"": NaN, ""Unnamed: 1"": ""Net assets"", ""Unnamed: 2"": NaN, ""Unnamed: 3"": ""335.6"", ""Unnamed: 4"": ""232.7""}, {""Page: 138"": NaN, ""Unnamed: 1"": ""Equity"", ""Unnamed: 2"": NaN, ""Unnamed: 3"": NaN, ""Unnamed: 4"": NaN}, {""Page: 138"": NaN, ""Unnamed: 1"": ""Share capital"", ""Unnamed: 2"": ""23"", ""Unnamed: 3"": ""69.6"", ""Unnamed: 4"": ""62.7""}, {""Page: 138"": NaN, ""Unnamed: 1"": ""Share premium account"", ""Unnamed: 2"": ""23"", ""Unnamed: 3"": ""62.0"", ""Unnamed: 4"": ""60.7""}, {""Page: 138"": NaN, ""Unnamed: 1"": ""Non-distributable reserve"", ""Unnamed: 2"": ""24"", ""Unnamed: 3"": ""2.5"", ""Unnamed: 4"": ""2.5""}, {""Page: 138"": NaN, ""Unnamed: 1"": ""Hedging and translation reserve"", ""Unnamed: 2"": NaN, ""Unnamed: 3"": ""(13.9)"", ""Unnamed: 4"": ""(14.6)""}, {""Page: 138"": NaN, ""Unnamed: 1"": ""Own shares"", ""Unnamed: 2"": ""24"", ""Unnamed: 3"": ""(4.3)"", ""Unnamed: 4"": ""(1.0)""}, {""Page: 138"": NaN, ""Unnamed: 1"": ""Retained earnings"", ""Unnamed: 2"": NaN, ""Unnamed: 3"": ""211.3"", ""Unnamed: 4"": ""115.0""}, {""Page: 138"": NaN, ""Unnamed: 1"": ""Total attributable to owners of the parent"", ""Unnamed: 2"": NaN, ""Unnamed: 3"": ""327.2"", ""Unnamed: 4"": ""225.3""}, {""Page: 138"": NaN, ""Unnamed: 1"": ""Non-controlling interests"", ""Unnamed: 2"": ""25"", ""Unnamed: 3"": ""8.4"", ""Unnamed: 4"": ""7.4""}, {""Page: 138"": NaN, ""Unnamed: 1"": ""Total equity"", ""Unnamed: 2"": NaN, ""Unnamed: 3"": ""335.6"", ""Unnamed: 4"": ""232.7""}, {""Page: 138"": NaN, ""Unnamed: 1"": NaN, ""Unnamed: 2"": ""The notes on pages 139 to 181 are an integral part of these financial statements. The consolidated financial statements of"", ""Unnamed: 3"": NaN, ""Unnamed: 4"": NaN}]
---
[{""Page: 136"": ""Table Index: 13"", ""Unnamed: 1"": NaN, ""Unnamed: 2"": NaN, ""Unnamed: 3"": NaN, ""Unnamed: 4"": NaN, ""Unnamed: 5"": NaN, ""Unnamed: 6"": NaN, ""Unnamed: 7"": NaN, ""Unnamed: 8"": NaN}, {""Page: 136"": ""Table Header: , , , 2024, , , 2023, "", ""Unnamed: 1"": NaN, ""Unnamed: 2"": NaN, ""Unnamed: 3"": NaN, ""Unnamed: 4"": NaN, ""Unnamed: 5"": NaN, ""Unnamed: 6"": NaN, ""Unnamed: 7"": NaN, ""Unnamed: 8"": NaN}, {""Page: 136"": ""Page Header: Consolidated Income Statement | For the 52 weeks ended 31 March 2024 (52 weeks ended 2 April 2023) | 2024 2023"", ""Unnamed: 1"": NaN, ""Unnamed: 2"": NaN, ""Unnamed: 3"": NaN, ""Unnamed: 4"": NaN, ""Unnamed: 5"": NaN, ""Unnamed: 6"": NaN, ""Unnamed: 7"": NaN, ""Unnamed: 8"": NaN}, {""Page: 136"": ""Notes Mentioned: Note 4, Note 4"", ""Unnamed: 1"": NaN, ""Unnamed: 2"": NaN, ""Unnamed: 3"": NaN, ""Unnamed: 4"": NaN, ""Unnamed: 5"": NaN, ""Unnamed: 6"": NaN, ""Unnamed: 7"": NaN, ""Unnamed: 8"": NaN}, {""Page: 136"": NaN, ""Unnamed: 1"": NaN, ""Unnamed: 2"": NaN, ""Unnamed: 3"": NaN, ""Unnamed: 4"": ""2024"", ""Unnamed: 5"": NaN, ""Unnamed: 6"": NaN, ""Unnamed: 7"": ""2023"", ""Unnamed: 8"": NaN}, {""Page: 136"": NaN, ""Unnamed: 1"": NaN, ""Unnamed: 2"": NaN, ""Unnamed: 3"": ""Before"", ""Unnamed: 4"": ""Adjusting"", ""Unnamed: 5"": NaN, ""Unnamed: 6"": ""Before"", ""Unnamed: 7"": ""Adjusting"", ""Unnamed: 8"": NaN}, {""Page: 136"": NaN, ""Unnamed: 1"": NaN, ""Unnamed: 2"": NaN, ""Unnamed: 3"": ""adjusting"", ""Unnamed: 4"": ""items and"", ""Unnamed: 5"": NaN, ""Unnamed: 6"": ""adjusting"", ""Unnamed: 7"": ""items and"", ""Unnamed: 8"": NaN}, {""Page: 136"": NaN, ""Unnamed: 1"": NaN, ""Unnamed: 2"": NaN, ""Unnamed: 3"": ""items and"", ""Unnamed: 4"": ""share-based"", ""Unnamed: 5"": NaN, ""Unnamed: 6"": ""items and"", ""Unnamed: 7"": ""share-based"", ""Unnamed: 8"": NaN}, {""Page: 136"": NaN, ""Unnamed: 1"": NaN, ""Unnamed: 2"": NaN, ""Unnamed: 3"": ""share-based"", ""Unnamed: 4"": ""payments"", ""Unnamed: 5"": NaN, ""Unnamed: 6"": ""share-based"", ""Unnamed: 7"": ""payments"", ""Unnamed: 8"": NaN}, {""Page: 136"": NaN, ""Unnamed: 1"": NaN, ""Unnamed: 2"": NaN, ""Unnamed: 3"": ""payments"", ""Unnamed: 4"": ""(Note 4)"", ""Unnamed: 5"": ""Total"", ""Unnamed: 6"": ""payments"", ""Unnamed: 7"": ""(Note 4)"", ""Unnamed: 8"": ""Total""}, {""Page: 136"": NaN, ""Unnamed: 1"": NaN, ""Unnamed: 2"": ""Notes"", ""Unnamed: 3"": ""$\u2019m"", ""Unnamed: 4"": ""$\u2019m"", ""Unnamed: 5"": ""$\u2019m"", ""Unnamed: 6"": ""$\u2019m"", ""Unnamed: 7"": ""$\u2019m"", ""Unnamed: 8"": ""$\u2019m""}, {""Page: 136"": NaN, ""Unnamed: 1"": ""Revenue"", ""Unnamed: 2"": ""3"", ""Unnamed: 3"": ""912.8"", ""Unnamed: 4"": ""\u2013"", ""Unnamed: 5"": ""912.8"", ""Unnamed: 6"": ""722.8"", ""Unnamed: 7"": ""\u2013"", ""Unnamed: 8"": ""722.8""}, {""Page: 136"": NaN, ""Unnamed: 1"": ""Cost of sales"", ""Unnamed: 2"": NaN, ""Unnamed: 3"": ""(710.0)"", ""Unnamed: 4"": ""\u2013"", ""Unnamed: 5"": ""(710.0)"", ""Unnamed: 6"": ""(565.8)"", ""Unnamed: 7"": ""\u2013"", ""Unnamed: 8"": ""(565.8)""}, {""Page: 136"": NaN, ""Unnamed: 1"": ""Gross profit"", ""Unnamed: 2"": NaN, ""Unnamed: 3"": ""202.8"", ""Unnamed: 4"": ""\u2013"", ""Unnamed: 5"": ""202.8"", ""Unnamed: 6"": ""157.0"", ""Unnamed: 7"": ""\u2013"", ""Unnamed: 8"": ""157.0""}, {""Page: 136"": NaN, ""Unnamed: 1"": ""Operating expenses"", ""Unnamed: 2"": NaN, ""Unnamed: 3"": ""(113.1)"", ""Unnamed: 4"": ""(25.8)"", ""Unnamed: 5"": ""(138.9)"", ""Unnamed: 6"": ""(89.7)"", ""Unnamed: 7"": ""(13.5)"", ""Unnamed: 8"": ""(103.2)""}, {""Page: 136"": NaN, ""Unnamed: 1"": ""Operating profit"", ""Unnamed: 2"": ""7"", ""Unnamed: 3"": ""89.7"", ""Unnamed: 4"": ""(25.8)"", ""Unnamed: 5"": ""63.9"", ""Unnamed: 6"": ""67.3"", ""Unnamed: 7"": ""(13.5)"", ""Unnamed: 8"": ""53.8""}, {""Page: 136"": NaN, ""Unnamed: 1"": ""Share of net profit from"", ""Unnamed: 2"": NaN, ""Unnamed: 3"": NaN, ""Unnamed: 4"": NaN, ""Unnamed: 5"": NaN, ""Unnamed: 6"": NaN, ""Unnamed: 7"": NaN, ""Unnamed: 8"": NaN}, {""Page: 136"": NaN, ""Unnamed: 1"": ""associates"", ""Unnamed: 2"": ""16"", ""Unnamed: 3"": ""3.2"", ""Unnamed: 4"": ""\u2013"", ""Unnamed: 5"": ""3.2"", ""Unnamed: 6"": ""1.1"", ""Unnamed: 7"": ""\u2013"", ""Unnamed: 8"": ""1.1""}, {""Page: 136"": NaN, ""Unnamed: 1"": ""Finance income"", ""Unnamed: 2"": ""5"", ""Unnamed: 3"": ""1.3"", ""Unnamed: 4"": ""\u2013"", ""Unnamed: 5"": ""1.3"", ""Unnamed: 6"": ""0.4"", ""Unnamed: 7"": ""\u2013"", ""Unnamed: 8"": ""0.4""}, {""Page: 136"": NaN, ""Unnamed: 1"": ""Finance costs"", ""Unnamed: 2"": ""6"", ""Unnamed: 3"": ""(16.8)"", ""Unnamed: 4"": ""\u2013"", ""Unnamed: 5"": ""(16.8)"", ""Unnamed: 6"": ""(9.5)"", ""Unnamed: 7"": ""\u2013"", ""Unnamed: 8"": ""(9.5)""}, {""Page: 136"": NaN, ""Unnamed: 1"": ""Profit before taxation"", ""Unnamed: 2"": NaN, ""Unnamed: 3"": ""77.4"", ""Unnamed: 4"": ""(25.8)"", ""Unnamed: 5"": ""51.6"", ""Unnamed: 6"": ""59.3"", ""Unnamed: 7"": ""(13.5)"", ""Unnamed: 8"": ""45.8""}, {""Page: 136"": NaN, ""Unnamed: 1"": ""Taxation"", ""Unnamed: 2"": ""10"", ""Unnamed: 3"": ""(15.9)"", ""Unnamed: 4"": ""4.5"", ""Unnamed: 5"": ""(11.4)"", ""Unnamed: 6"": ""(10.7)"", ""Unnamed: 7"": ""2.3"", ""Unnamed: 8"": ""(8.4)""}, {""Page: 136"": NaN, ""Unnamed: 1"": ""Profit for the period"", ""Unnamed: 2"": NaN, ""Unnamed: 3"": ""61.5"", ""Unnamed: 4"": ""(21.3)"", ""Unnamed: 5"": ""40.2"", ""Unnamed: 6"": ""48.6"", ""Unnamed: 7"": ""(11.2)"", ""Unnamed: 8"": ""37.4""}, {""Page: 136"": NaN, ""Unnamed: 1"": ""Profit is attributable to:"", ""Unnamed: 2"": NaN, ""Unnamed: 3"": NaN, ""Unnamed: 4"": NaN, ""Unnamed: 5"": NaN, ""Unnamed: 6"": NaN, ""Unnamed: 7"": NaN, ""Unnamed: 8"": NaN}, {""Page: 136"": NaN, ""Unnamed: 1"": ""Owners of the parent"", ""Unnamed: 2"": NaN, ""Unnamed: 3"": ""60.5"", ""Unnamed: 4"": ""(21.2)"", ""Unnamed: 5"": ""39.3"", ""Unnamed: 6"": ""48.0"", ""Unnamed: 7"": ""(11.2)"", ""Unnamed: 8"": ""36.8""}, {""Page: 136"": NaN, ""Unnamed: 1"": ""Non-controlling interests"", ""Unnamed: 2"": NaN, ""Unnamed: 3"": ""1.0"", ""Unnamed: 4"": ""(0.1)"", ""Unnamed: 5"": ""0.9"", ""Unnamed: 6"": ""0.6"", ""Unnamed: 7"": ""\u2013"", ""Unnamed: 8"": ""0.6""}, {""Page: 136"": NaN, ""Unnamed: 1"": NaN, ""Unnamed: 2"": NaN, ""Unnamed: 3"": ""61.5"", ""Unnamed: 4"": ""(21.3)"", ""Unnamed: 5"": ""40.2"", ""Unnamed: 6"": ""48.6"", ""Unnamed: 7"": ""(11.2)"", ""Unnamed: 8"": ""37.4""}, {""Page: 136"": NaN, ""Unnamed: 1"": ""Earnings per share (cents)"", ""Unnamed: 2"": NaN, ""Unnamed: 3"": NaN, ""Unnamed: 4"": NaN, ""Unnamed: 5"": NaN, ""Unnamed: 6"": NaN, ""Unnamed: 7"": NaN, ""Unnamed: 8"": NaN}, {""Page: 136"": NaN, ""Unnamed: 1"": ""Basic"", ""Unnamed: 2"": ""11"", ""Unnamed: 3"": ""33.7"", ""Unnamed: 4"": NaN, ""Unnamed: 5"": ""21.8"", ""Unnamed: 6"": ""30.2"", ""Unnamed: 7"": NaN, ""Unnamed: 8"": ""23.2""}, {""Page: 136"": NaN, ""Unnamed: 1"": ""Diluted"", ""Unnamed: 2"": ""11"", ""Unnamed: 3"": ""33.0"", ""Unnamed: 4"": NaN, ""Unnamed: 5"": ""21.4"", ""Unnamed: 6"": ""28.8"", ""Unnamed: 7"": NaN, ""Unnamed: 8"": ""22.1""}]","[0.2446, 0.2857, 0.3136]"
Cash Flow Template,Total other operating income,What is Movement in derivative financial instruments under Cash flows from operating activities in Group Statement of Cash Flows for year 2023 and 2024?,"[{""Page: 171"": ""Table Index: 54"", ""Unnamed: 1"": NaN, ""Unnamed: 2"": NaN, ""Unnamed: 3"": NaN}, {""Page: 171"": ""Table Header: 28. Notes to the statement of cash flows, , "", ""Unnamed: 1"": NaN, ""Unnamed: 2"": NaN, ""Unnamed: 3"": NaN}, {""Page: 171"": ""Page Header: 28. Notes to the statement of cash flows | 2024 2023 | $\u2019m $\u2019m"", ""Unnamed: 1"": NaN, ""Unnamed: 2"": NaN, ""Unnamed: 3"": NaN}, {""Page: 171"": ""Notes Mentioned: None"", ""Unnamed: 1"": NaN, ""Unnamed: 2"": NaN, ""Unnamed: 3"": NaN}, {""Page: 171"": NaN, ""Unnamed: 1"": ""28. Notes to the statement of cash flows"", ""Unnamed: 2"": NaN, ""Unnamed: 3"": NaN}, {""Page: 171"": NaN, ""Unnamed: 1"": NaN, ""Unnamed: 2"": ""2024"", ""Unnamed: 3"": ""2023""}, {""Page: 171"": NaN, ""Unnamed: 1"": NaN, ""Unnamed: 2"": ""$\u2019m"", ""Unnamed: 3"": ""$\u2019m""}, {""Page: 171"": NaN, ""Unnamed: 1"": ""Profit for the period"", ""Unnamed: 2"": ""40.2"", ""Unnamed: 3"": ""37.4""}, {""Page: 171"": NaN, ""Unnamed: 1"": ""Adjustments for:"", ""Unnamed: 2"": NaN, ""Unnamed: 3"": NaN}, {""Page: 171"": NaN, ""Unnamed: 1"": ""Finance income (note 5)"", ""Unnamed: 2"": ""(1.3)"", ""Unnamed: 3"": ""(0.4)""}, {""Page: 171"": NaN, ""Unnamed: 1"": ""Finance costs (note 6)"", ""Unnamed: 2"": ""16.8"", ""Unnamed: 3"": ""9.5""}, {""Page: 171"": NaN, ""Unnamed: 1"": ""Income tax expense (note 10)"", ""Unnamed: 2"": ""11.4"", ""Unnamed: 3"": ""8.4""}, {""Page: 171"": NaN, ""Unnamed: 1"": ""Share of net profit from associates"", ""Unnamed: 2"": ""(3.2)"", ""Unnamed: 3"": ""(1.1)""}, {""Page: 171"": NaN, ""Unnamed: 1"": ""Depreciation of property, plant and equipment (note 14)"", ""Unnamed: 2"": ""12.3"", ""Unnamed: 3"": ""8.2""}, {""Page: 171"": NaN, ""Unnamed: 1"": ""Depreciation of right-of-use assets (note 15)"", ""Unnamed: 2"": ""7.4"", ""Unnamed: 3"": ""4.8""}, {""Page: 171"": NaN, ""Unnamed: 1"": ""Amortisation of intangible assets (note 13)"", ""Unnamed: 2"": ""15.6"", ""Unnamed: 3"": ""10.2""}, {""Page: 171"": NaN, ""Unnamed: 1"": ""Loss on disposal of property, plant and equipment"", ""Unnamed: 2"": ""\u2013"", ""Unnamed: 3"": ""0.1""}, {""Page: 171"": NaN, ""Unnamed: 1"": ""Share-based payment charge (note 29)"", ""Unnamed: 2"": ""6.3"", ""Unnamed: 3"": ""3.7""}, {""Page: 171"": NaN, ""Unnamed: 1"": ""Contingent consideration adjustments (note 4)"", ""Unnamed: 2"": ""(1.3)"", ""Unnamed: 3"": ""(1.3)""}, {""Page: 171"": NaN, ""Unnamed: 1"": ""Decrease in provisions"", ""Unnamed: 2"": ""(1.5)"", ""Unnamed: 3"": ""(1.1)""}, {""Page: 171"": NaN, ""Unnamed: 1"": ""Operating cash flow before movement in working capital"", ""Unnamed: 2"": ""102.7"", ""Unnamed: 3"": ""78.4""}, {""Page: 171"": NaN, ""Unnamed: 1"": ""Increase in inventories"", ""Unnamed: 2"": ""(5.6)"", ""Unnamed: 3"": ""(0.2)""}, {""Page: 171"": NaN, ""Unnamed: 1"": ""Increase in receivables"", ""Unnamed: 2"": ""(17.4)"", ""Unnamed: 3"": ""(15.4)""}, {""Page: 171"": NaN, ""Unnamed: 1"": ""Increase in payables"", ""Unnamed: 2"": ""24.9"", ""Unnamed: 3"": ""7.0""}, {""Page: 171"": NaN, ""Unnamed: 1"": ""Movement in working capital"", ""Unnamed: 2"": ""1.9"", ""Unnamed: 3"": ""(8.6)""}, {""Page: 171"": NaN, ""Unnamed: 1"": ""Cash generated from operations"", ""Unnamed: 2"": ""104.6"", ""Unnamed: 3"": ""69.8""}, {""Page: 171"": NaN, ""Unnamed: 1"": ""Cash generated from operations before adjusting operating items"", ""Unnamed: 2"": ""111.6"", ""Unnamed: 3"": ""72.0""}, {""Page: 171"": NaN, ""Unnamed: 1"": ""Cash used by adjusting operating items"", ""Unnamed: 2"": ""(7.0)"", ""Unnamed: 3"": ""(2.2)""}, {""Page: 171"": NaN, ""Unnamed: 1"": ""Taxation paid"", ""Unnamed: 2"": ""(14.9)"", ""Unnamed: 3"": ""(7.9)""}, {""Page: 171"": NaN, ""Unnamed: 1"": ""Interest paid"", ""Unnamed: 2"": ""(11.4)"", ""Unnamed: 3"": ""(6.2)""}, {""Page: 171"": NaN, ""Unnamed: 1"": ""Net cash generated from operating activities"", ""Unnamed: 2"": ""78.3"", ""Unnamed: 3"": ""55.7""}, {""Page: 171"": NaN, ""Unnamed: 1"": ""Cash and cash equivalents"", ""Unnamed: 2"": NaN, ""Unnamed: 3"": NaN}, {""Page: 171"": NaN, ""Unnamed: 1"": NaN, ""Unnamed: 2"": ""2024"", ""Unnamed: 3"": ""2023""}, {""Page: 171"": NaN, ""Unnamed: 1"": NaN, ""Unnamed: 2"": ""$\u2019m"", ""Unnamed: 3"": ""$\u2019m""}, {""Page: 171"": NaN, ""Unnamed: 1"": ""Cash and bank balances"", ""Unnamed: 2"": ""29.8"", ""Unnamed: 3"": ""22.5""}, {""Page: 171"": NaN, ""Unnamed: 1"": ""Bank overdrafts"", ""Unnamed: 2"": ""(1.0)"", ""Unnamed: 3"": ""(1.8)""}, {""Page: 171"": NaN, ""Unnamed: 1"": NaN, ""Unnamed: 2"": ""28.8"", ""Unnamed: 3"": ""20.7""}, {""Page: 171"": NaN, ""Unnamed: 1"": NaN, ""Unnamed: 2"": ""Cash and cash equivalents comprise cash held by the Group and bank overdrafts. The carrying amount of these assets"", ""Unnamed: 3"": NaN}, {""Page: 171"": NaN, ""Unnamed: 1"": NaN, ""Unnamed: 2"": ""approximates their fair value. Included within cash and cash equivalents is $nil (2023: $0.1m) held in trust, which can only be"", ""Unnamed: 3"": NaN}, {""Page: 171"": NaN, ""Unnamed: 1"": ""used for Volex employees."", ""Unnamed: 2"": NaN, ""Unnamed: 3"": NaN}]
---
[{""Page: 138"": ""Table Index: 15"", ""Unnamed: 1"": NaN, ""Unnamed: 2"": NaN, ""Unnamed: 3"": NaN, ""Unnamed: 4"": NaN}, {""Page: 138"": ""Table Header: , , 2024, 2023"", ""Unnamed: 1"": NaN, ""Unnamed: 2"": NaN, ""Unnamed: 3"": NaN, ""Unnamed: 4"": NaN}, {""Page: 138"": ""Page Header: Consolidated Statement of Financial Position | As at 31 March 2024 (2 April 2023) | 2024 2023"", ""Unnamed: 1"": NaN, ""Unnamed: 2"": NaN, ""Unnamed: 3"": NaN, ""Unnamed: 4"": NaN}, {""Page: 138"": ""Notes Mentioned: None"", ""Unnamed: 1"": NaN, ""Unnamed: 2"": NaN, ""Unnamed: 3"": NaN, ""Unnamed: 4"": NaN}, {""Page: 138"": NaN, ""Unnamed: 1"": NaN, ""Unnamed: 2"": NaN, ""Unnamed: 3"": ""2024"", ""Unnamed: 4"": ""2023""}, {""Page: 138"": NaN, ""Unnamed: 1"": NaN, ""Unnamed: 2"": ""Notes"", ""Unnamed: 3"": ""$\u2019m"", ""Unnamed: 4"": ""$\u2019m""}, {""Page: 138"": NaN, ""Unnamed: 1"": ""Non-current assets"", ""Unnamed: 2"": NaN, ""Unnamed: 3"": NaN, ""Unnamed: 4"": NaN}, {""Page: 138"": NaN, ""Unnamed: 1"": ""Goodwill"", ""Unnamed: 2"": ""12"", ""Unnamed: 3"": ""121.4"", ""Unnamed: 4"": ""82.3""}, {""Page: 138"": NaN, ""Unnamed: 1"": ""Other intangible assets"", ""Unnamed: 2"": ""13"", ""Unnamed: 3"": ""131.7"", ""Unnamed: 4"": ""41.8""}, {""Page: 138"": NaN, ""Unnamed: 1"": ""Property, plant and equipment"", ""Unnamed: 2"": ""14"", ""Unnamed: 3"": ""91.8"", ""Unnamed: 4"": ""50.1""}, {""Page: 138"": NaN, ""Unnamed: 1"": ""Right-of-use assets"", ""Unnamed: 2"": ""15"", ""Unnamed: 3"": ""38.4"", ""Unnamed: 4"": ""34.5""}, {""Page: 138"": NaN, ""Unnamed: 1"": ""Interests in associates"", ""Unnamed: 2"": ""16"", ""Unnamed: 3"": ""8.1"", ""Unnamed: 4"": ""2.6""}, {""Page: 138"": NaN, ""Unnamed: 1"": ""Other receivables"", ""Unnamed: 2"": ""18"", ""Unnamed: 3"": ""2.0"", ""Unnamed: 4"": ""1.8""}, {""Page: 138"": NaN, ""Unnamed: 1"": ""Derivative financial instruments"", ""Unnamed: 2"": ""31"", ""Unnamed: 3"": ""1.5"", ""Unnamed: 4"": ""0.9""}, {""Page: 138"": NaN, ""Unnamed: 1"": ""Retirement benefit asset"", ""Unnamed: 2"": ""30"", ""Unnamed: 3"": ""0.4"", ""Unnamed: 4"": ""\u2013""}, {""Page: 138"": NaN, ""Unnamed: 1"": ""Deferred tax assets"", ""Unnamed: 2"": ""21"", ""Unnamed: 3"": ""25.9"", ""Unnamed: 4"": ""24.6""}, {""Page: 138"": NaN, ""Unnamed: 1"": NaN, ""Unnamed: 2"": NaN, ""Unnamed: 3"": ""421.2"", ""Unnamed: 4"": ""238.6""}, {""Page: 138"": NaN, ""Unnamed: 1"": ""Current assets"", ""Unnamed: 2"": NaN, ""Unnamed: 3"": NaN, ""Unnamed: 4"": NaN}, {""Page: 138"": NaN, ""Unnamed: 1"": ""Inventories"", ""Unnamed: 2"": ""17"", ""Unnamed: 3"": ""174.3"", ""Unnamed: 4"": ""120.5""}, {""Page: 138"": NaN, ""Unnamed: 1"": ""Trade receivables"", ""Unnamed: 2"": ""18"", ""Unnamed: 3"": ""187.6"", ""Unnamed: 4"": ""136.2""}, {""Page: 138"": NaN, ""Unnamed: 1"": ""Other receivables"", ""Unnamed: 2"": ""18"", ""Unnamed: 3"": ""23.4"", ""Unnamed: 4"": ""15.7""}, {""Page: 138"": NaN, ""Unnamed: 1"": ""Current tax assets"", ""Unnamed: 2"": NaN, ""Unnamed: 3"": ""1.8"", ""Unnamed: 4"": ""0.8""}, {""Page: 138"": NaN, ""Unnamed: 1"": ""Derivative financial instruments"", ""Unnamed: 2"": ""31"", ""Unnamed: 3"": ""1.0"", ""Unnamed: 4"": ""0.9""}, {""Page: 138"": NaN, ""Unnamed: 1"": ""Cash and bank balances"", ""Unnamed: 2"": ""28"", ""Unnamed: 3"": ""29.8"", ""Unnamed: 4"": ""22.5""}, {""Page: 138"": NaN, ""Unnamed: 1"": NaN, ""Unnamed: 2"": NaN, ""Unnamed: 3"": ""417.9"", ""Unnamed: 4"": ""296.6""}, {""Page: 138"": NaN, ""Unnamed: 1"": ""Total assets"", ""Unnamed: 2"": NaN, ""Unnamed: 3"": ""839.1"", ""Unnamed: 4"": ""535.2""}, {""Page: 138"": NaN, ""Unnamed: 1"": ""Current liabilities"", ""Unnamed: 2"": NaN, ""Unnamed: 3"": NaN, ""Unnamed: 4"": NaN}, {""Page: 138"": NaN, ""Unnamed: 1"": ""Borrowings"", ""Unnamed: 2"": ""19"", ""Unnamed: 3"": ""3.3"", ""Unnamed: 4"": ""1.8""}, {""Page: 138"": NaN, ""Unnamed: 1"": ""Lease liabilities"", ""Unnamed: 2"": ""19"", ""Unnamed: 3"": ""21.3"", ""Unnamed: 4"": ""15.6""}, {""Page: 138"": NaN, ""Unnamed: 1"": ""Trade payables"", ""Unnamed: 2"": ""20"", ""Unnamed: 3"": ""133.1"", ""Unnamed: 4"": ""84.4""}, {""Page: 138"": NaN, ""Unnamed: 1"": ""Other payables"", ""Unnamed: 2"": ""20"", ""Unnamed: 3"": ""101.4"", ""Unnamed: 4"": ""65.2""}, {""Page: 138"": NaN, ""Unnamed: 1"": ""Current tax liabilities"", ""Unnamed: 2"": NaN, ""Unnamed: 3"": ""18.3"", ""Unnamed: 4"": ""14.5""}, {""Page: 138"": NaN, ""Unnamed: 1"": ""Retirement benefit obligations"", ""Unnamed: 2"": ""30"", ""Unnamed: 3"": ""\u2013"", ""Unnamed: 4"": ""0.3""}, {""Page: 138"": NaN, ""Unnamed: 1"": ""Provisions"", ""Unnamed: 2"": ""22"", ""Unnamed: 3"": ""2.9"", ""Unnamed: 4"": ""0.9""}, {""Page: 138"": NaN, ""Unnamed: 1"": ""Derivative financial instruments"", ""Unnamed: 2"": ""31"", ""Unnamed: 3"": ""0.4"", ""Unnamed: 4"": ""\u2013""}, {""Page: 138"": NaN, ""Unnamed: 1"": NaN, ""Unnamed: 2"": NaN, ""Unnamed: 3"": ""280.7"", ""Unnamed: 4"": ""182.7""}, {""Page: 138"": NaN, ""Unnamed: 1"": ""Net current assets"", ""Unnamed: 2"": NaN, ""Unnamed: 3"": ""137.2"", ""Unnamed: 4"": ""113.9""}, {""Page: 138"": NaN, ""Unnamed: 1"": ""Non-current liabilities"", ""Unnamed: 2"": NaN, ""Unnamed: 3"": NaN, ""Unnamed: 4"": NaN}, {""Page: 138"": NaN, ""Unnamed: 1"": ""Borrowings"", ""Unnamed: 2"": ""19"", ""Unnamed: 3"": ""143.1"", ""Unnamed: 4"": ""89.6""}, {""Page: 138"": NaN, ""Unnamed: 1"": ""Lease liabilities"", ""Unnamed: 2"": ""19"", ""Unnamed: 3"": ""16.1"", ""Unnamed: 4"": ""19.2""}, {""Page: 138"": NaN, ""Unnamed: 1"": ""Other payables"", ""Unnamed: 2"": ""20"", ""Unnamed: 3"": ""26.9"", ""Unnamed: 4"": ""1.4""}, {""Page: 138"": NaN, ""Unnamed: 1"": ""Deferred tax liabilities"", ""Unnamed: 2"": ""21"", ""Unnamed: 3"": ""28.2"", ""Unnamed: 4"": ""6.9""}, {""Page: 138"": NaN, ""Unnamed: 1"": ""Retirement benefit obligations"", ""Unnamed: 2"": ""30"", ""Unnamed: 3"": ""7.5"", ""Unnamed: 4"": ""2.3""}, {""Page: 138"": NaN, ""Unnamed: 1"": ""Provisions"", ""Unnamed: 2"": ""22"", ""Unnamed: 3"": ""1.0"", ""Unnamed: 4"": ""0.4""}, {""Page: 138"": NaN, ""Unnamed: 1"": NaN, ""Unnamed: 2"": NaN, ""Unnamed: 3"": ""222.8"", ""Unnamed: 4"": ""119.8""}, {""Page: 138"": NaN, ""Unnamed: 1"": ""Total liabilities"", ""Unnamed: 2"": NaN, ""Unnamed: 3"": ""503.5"", ""Unnamed: 4"": ""302.5""}, {""Page: 138"": NaN, ""Unnamed: 1"": ""Net assets"", ""Unnamed: 2"": NaN, ""Unnamed: 3"": ""335.6"", ""Unnamed: 4"": ""232.7""}, {""Page: 138"": NaN, ""Unnamed: 1"": ""Equity"", ""Unnamed: 2"": NaN, ""Unnamed: 3"": NaN, ""Unnamed: 4"": NaN}, {""Page: 138"": NaN, ""Unnamed: 1"": ""Share capital"", ""Unnamed: 2"": ""23"", ""Unnamed: 3"": ""69.6"", ""Unnamed: 4"": ""62.7""}, {""Page: 138"": NaN, ""Unnamed: 1"": ""Share premium account"", ""Unnamed: 2"": ""23"", ""Unnamed: 3"": ""62.0"", ""Unnamed: 4"": ""60.7""}, {""Page: 138"": NaN, ""Unnamed: 1"": ""Non-distributable reserve"", ""Unnamed: 2"": ""24"", ""Unnamed: 3"": ""2.5"", ""Unnamed: 4"": ""2.5""}, {""Page: 138"": NaN, ""Unnamed: 1"": ""Hedging and translation reserve"", ""Unnamed: 2"": NaN, ""Unnamed: 3"": ""(13.9)"", ""Unnamed: 4"": ""(14.6)""}, {""Page: 138"": NaN, ""Unnamed: 1"": ""Own shares"", ""Unnamed: 2"": ""24"", ""Unnamed: 3"": ""(4.3)"", ""Unnamed: 4"": ""(1.0)""}, {""Page: 138"": NaN, ""Unnamed: 1"": ""Retained earnings"", ""Unnamed: 2"": NaN, ""Unnamed: 3"": ""211.3"", ""Unnamed: 4"": ""115.0""}, {""Page: 138"": NaN, ""Unnamed: 1"": ""Total attributable to owners of the parent"", ""Unnamed: 2"": NaN, ""Unnamed: 3"": ""327.2"", ""Unnamed: 4"": ""225.3""}, {""Page: 138"": NaN, ""Unnamed: 1"": ""Non-controlling interests"", ""Unnamed: 2"": ""25"", ""Unnamed: 3"": ""8.4"", ""Unnamed: 4"": ""7.4""}, {""Page: 138"": NaN, ""Unnamed: 1"": ""Total equity"", ""Unnamed: 2"": NaN, ""Unnamed: 3"": ""335.6"", ""Unnamed: 4"": ""232.7""}, {""Page: 138"": NaN, ""Unnamed: 1"": NaN, ""Unnamed: 2"": ""The notes on pages 139 to 181 are an integral part of these financial statements. The consolidated financial statements of"", ""Unnamed: 3"": NaN, ""Unnamed: 4"": NaN}]
---
[{""Page: 136"": ""Table Index: 13"", ""Unnamed: 1"": NaN, ""Unnamed: 2"": NaN, ""Unnamed: 3"": NaN, ""Unnamed: 4"": NaN, ""Unnamed: 5"": NaN, ""Unnamed: 6"": NaN, ""Unnamed: 7"": NaN, ""Unnamed: 8"": NaN}, {""Page: 136"": ""Table Header: , , , 2024, , , 2023, "", ""Unnamed: 1"": NaN, ""Unnamed: 2"": NaN, ""Unnamed: 3"": NaN, ""Unnamed: 4"": NaN, ""Unnamed: 5"": NaN, ""Unnamed: 6"": NaN, ""Unnamed: 7"": NaN, ""Unnamed: 8"": NaN}, {""Page: 136"": ""Page Header: Consolidated Income Statement | For the 52 weeks ended 31 March 2024 (52 weeks ended 2 April 2023) | 2024 2023"", ""Unnamed: 1"": NaN, ""Unnamed: 2"": NaN, ""Unnamed: 3"": NaN, ""Unnamed: 4"": NaN, ""Unnamed: 5"": NaN, ""Unnamed: 6"": NaN, ""Unnamed: 7"": NaN, ""Unnamed: 8"": NaN}, {""Page: 136"": ""Notes Mentioned: Note 4, Note 4"", ""Unnamed: 1"": NaN, ""Unnamed: 2"": NaN, ""Unnamed: 3"": NaN, ""Unnamed: 4"": NaN, ""Unnamed: 5"": NaN, ""Unnamed: 6"": NaN, ""Unnamed: 7"": NaN, ""Unnamed: 8"": NaN}, {""Page: 136"": NaN, ""Unnamed: 1"": NaN, ""Unnamed: 2"": NaN, ""Unnamed: 3"": NaN, ""Unnamed: 4"": ""2024"", ""Unnamed: 5"": NaN, ""Unnamed: 6"": NaN, ""Unnamed: 7"": ""2023"", ""Unnamed: 8"": NaN}, {""Page: 136"": NaN, ""Unnamed: 1"": NaN, ""Unnamed: 2"": NaN, ""Unnamed: 3"": ""Before"", ""Unnamed: 4"": ""Adjusting"", ""Unnamed: 5"": NaN, ""Unnamed: 6"": ""Before"", ""Unnamed: 7"": ""Adjusting"", ""Unnamed: 8"": NaN}, {""Page: 136"": NaN, ""Unnamed: 1"": NaN, ""Unnamed: 2"": NaN, ""Unnamed: 3"": ""adjusting"", ""Unnamed: 4"": ""items and"", ""Unnamed: 5"": NaN, ""Unnamed: 6"": ""adjusting"", ""Unnamed: 7"": ""items and"", ""Unnamed: 8"": NaN}, {""Page: 136"": NaN, ""Unnamed: 1"": NaN, ""Unnamed: 2"": NaN, ""Unnamed: 3"": ""items and"", ""Unnamed: 4"": ""share-based"", ""Unnamed: 5"": NaN, ""Unnamed: 6"": ""items and"", ""Unnamed: 7"": ""share-based"", ""Unnamed: 8"": NaN}, {""Page: 136"": NaN, ""Unnamed: 1"": NaN, ""Unnamed: 2"": NaN, ""Unnamed: 3"": ""share-based"", ""Unnamed: 4"": ""payments"", ""Unnamed: 5"": NaN, ""Unnamed: 6"": ""share-based"", ""Unnamed: 7"": ""payments"", ""Unnamed: 8"": NaN}, {""Page: 136"": NaN, ""Unnamed: 1"": NaN, ""Unnamed: 2"": NaN, ""Unnamed: 3"": ""payments"", ""Unnamed: 4"": ""(Note 4)"", ""Unnamed: 5"": ""Total"", ""Unnamed: 6"": ""payments"", ""Unnamed: 7"": ""(Note 4)"", ""Unnamed: 8"": ""Total""}, {""Page: 136"": NaN, ""Unnamed: 1"": NaN, ""Unnamed: 2"": ""Notes"", ""Unnamed: 3"": ""$\u2019m"", ""Unnamed: 4"": ""$\u2019m"", ""Unnamed: 5"": ""$\u2019m"", ""Unnamed: 6"": ""$\u2019m"", ""Unnamed: 7"": ""$\u2019m"", ""Unnamed: 8"": ""$\u2019m""}, {""Page: 136"": NaN, ""Unnamed: 1"": ""Revenue"", ""Unnamed: 2"": ""3"", ""Unnamed: 3"": ""912.8"", ""Unnamed: 4"": ""\u2013"", ""Unnamed: 5"": ""912.8"", ""Unnamed: 6"": ""722.8"", ""Unnamed: 7"": ""\u2013"", ""Unnamed: 8"": ""722.8""}, {""Page: 136"": NaN, ""Unnamed: 1"": ""Cost of sales"", ""Unnamed: 2"": NaN, ""Unnamed: 3"": ""(710.0)"", ""Unnamed: 4"": ""\u2013"", ""Unnamed: 5"": ""(710.0)"", ""Unnamed: 6"": ""(565.8)"", ""Unnamed: 7"": ""\u2013"", ""Unnamed: 8"": ""(565.8)""}, {""Page: 136"": NaN, ""Unnamed: 1"": ""Gross profit"", ""Unnamed: 2"": NaN, ""Unnamed: 3"": ""202.8"", ""Unnamed: 4"": ""\u2013"", ""Unnamed: 5"": ""202.8"", ""Unnamed: 6"": ""157.0"", ""Unnamed: 7"": ""\u2013"", ""Unnamed: 8"": ""157.0""}, {""Page: 136"": NaN, ""Unnamed: 1"": ""Operating expenses"", ""Unnamed: 2"": NaN, ""Unnamed: 3"": ""(113.1)"", ""Unnamed: 4"": ""(25.8)"", ""Unnamed: 5"": ""(138.9)"", ""Unnamed: 6"": ""(89.7)"", ""Unnamed: 7"": ""(13.5)"", ""Unnamed: 8"": ""(103.2)""}, {""Page: 136"": NaN, ""Unnamed: 1"": ""Operating profit"", ""Unnamed: 2"": ""7"", ""Unnamed: 3"": ""89.7"", ""Unnamed: 4"": ""(25.8)"", ""Unnamed: 5"": ""63.9"", ""Unnamed: 6"": ""67.3"", ""Unnamed: 7"": ""(13.5)"", ""Unnamed: 8"": ""53.8""}, {""Page: 136"": NaN, ""Unnamed: 1"": ""Share of net profit from"", ""Unnamed: 2"": NaN, ""Unnamed: 3"": NaN, ""Unnamed: 4"": NaN, ""Unnamed: 5"": NaN, ""Unnamed: 6"": NaN, ""Unnamed: 7"": NaN, ""Unnamed: 8"": NaN}, {""Page: 136"": NaN, ""Unnamed: 1"": ""associates"", ""Unnamed: 2"": ""16"", ""Unnamed: 3"": ""3.2"", ""Unnamed: 4"": ""\u2013"", ""Unnamed: 5"": ""3.2"", ""Unnamed: 6"": ""1.1"", ""Unnamed: 7"": ""\u2013"", ""Unnamed: 8"": ""1.1""}, {""Page: 136"": NaN, ""Unnamed: 1"": ""Finance income"", ""Unnamed: 2"": ""5"", ""Unnamed: 3"": ""1.3"", ""Unnamed: 4"": ""\u2013"", ""Unnamed: 5"": ""1.3"", ""Unnamed: 6"": ""0.4"", ""Unnamed: 7"": ""\u2013"", ""Unnamed: 8"": ""0.4""}, {""Page: 136"": NaN, ""Unnamed: 1"": ""Finance costs"", ""Unnamed: 2"": ""6"", ""Unnamed: 3"": ""(16.8)"", ""Unnamed: 4"": ""\u2013"", ""Unnamed: 5"": ""(16.8)"", ""Unnamed: 6"": ""(9.5)"", ""Unnamed: 7"": ""\u2013"", ""Unnamed: 8"": ""(9.5)""}, {""Page: 136"": NaN, ""Unnamed: 1"": ""Profit before taxation"", ""Unnamed: 2"": NaN, ""Unnamed: 3"": ""77.4"", ""Unnamed: 4"": ""(25.8)"", ""Unnamed: 5"": ""51.6"", ""Unnamed: 6"": ""59.3"", ""Unnamed: 7"": ""(13.5)"", ""Unnamed: 8"": ""45.8""}, {""Page: 136"": NaN, ""Unnamed: 1"": ""Taxation"", ""Unnamed: 2"": ""10"", ""Unnamed: 3"": ""(15.9)"", ""Unnamed: 4"": ""4.5"", ""Unnamed: 5"": ""(11.4)"", ""Unnamed: 6"": ""(10.7)"", ""Unnamed: 7"": ""2.3"", ""Unnamed: 8"": ""(8.4)""}, {""Page: 136"": NaN, ""Unnamed: 1"": ""Profit for the period"", ""Unnamed: 2"": NaN, ""Unnamed: 3"": ""61.5"", ""Unnamed: 4"": ""(21.3)"", ""Unnamed: 5"": ""40.2"", ""Unnamed: 6"": ""48.6"", ""Unnamed: 7"": ""(11.2)"", ""Unnamed: 8"": ""37.4""}, {""Page: 136"": NaN, ""Unnamed: 1"": ""Profit is attributable to:"", ""Unnamed: 2"": NaN, ""Unnamed: 3"": NaN, ""Unnamed: 4"": NaN, ""Unnamed: 5"": NaN, ""Unnamed: 6"": NaN, ""Unnamed: 7"": NaN, ""Unnamed: 8"": NaN}, {""Page: 136"": NaN, ""Unnamed: 1"": ""Owners of the parent"", ""Unnamed: 2"": NaN, ""Unnamed: 3"": ""60.5"", ""Unnamed: 4"": ""(21.2)"", ""Unnamed: 5"": ""39.3"", ""Unnamed: 6"": ""48.0"", ""Unnamed: 7"": ""(11.2)"", ""Unnamed: 8"": ""36.8""}, {""Page: 136"": NaN, ""Unnamed: 1"": ""Non-controlling interests"", ""Unnamed: 2"": NaN, ""Unnamed: 3"": ""1.0"", ""Unnamed: 4"": ""(0.1)"", ""Unnamed: 5"": ""0.9"", ""Unnamed: 6"": ""0.6"", ""Unnamed: 7"": ""\u2013"", ""Unnamed: 8"": ""0.6""}, {""Page: 136"": NaN, ""Unnamed: 1"": NaN, ""Unnamed: 2"": NaN, ""Unnamed: 3"": ""61.5"", ""Unnamed: 4"": ""(21.3)"", ""Unnamed: 5"": ""40.2"", ""Unnamed: 6"": ""48.6"", ""Unnamed: 7"": ""(11.2)"", ""Unnamed: 8"": ""37.4""}, {""Page: 136"": NaN, ""Unnamed: 1"": ""Earnings per share (cents)"", ""Unnamed: 2"": NaN, ""Unnamed: 3"": NaN, ""Unnamed: 4"": NaN, ""Unnamed: 5"": NaN, ""Unnamed: 6"": NaN, ""Unnamed: 7"": NaN, ""Unnamed: 8"": NaN}, {""Page: 136"": NaN, ""Unnamed: 1"": ""Basic"", ""Unnamed: 2"": ""11"", ""Unnamed: 3"": ""33.7"", ""Unnamed: 4"": NaN, ""Unnamed: 5"": ""21.8"", ""Unnamed: 6"": ""30.2"", ""Unnamed: 7"": NaN, ""Unnamed: 8"": ""23.2""}, {""Page: 136"": NaN, ""Unnamed: 1"": ""Diluted"", ""Unnamed: 2"": ""11"", ""Unnamed: 3"": ""33.0"", ""Unnamed: 4"": NaN, ""Unnamed: 5"": ""21.4"", ""Unnamed: 6"": ""28.8"", ""Unnamed: 7"": NaN, ""Unnamed: 8"": ""22.1""}]","[0.2518, 0.3045, 0.3377]"
Cash Flow Template,Total other operating income,What is Net exceptional items under Cash flows from operating activities in Statement of Cash Flows for year 2023 and 2024?,"[{""Page: 171"": ""Table Index: 54"", ""Unnamed: 1"": NaN, ""Unnamed: 2"": NaN, ""Unnamed: 3"": NaN}, {""Page: 171"": ""Table Header: 28. Notes to the statement of cash flows, , "", ""Unnamed: 1"": NaN, ""Unnamed: 2"": NaN, ""Unnamed: 3"": NaN}, {""Page: 171"": ""Page Header: 28. Notes to the statement of cash flows | 2024 2023 | $\u2019m $\u2019m"", ""Unnamed: 1"": NaN, ""Unnamed: 2"": NaN, ""Unnamed: 3"": NaN}, {""Page: 171"": ""Notes Mentioned: None"", ""Unnamed: 1"": NaN, ""Unnamed: 2"": NaN, ""Unnamed: 3"": NaN}, {""Page: 171"": NaN, ""Unnamed: 1"": ""28. Notes to the statement of cash flows"", ""Unnamed: 2"": NaN, ""Unnamed: 3"": NaN}, {""Page: 171"": NaN, ""Unnamed: 1"": NaN, ""Unnamed: 2"": ""2024"", ""Unnamed: 3"": ""2023""}, {""Page: 171"": NaN, ""Unnamed: 1"": NaN, ""Unnamed: 2"": ""$\u2019m"", ""Unnamed: 3"": ""$\u2019m""}, {""Page: 171"": NaN, ""Unnamed: 1"": ""Profit for the period"", ""Unnamed: 2"": ""40.2"", ""Unnamed: 3"": ""37.4""}, {""Page: 171"": NaN, ""Unnamed: 1"": ""Adjustments for:"", ""Unnamed: 2"": NaN, ""Unnamed: 3"": NaN}, {""Page: 171"": NaN, ""Unnamed: 1"": ""Finance income (note 5)"", ""Unnamed: 2"": ""(1.3)"", ""Unnamed: 3"": ""(0.4)""}, {""Page: 171"": NaN, ""Unnamed: 1"": ""Finance costs (note 6)"", ""Unnamed: 2"": ""16.8"", ""Unnamed: 3"": ""9.5""}, {""Page: 171"": NaN, ""Unnamed: 1"": ""Income tax expense (note 10)"", ""Unnamed: 2"": ""11.4"", ""Unnamed: 3"": ""8.4""}, {""Page: 171"": NaN, ""Unnamed: 1"": ""Share of net profit from associates"", ""Unnamed: 2"": ""(3.2)"", ""Unnamed: 3"": ""(1.1)""}, {""Page: 171"": NaN, ""Unnamed: 1"": ""Depreciation of property, plant and equipment (note 14)"", ""Unnamed: 2"": ""12.3"", ""Unnamed: 3"": ""8.2""}, {""Page: 171"": NaN, ""Unnamed: 1"": ""Depreciation of right-of-use assets (note 15)"", ""Unnamed: 2"": ""7.4"", ""Unnamed: 3"": ""4.8""}, {""Page: 171"": NaN, ""Unnamed: 1"": ""Amortisation of intangible assets (note 13)"", ""Unnamed: 2"": ""15.6"", ""Unnamed: 3"": ""10.2""}, {""Page: 171"": NaN, ""Unnamed: 1"": ""Loss on disposal of property, plant and equipment"", ""Unnamed: 2"": ""\u2013"", ""Unnamed: 3"": ""0.1""}, {""Page: 171"": NaN, ""Unnamed: 1"": ""Share-based payment charge (note 29)"", ""Unnamed: 2"": ""6.3"", ""Unnamed: 3"": ""3.7""}, {""Page: 171"": NaN, ""Unnamed: 1"": ""Contingent consideration adjustments (note 4)"", ""Unnamed: 2"": ""(1.3)"", ""Unnamed: 3"": ""(1.3)""}, {""Page: 171"": NaN, ""Unnamed: 1"": ""Decrease in provisions"", ""Unnamed: 2"": ""(1.5)"", ""Unnamed: 3"": ""(1.1)""}, {""Page: 171"": NaN, ""Unnamed: 1"": ""Operating cash flow before movement in working capital"", ""Unnamed: 2"": ""102.7"", ""Unnamed: 3"": ""78.4""}, {""Page: 171"": NaN, ""Unnamed: 1"": ""Increase in inventories"", ""Unnamed: 2"": ""(5.6)"", ""Unnamed: 3"": ""(0.2)""}, {""Page: 171"": NaN, ""Unnamed: 1"": ""Increase in receivables"", ""Unnamed: 2"": ""(17.4)"", ""Unnamed: 3"": ""(15.4)""}, {""Page: 171"": NaN, ""Unnamed: 1"": ""Increase in payables"", ""Unnamed: 2"": ""24.9"", ""Unnamed: 3"": ""7.0""}, {""Page: 171"": NaN, ""Unnamed: 1"": ""Movement in working capital"", ""Unnamed: 2"": ""1.9"", ""Unnamed: 3"": ""(8.6)""}, {""Page: 171"": NaN, ""Unnamed: 1"": ""Cash generated from operations"", ""Unnamed: 2"": ""104.6"", ""Unnamed: 3"": ""69.8""}, {""Page: 171"": NaN, ""Unnamed: 1"": ""Cash generated from operations before adjusting operating items"", ""Unnamed: 2"": ""111.6"", ""Unnamed: 3"": ""72.0""}, {""Page: 171"": NaN, ""Unnamed: 1"": ""Cash used by adjusting operating items"", ""Unnamed: 2"": ""(7.0)"", ""Unnamed: 3"": ""(2.2)""}, {""Page: 171"": NaN, ""Unnamed: 1"": ""Taxation paid"", ""Unnamed: 2"": ""(14.9)"", ""Unnamed: 3"": ""(7.9)""}, {""Page: 171"": NaN, ""Unnamed: 1"": ""Interest paid"", ""Unnamed: 2"": ""(11.4)"", ""Unnamed: 3"": ""(6.2)""}, {""Page: 171"": NaN, ""Unnamed: 1"": ""Net cash generated from operating activities"", ""Unnamed: 2"": ""78.3"", ""Unnamed: 3"": ""55.7""}, {""Page: 171"": NaN, ""Unnamed: 1"": ""Cash and cash equivalents"", ""Unnamed: 2"": NaN, ""Unnamed: 3"": NaN}, {""Page: 171"": NaN, ""Unnamed: 1"": NaN, ""Unnamed: 2"": ""2024"", ""Unnamed: 3"": ""2023""}, {""Page: 171"": NaN, ""Unnamed: 1"": NaN, ""Unnamed: 2"": ""$\u2019m"", ""Unnamed: 3"": ""$\u2019m""}, {""Page: 171"": NaN, ""Unnamed: 1"": ""Cash and bank balances"", ""Unnamed: 2"": ""29.8"", ""Unnamed: 3"": ""22.5""}, {""Page: 171"": NaN, ""Unnamed: 1"": ""Bank overdrafts"", ""Unnamed: 2"": ""(1.0)"", ""Unnamed: 3"": ""(1.8)""}, {""Page: 171"": NaN, ""Unnamed: 1"": NaN, ""Unnamed: 2"": ""28.8"", ""Unnamed: 3"": ""20.7""}, {""Page: 171"": NaN, ""Unnamed: 1"": NaN, ""Unnamed: 2"": ""Cash and cash equivalents comprise cash held by the Group and bank overdrafts. The carrying amount of these assets"", ""Unnamed: 3"": NaN}, {""Page: 171"": NaN, ""Unnamed: 1"": NaN, ""Unnamed: 2"": ""approximates their fair value. Included within cash and cash equivalents is $nil (2023: $0.1m) held in trust, which can only be"", ""Unnamed: 3"": NaN}, {""Page: 171"": NaN, ""Unnamed: 1"": ""used for Volex employees."", ""Unnamed: 2"": NaN, ""Unnamed: 3"": NaN}]
---
[{""Page: 138"": ""Table Index: 15"", ""Unnamed: 1"": NaN, ""Unnamed: 2"": NaN, ""Unnamed: 3"": NaN, ""Unnamed: 4"": NaN}, {""Page: 138"": ""Table Header: , , 2024, 2023"", ""Unnamed: 1"": NaN, ""Unnamed: 2"": NaN, ""Unnamed: 3"": NaN, ""Unnamed: 4"": NaN}, {""Page: 138"": ""Page Header: Consolidated Statement of Financial Position | As at 31 March 2024 (2 April 2023) | 2024 2023"", ""Unnamed: 1"": NaN, ""Unnamed: 2"": NaN, ""Unnamed: 3"": NaN, ""Unnamed: 4"": NaN}, {""Page: 138"": ""Notes Mentioned: None"", ""Unnamed: 1"": NaN, ""Unnamed: 2"": NaN, ""Unnamed: 3"": NaN, ""Unnamed: 4"": NaN}, {""Page: 138"": NaN, ""Unnamed: 1"": NaN, ""Unnamed: 2"": NaN, ""Unnamed: 3"": ""2024"", ""Unnamed: 4"": ""2023""}, {""Page: 138"": NaN, ""Unnamed: 1"": NaN, ""Unnamed: 2"": ""Notes"", ""Unnamed: 3"": ""$\u2019m"", ""Unnamed: 4"": ""$\u2019m""}, {""Page: 138"": NaN, ""Unnamed: 1"": ""Non-current assets"", ""Unnamed: 2"": NaN, ""Unnamed: 3"": NaN, ""Unnamed: 4"": NaN}, {""Page: 138"": NaN, ""Unnamed: 1"": ""Goodwill"", ""Unnamed: 2"": ""12"", ""Unnamed: 3"": ""121.4"", ""Unnamed: 4"": ""82.3""}, {""Page: 138"": NaN, ""Unnamed: 1"": ""Other intangible assets"", ""Unnamed: 2"": ""13"", ""Unnamed: 3"": ""131.7"", ""Unnamed: 4"": ""41.8""}, {""Page: 138"": NaN, ""Unnamed: 1"": ""Property, plant and equipment"", ""Unnamed: 2"": ""14"", ""Unnamed: 3"": ""91.8"", ""Unnamed: 4"": ""50.1""}, {""Page: 138"": NaN, ""Unnamed: 1"": ""Right-of-use assets"", ""Unnamed: 2"": ""15"", ""Unnamed: 3"": ""38.4"", ""Unnamed: 4"": ""34.5""}, {""Page: 138"": NaN, ""Unnamed: 1"": ""Interests in associates"", ""Unnamed: 2"": ""16"", ""Unnamed: 3"": ""8.1"", ""Unnamed: 4"": ""2.6""}, {""Page: 138"": NaN, ""Unnamed: 1"": ""Other receivables"", ""Unnamed: 2"": ""18"", ""Unnamed: 3"": ""2.0"", ""Unnamed: 4"": ""1.8""}, {""Page: 138"": NaN, ""Unnamed: 1"": ""Derivative financial instruments"", ""Unnamed: 2"": ""31"", ""Unnamed: 3"": ""1.5"", ""Unnamed: 4"": ""0.9""}, {""Page: 138"": NaN, ""Unnamed: 1"": ""Retirement benefit asset"", ""Unnamed: 2"": ""30"", ""Unnamed: 3"": ""0.4"", ""Unnamed: 4"": ""\u2013""}, {""Page: 138"": NaN, ""Unnamed: 1"": ""Deferred tax assets"", ""Unnamed: 2"": ""21"", ""Unnamed: 3"": ""25.9"", ""Unnamed: 4"": ""24.6""}, {""Page: 138"": NaN, ""Unnamed: 1"": NaN, ""Unnamed: 2"": NaN, ""Unnamed: 3"": ""421.2"", ""Unnamed: 4"": ""238.6""}, {""Page: 138"": NaN, ""Unnamed: 1"": ""Current assets"", ""Unnamed: 2"": NaN, ""Unnamed: 3"": NaN, ""Unnamed: 4"": NaN}, {""Page: 138"": NaN, ""Unnamed: 1"": ""Inventories"", ""Unnamed: 2"": ""17"", ""Unnamed: 3"": ""174.3"", ""Unnamed: 4"": ""120.5""}, {""Page: 138"": NaN, ""Unnamed: 1"": ""Trade receivables"", ""Unnamed: 2"": ""18"", ""Unnamed: 3"": ""187.6"", ""Unnamed: 4"": ""136.2""}, {""Page: 138"": NaN, ""Unnamed: 1"": ""Other receivables"", ""Unnamed: 2"": ""18"", ""Unnamed: 3"": ""23.4"", ""Unnamed: 4"": ""15.7""}, {""Page: 138"": NaN, ""Unnamed: 1"": ""Current tax assets"", ""Unnamed: 2"": NaN, ""Unnamed: 3"": ""1.8"", ""Unnamed: 4"": ""0.8""}, {""Page: 138"": NaN, ""Unnamed: 1"": ""Derivative financial instruments"", ""Unnamed: 2"": ""31"", ""Unnamed: 3"": ""1.0"", ""Unnamed: 4"": ""0.9""}, {""Page: 138"": NaN, ""Unnamed: 1"": ""Cash and bank balances"", ""Unnamed: 2"": ""28"", ""Unnamed: 3"": ""29.8"", ""Unnamed: 4"": ""22.5""}, {""Page: 138"": NaN, ""Unnamed: 1"": NaN, ""Unnamed: 2"": NaN, ""Unnamed: 3"": ""417.9"", ""Unnamed: 4"": ""296.6""}, {""Page: 138"": NaN, ""Unnamed: 1"": ""Total assets"", ""Unnamed: 2"": NaN, ""Unnamed: 3"": ""839.1"", ""Unnamed: 4"": ""535.2""}, {""Page: 138"": NaN, ""Unnamed: 1"": ""Current liabilities"", ""Unnamed: 2"": NaN, ""Unnamed: 3"": NaN, ""Unnamed: 4"": NaN}, {""Page: 138"": NaN, ""Unnamed: 1"": ""Borrowings"", ""Unnamed: 2"": ""19"", ""Unnamed: 3"": ""3.3"", ""Unnamed: 4"": ""1.8""}, {""Page: 138"": NaN, ""Unnamed: 1"": ""Lease liabilities"", ""Unnamed: 2"": ""19"", ""Unnamed: 3"": ""21.3"", ""Unnamed: 4"": ""15.6""}, {""Page: 138"": NaN, ""Unnamed: 1"": ""Trade payables"", ""Unnamed: 2"": ""20"", ""Unnamed: 3"": ""133.1"", ""Unnamed: 4"": ""84.4""}, {""Page: 138"": NaN, ""Unnamed: 1"": ""Other payables"", ""Unnamed: 2"": ""20"", ""Unnamed: 3"": ""101.4"", ""Unnamed: 4"": ""65.2""}, {""Page: 138"": NaN, ""Unnamed: 1"": ""Current tax liabilities"", ""Unnamed: 2"": NaN, ""Unnamed: 3"": ""18.3"", ""Unnamed: 4"": ""14.5""}, {""Page: 138"": NaN, ""Unnamed: 1"": ""Retirement benefit obligations"", ""Unnamed: 2"": ""30"", ""Unnamed: 3"": ""\u2013"", ""Unnamed: 4"": ""0.3""}, {""Page: 138"": NaN, ""Unnamed: 1"": ""Provisions"", ""Unnamed: 2"": ""22"", ""Unnamed: 3"": ""2.9"", ""Unnamed: 4"": ""0.9""}, {""Page: 138"": NaN, ""Unnamed: 1"": ""Derivative financial instruments"", ""Unnamed: 2"": ""31"", ""Unnamed: 3"": ""0.4"", ""Unnamed: 4"": ""\u2013""}, {""Page: 138"": NaN, ""Unnamed: 1"": NaN, ""Unnamed: 2"": NaN, ""Unnamed: 3"": ""280.7"", ""Unnamed: 4"": ""182.7""}, {""Page: 138"": NaN, ""Unnamed: 1"": ""Net current assets"", ""Unnamed: 2"": NaN, ""Unnamed: 3"": ""137.2"", ""Unnamed: 4"": ""113.9""}, {""Page: 138"": NaN, ""Unnamed: 1"": ""Non-current liabilities"", ""Unnamed: 2"": NaN, ""Unnamed: 3"": NaN, ""Unnamed: 4"": NaN}, {""Page: 138"": NaN, ""Unnamed: 1"": ""Borrowings"", ""Unnamed: 2"": ""19"", ""Unnamed: 3"": ""143.1"", ""Unnamed: 4"": ""89.6""}, {""Page: 138"": NaN, ""Unnamed: 1"": ""Lease liabilities"", ""Unnamed: 2"": ""19"", ""Unnamed: 3"": ""16.1"", ""Unnamed: 4"": ""19.2""}, {""Page: 138"": NaN, ""Unnamed: 1"": ""Other payables"", ""Unnamed: 2"": ""20"", ""Unnamed: 3"": ""26.9"", ""Unnamed: 4"": ""1.4""}, {""Page: 138"": NaN, ""Unnamed: 1"": ""Deferred tax liabilities"", ""Unnamed: 2"": ""21"", ""Unnamed: 3"": ""28.2"", ""Unnamed: 4"": ""6.9""}, {""Page: 138"": NaN, ""Unnamed: 1"": ""Retirement benefit obligations"", ""Unnamed: 2"": ""30"", ""Unnamed: 3"": ""7.5"", ""Unnamed: 4"": ""2.3""}, {""Page: 138"": NaN, ""Unnamed: 1"": ""Provisions"", ""Unnamed: 2"": ""22"", ""Unnamed: 3"": ""1.0"", ""Unnamed: 4"": ""0.4""}, {""Page: 138"": NaN, ""Unnamed: 1"": NaN, ""Unnamed: 2"": NaN, ""Unnamed: 3"": ""222.8"", ""Unnamed: 4"": ""119.8""}, {""Page: 138"": NaN, ""Unnamed: 1"": ""Total liabilities"", ""Unnamed: 2"": NaN, ""Unnamed: 3"": ""503.5"", ""Unnamed: 4"": ""302.5""}, {""Page: 138"": NaN, ""Unnamed: 1"": ""Net assets"", ""Unnamed: 2"": NaN, ""Unnamed: 3"": ""335.6"", ""Unnamed: 4"": ""232.7""}, {""Page: 138"": NaN, ""Unnamed: 1"": ""Equity"", ""Unnamed: 2"": NaN, ""Unnamed: 3"": NaN, ""Unnamed: 4"": NaN}, {""Page: 138"": NaN, ""Unnamed: 1"": ""Share capital"", ""Unnamed: 2"": ""23"", ""Unnamed: 3"": ""69.6"", ""Unnamed: 4"": ""62.7""}, {""Page: 138"": NaN, ""Unnamed: 1"": ""Share premium account"", ""Unnamed: 2"": ""23"", ""Unnamed: 3"": ""62.0"", ""Unnamed: 4"": ""60.7""}, {""Page: 138"": NaN, ""Unnamed: 1"": ""Non-distributable reserve"", ""Unnamed: 2"": ""24"", ""Unnamed: 3"": ""2.5"", ""Unnamed: 4"": ""2.5""}, {""Page: 138"": NaN, ""Unnamed: 1"": ""Hedging and translation reserve"", ""Unnamed: 2"": NaN, ""Unnamed: 3"": ""(13.9)"", ""Unnamed: 4"": ""(14.6)""}, {""Page: 138"": NaN, ""Unnamed: 1"": ""Own shares"", ""Unnamed: 2"": ""24"", ""Unnamed: 3"": ""(4.3)"", ""Unnamed: 4"": ""(1.0)""}, {""Page: 138"": NaN, ""Unnamed: 1"": ""Retained earnings"", ""Unnamed: 2"": NaN, ""Unnamed: 3"": ""211.3"", ""Unnamed: 4"": ""115.0""}, {""Page: 138"": NaN, ""Unnamed: 1"": ""Total attributable to owners of the parent"", ""Unnamed: 2"": NaN, ""Unnamed: 3"": ""327.2"", ""Unnamed: 4"": ""225.3""}, {""Page: 138"": NaN, ""Unnamed: 1"": ""Non-controlling interests"", ""Unnamed: 2"": ""25"", ""Unnamed: 3"": ""8.4"", ""Unnamed: 4"": ""7.4""}, {""Page: 138"": NaN, ""Unnamed: 1"": ""Total equity"", ""Unnamed: 2"": NaN, ""Unnamed: 3"": ""335.6"", ""Unnamed: 4"": ""232.7""}, {""Page: 138"": NaN, ""Unnamed: 1"": NaN, ""Unnamed: 2"": ""The notes on pages 139 to 181 are an integral part of these financial statements. The consolidated financial statements of"", ""Unnamed: 3"": NaN, ""Unnamed: 4"": NaN}]
---
[{""Page: 136"": ""Table Index: 13"", ""Unnamed: 1"": NaN, ""Unnamed: 2"": NaN, ""Unnamed: 3"": NaN, ""Unnamed: 4"": NaN, ""Unnamed: 5"": NaN, ""Unnamed: 6"": NaN, ""Unnamed: 7"": NaN, ""Unnamed: 8"": NaN}, {""Page: 136"": ""Table Header: , , , 2024, , , 2023, "", ""Unnamed: 1"": NaN, ""Unnamed: 2"": NaN, ""Unnamed: 3"": NaN, ""Unnamed: 4"": NaN, ""Unnamed: 5"": NaN, ""Unnamed: 6"": NaN, ""Unnamed: 7"": NaN, ""Unnamed: 8"": NaN}, {""Page: 136"": ""Page Header: Consolidated Income Statement | For the 52 weeks ended 31 March 2024 (52 weeks ended 2 April 2023) | 2024 2023"", ""Unnamed: 1"": NaN, ""Unnamed: 2"": NaN, ""Unnamed: 3"": NaN, ""Unnamed: 4"": NaN, ""Unnamed: 5"": NaN, ""Unnamed: 6"": NaN, ""Unnamed: 7"": NaN, ""Unnamed: 8"": NaN}, {""Page: 136"": ""Notes Mentioned: Note 4, Note 4"", ""Unnamed: 1"": NaN, ""Unnamed: 2"": NaN, ""Unnamed: 3"": NaN, ""Unnamed: 4"": NaN, ""Unnamed: 5"": NaN, ""Unnamed: 6"": NaN, ""Unnamed: 7"": NaN, ""Unnamed: 8"": NaN}, {""Page: 136"": NaN, ""Unnamed: 1"": NaN, ""Unnamed: 2"": NaN, ""Unnamed: 3"": NaN, ""Unnamed: 4"": ""2024"", ""Unnamed: 5"": NaN, ""Unnamed: 6"": NaN, ""Unnamed: 7"": ""2023"", ""Unnamed: 8"": NaN}, {""Page: 136"": NaN, ""Unnamed: 1"": NaN, ""Unnamed: 2"": NaN, ""Unnamed: 3"": ""Before"", ""Unnamed: 4"": ""Adjusting"", ""Unnamed: 5"": NaN, ""Unnamed: 6"": ""Before"", ""Unnamed: 7"": ""Adjusting"", ""Unnamed: 8"": NaN}, {""Page: 136"": NaN, ""Unnamed: 1"": NaN, ""Unnamed: 2"": NaN, ""Unnamed: 3"": ""adjusting"", ""Unnamed: 4"": ""items and"", ""Unnamed: 5"": NaN, ""Unnamed: 6"": ""adjusting"", ""Unnamed: 7"": ""items and"", ""Unnamed: 8"": NaN}, {""Page: 136"": NaN, ""Unnamed: 1"": NaN, ""Unnamed: 2"": NaN, ""Unnamed: 3"": ""items and"", ""Unnamed: 4"": ""share-based"", ""Unnamed: 5"": NaN, ""Unnamed: 6"": ""items and"", ""Unnamed: 7"": ""share-based"", ""Unnamed: 8"": NaN}, {""Page: 136"": NaN, ""Unnamed: 1"": NaN, ""Unnamed: 2"": NaN, ""Unnamed: 3"": ""share-based"", ""Unnamed: 4"": ""payments"", ""Unnamed: 5"": NaN, ""Unnamed: 6"": ""share-based"", ""Unnamed: 7"": ""payments"", ""Unnamed: 8"": NaN}, {""Page: 136"": NaN, ""Unnamed: 1"": NaN, ""Unnamed: 2"": NaN, ""Unnamed: 3"": ""payments"", ""Unnamed: 4"": ""(Note 4)"", ""Unnamed: 5"": ""Total"", ""Unnamed: 6"": ""payments"", ""Unnamed: 7"": ""(Note 4)"", ""Unnamed: 8"": ""Total""}, {""Page: 136"": NaN, ""Unnamed: 1"": NaN, ""Unnamed: 2"": ""Notes"", ""Unnamed: 3"": ""$\u2019m"", ""Unnamed: 4"": ""$\u2019m"", ""Unnamed: 5"": ""$\u2019m"", ""Unnamed: 6"": ""$\u2019m"", ""Unnamed: 7"": ""$\u2019m"", ""Unnamed: 8"": ""$\u2019m""}, {""Page: 136"": NaN, ""Unnamed: 1"": ""Revenue"", ""Unnamed: 2"": ""3"", ""Unnamed: 3"": ""912.8"", ""Unnamed: 4"": ""\u2013"", ""Unnamed: 5"": ""912.8"", ""Unnamed: 6"": ""722.8"", ""Unnamed: 7"": ""\u2013"", ""Unnamed: 8"": ""722.8""}, {""Page: 136"": NaN, ""Unnamed: 1"": ""Cost of sales"", ""Unnamed: 2"": NaN, ""Unnamed: 3"": ""(710.0)"", ""Unnamed: 4"": ""\u2013"", ""Unnamed: 5"": ""(710.0)"", ""Unnamed: 6"": ""(565.8)"", ""Unnamed: 7"": ""\u2013"", ""Unnamed: 8"": ""(565.8)""}, {""Page: 136"": NaN, ""Unnamed: 1"": ""Gross profit"", ""Unnamed: 2"": NaN, ""Unnamed: 3"": ""202.8"", ""Unnamed: 4"": ""\u2013"", ""Unnamed: 5"": ""202.8"", ""Unnamed: 6"": ""157.0"", ""Unnamed: 7"": ""\u2013"", ""Unnamed: 8"": ""157.0""}, {""Page: 136"": NaN, ""Unnamed: 1"": ""Operating expenses"", ""Unnamed: 2"": NaN, ""Unnamed: 3"": ""(113.1)"", ""Unnamed: 4"": ""(25.8)"", ""Unnamed: 5"": ""(138.9)"", ""Unnamed: 6"": ""(89.7)"", ""Unnamed: 7"": ""(13.5)"", ""Unnamed: 8"": ""(103.2)""}, {""Page: 136"": NaN, ""Unnamed: 1"": ""Operating profit"", ""Unnamed: 2"": ""7"", ""Unnamed: 3"": ""89.7"", ""Unnamed: 4"": ""(25.8)"", ""Unnamed: 5"": ""63.9"", ""Unnamed: 6"": ""67.3"", ""Unnamed: 7"": ""(13.5)"", ""Unnamed: 8"": ""53.8""}, {""Page: 136"": NaN, ""Unnamed: 1"": ""Share of net profit from"", ""Unnamed: 2"": NaN, ""Unnamed: 3"": NaN, ""Unnamed: 4"": NaN, ""Unnamed: 5"": NaN, ""Unnamed: 6"": NaN, ""Unnamed: 7"": NaN, ""Unnamed: 8"": NaN}, {""Page: 136"": NaN, ""Unnamed: 1"": ""associates"", ""Unnamed: 2"": ""16"", ""Unnamed: 3"": ""3.2"", ""Unnamed: 4"": ""\u2013"", ""Unnamed: 5"": ""3.2"", ""Unnamed: 6"": ""1.1"", ""Unnamed: 7"": ""\u2013"", ""Unnamed: 8"": ""1.1""}, {""Page: 136"": NaN, ""Unnamed: 1"": ""Finance income"", ""Unnamed: 2"": ""5"", ""Unnamed: 3"": ""1.3"", ""Unnamed: 4"": ""\u2013"", ""Unnamed: 5"": ""1.3"", ""Unnamed: 6"": ""0.4"", ""Unnamed: 7"": ""\u2013"", ""Unnamed: 8"": ""0.4""}, {""Page: 136"": NaN, ""Unnamed: 1"": ""Finance costs"", ""Unnamed: 2"": ""6"", ""Unnamed: 3"": ""(16.8)"", ""Unnamed: 4"": ""\u2013"", ""Unnamed: 5"": ""(16.8)"", ""Unnamed: 6"": ""(9.5)"", ""Unnamed: 7"": ""\u2013"", ""Unnamed: 8"": ""(9.5)""}, {""Page: 136"": NaN, ""Unnamed: 1"": ""Profit before taxation"", ""Unnamed: 2"": NaN, ""Unnamed: 3"": ""77.4"", ""Unnamed: 4"": ""(25.8)"", ""Unnamed: 5"": ""51.6"", ""Unnamed: 6"": ""59.3"", ""Unnamed: 7"": ""(13.5)"", ""Unnamed: 8"": ""45.8""}, {""Page: 136"": NaN, ""Unnamed: 1"": ""Taxation"", ""Unnamed: 2"": ""10"", ""Unnamed: 3"": ""(15.9)"", ""Unnamed: 4"": ""4.5"", ""Unnamed: 5"": ""(11.4)"", ""Unnamed: 6"": ""(10.7)"", ""Unnamed: 7"": ""2.3"", ""Unnamed: 8"": ""(8.4)""}, {""Page: 136"": NaN, ""Unnamed: 1"": ""Profit for the period"", ""Unnamed: 2"": NaN, ""Unnamed: 3"": ""61.5"", ""Unnamed: 4"": ""(21.3)"", ""Unnamed: 5"": ""40.2"", ""Unnamed: 6"": ""48.6"", ""Unnamed: 7"": ""(11.2)"", ""Unnamed: 8"": ""37.4""}, {""Page: 136"": NaN, ""Unnamed: 1"": ""Profit is attributable to:"", ""Unnamed: 2"": NaN, ""Unnamed: 3"": NaN, ""Unnamed: 4"": NaN, ""Unnamed: 5"": NaN, ""Unnamed: 6"": NaN, ""Unnamed: 7"": NaN, ""Unnamed: 8"": NaN}, {""Page: 136"": NaN, ""Unnamed: 1"": ""Owners of the parent"", ""Unnamed: 2"": NaN, ""Unnamed: 3"": ""60.5"", ""Unnamed: 4"": ""(21.2)"", ""Unnamed: 5"": ""39.3"", ""Unnamed: 6"": ""48.0"", ""Unnamed: 7"": ""(11.2)"", ""Unnamed: 8"": ""36.8""}, {""Page: 136"": NaN, ""Unnamed: 1"": ""Non-controlling interests"", ""Unnamed: 2"": NaN, ""Unnamed: 3"": ""1.0"", ""Unnamed: 4"": ""(0.1)"", ""Unnamed: 5"": ""0.9"", ""Unnamed: 6"": ""0.6"", ""Unnamed: 7"": ""\u2013"", ""Unnamed: 8"": ""0.6""}, {""Page: 136"": NaN, ""Unnamed: 1"": NaN, ""Unnamed: 2"": NaN, ""Unnamed: 3"": ""61.5"", ""Unnamed: 4"": ""(21.3)"", ""Unnamed: 5"": ""40.2"", ""Unnamed: 6"": ""48.6"", ""Unnamed: 7"": ""(11.2)"", ""Unnamed: 8"": ""37.4""}, {""Page: 136"": NaN, ""Unnamed: 1"": ""Earnings per share (cents)"", ""Unnamed: 2"": NaN, ""Unnamed: 3"": NaN, ""Unnamed: 4"": NaN, ""Unnamed: 5"": NaN, ""Unnamed: 6"": NaN, ""Unnamed: 7"": NaN, ""Unnamed: 8"": NaN}, {""Page: 136"": NaN, ""Unnamed: 1"": ""Basic"", ""Unnamed: 2"": ""11"", ""Unnamed: 3"": ""33.7"", ""Unnamed: 4"": NaN, ""Unnamed: 5"": ""21.8"", ""Unnamed: 6"": ""30.2"", ""Unnamed: 7"": NaN, ""Unnamed: 8"": ""23.2""}, {""Page: 136"": NaN, ""Unnamed: 1"": ""Diluted"", ""Unnamed: 2"": ""11"", ""Unnamed: 3"": ""33.0"", ""Unnamed: 4"": NaN, ""Unnamed: 5"": ""21.4"", ""Unnamed: 6"": ""28.8"", ""Unnamed: 7"": NaN, ""Unnamed: 8"": ""22.1""}]","[0.2312, 0.2922, 0.3044]"
Cash Flow Template,taxation(paid) / recovered,What is Taxation charged under Cash flows from operating activities in Statement of cash flows for year 2023 and 2024?,"[{""Page: 171"": ""Table Index: 54"", ""Unnamed: 1"": NaN, ""Unnamed: 2"": NaN, ""Unnamed: 3"": NaN}, {""Page: 171"": ""Table Header: 28. Notes to the statement of cash flows, , "", ""Unnamed: 1"": NaN, ""Unnamed: 2"": NaN, ""Unnamed: 3"": NaN}, {""Page: 171"": ""Page Header: 28. Notes to the statement of cash flows | 2024 2023 | $\u2019m $\u2019m"", ""Unnamed: 1"": NaN, ""Unnamed: 2"": NaN, ""Unnamed: 3"": NaN}, {""Page: 171"": ""Notes Mentioned: None"", ""Unnamed: 1"": NaN, ""Unnamed: 2"": NaN, ""Unnamed: 3"": NaN}, {""Page: 171"": NaN, ""Unnamed: 1"": ""28. Notes to the statement of cash flows"", ""Unnamed: 2"": NaN, ""Unnamed: 3"": NaN}, {""Page: 171"": NaN, ""Unnamed: 1"": NaN, ""Unnamed: 2"": ""2024"", ""Unnamed: 3"": ""2023""}, {""Page: 171"": NaN, ""Unnamed: 1"": NaN, ""Unnamed: 2"": ""$\u2019m"", ""Unnamed: 3"": ""$\u2019m""}, {""Page: 171"": NaN, ""Unnamed: 1"": ""Profit for the period"", ""Unnamed: 2"": ""40.2"", ""Unnamed: 3"": ""37.4""}, {""Page: 171"": NaN, ""Unnamed: 1"": ""Adjustments for:"", ""Unnamed: 2"": NaN, ""Unnamed: 3"": NaN}, {""Page: 171"": NaN, ""Unnamed: 1"": ""Finance income (note 5)"", ""Unnamed: 2"": ""(1.3)"", ""Unnamed: 3"": ""(0.4)""}, {""Page: 171"": NaN, ""Unnamed: 1"": ""Finance costs (note 6)"", ""Unnamed: 2"": ""16.8"", ""Unnamed: 3"": ""9.5""}, {""Page: 171"": NaN, ""Unnamed: 1"": ""Income tax expense (note 10)"", ""Unnamed: 2"": ""11.4"", ""Unnamed: 3"": ""8.4""}, {""Page: 171"": NaN, ""Unnamed: 1"": ""Share of net profit from associates"", ""Unnamed: 2"": ""(3.2)"", ""Unnamed: 3"": ""(1.1)""}, {""Page: 171"": NaN, ""Unnamed: 1"": ""Depreciation of property, plant and equipment (note 14)"", ""Unnamed: 2"": ""12.3"", ""Unnamed: 3"": ""8.2""}, {""Page: 171"": NaN, ""Unnamed: 1"": ""Depreciation of right-of-use assets (note 15)"", ""Unnamed: 2"": ""7.4"", ""Unnamed: 3"": ""4.8""}, {""Page: 171"": NaN, ""Unnamed: 1"": ""Amortisation of intangible assets (note 13)"", ""Unnamed: 2"": ""15.6"", ""Unnamed: 3"": ""10.2""}, {""Page: 171"": NaN, ""Unnamed: 1"": ""Loss on disposal of property, plant and equipment"", ""Unnamed: 2"": ""\u2013"", ""Unnamed: 3"": ""0.1""}, {""Page: 171"": NaN, ""Unnamed: 1"": ""Share-based payment charge (note 29)"", ""Unnamed: 2"": ""6.3"", ""Unnamed: 3"": ""3.7""}, {""Page: 171"": NaN, ""Unnamed: 1"": ""Contingent consideration adjustments (note 4)"", ""Unnamed: 2"": ""(1.3)"", ""Unnamed: 3"": ""(1.3)""}, {""Page: 171"": NaN, ""Unnamed: 1"": ""Decrease in provisions"", ""Unnamed: 2"": ""(1.5)"", ""Unnamed: 3"": ""(1.1)""}, {""Page: 171"": NaN, ""Unnamed: 1"": ""Operating cash flow before movement in working capital"", ""Unnamed: 2"": ""102.7"", ""Unnamed: 3"": ""78.4""}, {""Page: 171"": NaN, ""Unnamed: 1"": ""Increase in inventories"", ""Unnamed: 2"": ""(5.6)"", ""Unnamed: 3"": ""(0.2)""}, {""Page: 171"": NaN, ""Unnamed: 1"": ""Increase in receivables"", ""Unnamed: 2"": ""(17.4)"", ""Unnamed: 3"": ""(15.4)""}, {""Page: 171"": NaN, ""Unnamed: 1"": ""Increase in payables"", ""Unnamed: 2"": ""24.9"", ""Unnamed: 3"": ""7.0""}, {""Page: 171"": NaN, ""Unnamed: 1"": ""Movement in working capital"", ""Unnamed: 2"": ""1.9"", ""Unnamed: 3"": ""(8.6)""}, {""Page: 171"": NaN, ""Unnamed: 1"": ""Cash generated from operations"", ""Unnamed: 2"": ""104.6"", ""Unnamed: 3"": ""69.8""}, {""Page: 171"": NaN, ""Unnamed: 1"": ""Cash generated from operations before adjusting operating items"", ""Unnamed: 2"": ""111.6"", ""Unnamed: 3"": ""72.0""}, {""Page: 171"": NaN, ""Unnamed: 1"": ""Cash used by adjusting operating items"", ""Unnamed: 2"": ""(7.0)"", ""Unnamed: 3"": ""(2.2)""}, {""Page: 171"": NaN, ""Unnamed: 1"": ""Taxation paid"", ""Unnamed: 2"": ""(14.9)"", ""Unnamed: 3"": ""(7.9)""}, {""Page: 171"": NaN, ""Unnamed: 1"": ""Interest paid"", ""Unnamed: 2"": ""(11.4)"", ""Unnamed: 3"": ""(6.2)""}, {""Page: 171"": NaN, ""Unnamed: 1"": ""Net cash generated from operating activities"", ""Unnamed: 2"": ""78.3"", ""Unnamed: 3"": ""55.7""}, {""Page: 171"": NaN, ""Unnamed: 1"": ""Cash and cash equivalents"", ""Unnamed: 2"": NaN, ""Unnamed: 3"": NaN}, {""Page: 171"": NaN, ""Unnamed: 1"": NaN, ""Unnamed: 2"": ""2024"", ""Unnamed: 3"": ""2023""}, {""Page: 171"": NaN, ""Unnamed: 1"": NaN, ""Unnamed: 2"": ""$\u2019m"", ""Unnamed: 3"": ""$\u2019m""}, {""Page: 171"": NaN, ""Unnamed: 1"": ""Cash and bank balances"", ""Unnamed: 2"": ""29.8"", ""Unnamed: 3"": ""22.5""}, {""Page: 171"": NaN, ""Unnamed: 1"": ""Bank overdrafts"", ""Unnamed: 2"": ""(1.0)"", ""Unnamed: 3"": ""(1.8)""}, {""Page: 171"": NaN, ""Unnamed: 1"": NaN, ""Unnamed: 2"": ""28.8"", ""Unnamed: 3"": ""20.7""}, {""Page: 171"": NaN, ""Unnamed: 1"": NaN, ""Unnamed: 2"": ""Cash and cash equivalents comprise cash held by the Group and bank overdrafts. The carrying amount of these assets"", ""Unnamed: 3"": NaN}, {""Page: 171"": NaN, ""Unnamed: 1"": NaN, ""Unnamed: 2"": ""approximates their fair value. Included within cash and cash equivalents is $nil (2023: $0.1m) held in trust, which can only be"", ""Unnamed: 3"": NaN}, {""Page: 171"": NaN, ""Unnamed: 1"": ""used for Volex employees."", ""Unnamed: 2"": NaN, ""Unnamed: 3"": NaN}]
---
[{""Page: 138"": ""Table Index: 15"", ""Unnamed: 1"": NaN, ""Unnamed: 2"": NaN, ""Unnamed: 3"": NaN, ""Unnamed: 4"": NaN}, {""Page: 138"": ""Table Header: , , 2024, 2023"", ""Unnamed: 1"": NaN, ""Unnamed: 2"": NaN, ""Unnamed: 3"": NaN, ""Unnamed: 4"": NaN}, {""Page: 138"": ""Page Header: Consolidated Statement of Financial Position | As at 31 March 2024 (2 April 2023) | 2024 2023"", ""Unnamed: 1"": NaN, ""Unnamed: 2"": NaN, ""Unnamed: 3"": NaN, ""Unnamed: 4"": NaN}, {""Page: 138"": ""Notes Mentioned: None"", ""Unnamed: 1"": NaN, ""Unnamed: 2"": NaN, ""Unnamed: 3"": NaN, ""Unnamed: 4"": NaN}, {""Page: 138"": NaN, ""Unnamed: 1"": NaN, ""Unnamed: 2"": NaN, ""Unnamed: 3"": ""2024"", ""Unnamed: 4"": ""2023""}, {""Page: 138"": NaN, ""Unnamed: 1"": NaN, ""Unnamed: 2"": ""Notes"", ""Unnamed: 3"": ""$\u2019m"", ""Unnamed: 4"": ""$\u2019m""}, {""Page: 138"": NaN, ""Unnamed: 1"": ""Non-current assets"", ""Unnamed: 2"": NaN, ""Unnamed: 3"": NaN, ""Unnamed: 4"": NaN}, {""Page: 138"": NaN, ""Unnamed: 1"": ""Goodwill"", ""Unnamed: 2"": ""12"", ""Unnamed: 3"": ""121.4"", ""Unnamed: 4"": ""82.3""}, {""Page: 138"": NaN, ""Unnamed: 1"": ""Other intangible assets"", ""Unnamed: 2"": ""13"", ""Unnamed: 3"": ""131.7"", ""Unnamed: 4"": ""41.8""}, {""Page: 138"": NaN, ""Unnamed: 1"": ""Property, plant and equipment"", ""Unnamed: 2"": ""14"", ""Unnamed: 3"": ""91.8"", ""Unnamed: 4"": ""50.1""}, {""Page: 138"": NaN, ""Unnamed: 1"": ""Right-of-use assets"", ""Unnamed: 2"": ""15"", ""Unnamed: 3"": ""38.4"", ""Unnamed: 4"": ""34.5""}, {""Page: 138"": NaN, ""Unnamed: 1"": ""Interests in associates"", ""Unnamed: 2"": ""16"", ""Unnamed: 3"": ""8.1"", ""Unnamed: 4"": ""2.6""}, {""Page: 138"": NaN, ""Unnamed: 1"": ""Other receivables"", ""Unnamed: 2"": ""18"", ""Unnamed: 3"": ""2.0"", ""Unnamed: 4"": ""1.8""}, {""Page: 138"": NaN, ""Unnamed: 1"": ""Derivative financial instruments"", ""Unnamed: 2"": ""31"", ""Unnamed: 3"": ""1.5"", ""Unnamed: 4"": ""0.9""}, {""Page: 138"": NaN, ""Unnamed: 1"": ""Retirement benefit asset"", ""Unnamed: 2"": ""30"", ""Unnamed: 3"": ""0.4"", ""Unnamed: 4"": ""\u2013""}, {""Page: 138"": NaN, ""Unnamed: 1"": ""Deferred tax assets"", ""Unnamed: 2"": ""21"", ""Unnamed: 3"": ""25.9"", ""Unnamed: 4"": ""24.6""}, {""Page: 138"": NaN, ""Unnamed: 1"": NaN, ""Unnamed: 2"": NaN, ""Unnamed: 3"": ""421.2"", ""Unnamed: 4"": ""238.6""}, {""Page: 138"": NaN, ""Unnamed: 1"": ""Current assets"", ""Unnamed: 2"": NaN, ""Unnamed: 3"": NaN, ""Unnamed: 4"": NaN}, {""Page: 138"": NaN, ""Unnamed: 1"": ""Inventories"", ""Unnamed: 2"": ""17"", ""Unnamed: 3"": ""174.3"", ""Unnamed: 4"": ""120.5""}, {""Page: 138"": NaN, ""Unnamed: 1"": ""Trade receivables"", ""Unnamed: 2"": ""18"", ""Unnamed: 3"": ""187.6"", ""Unnamed: 4"": ""136.2""}, {""Page: 138"": NaN, ""Unnamed: 1"": ""Other receivables"", ""Unnamed: 2"": ""18"", ""Unnamed: 3"": ""23.4"", ""Unnamed: 4"": ""15.7""}, {""Page: 138"": NaN, ""Unnamed: 1"": ""Current tax assets"", ""Unnamed: 2"": NaN, ""Unnamed: 3"": ""1.8"", ""Unnamed: 4"": ""0.8""}, {""Page: 138"": NaN, ""Unnamed: 1"": ""Derivative financial instruments"", ""Unnamed: 2"": ""31"", ""Unnamed: 3"": ""1.0"", ""Unnamed: 4"": ""0.9""}, {""Page: 138"": NaN, ""Unnamed: 1"": ""Cash and bank balances"", ""Unnamed: 2"": ""28"", ""Unnamed: 3"": ""29.8"", ""Unnamed: 4"": ""22.5""}, {""Page: 138"": NaN, ""Unnamed: 1"": NaN, ""Unnamed: 2"": NaN, ""Unnamed: 3"": ""417.9"", ""Unnamed: 4"": ""296.6""}, {""Page: 138"": NaN, ""Unnamed: 1"": ""Total assets"", ""Unnamed: 2"": NaN, ""Unnamed: 3"": ""839.1"", ""Unnamed: 4"": ""535.2""}, {""Page: 138"": NaN, ""Unnamed: 1"": ""Current liabilities"", ""Unnamed: 2"": NaN, ""Unnamed: 3"": NaN, ""Unnamed: 4"": NaN}, {""Page: 138"": NaN, ""Unnamed: 1"": ""Borrowings"", ""Unnamed: 2"": ""19"", ""Unnamed: 3"": ""3.3"", ""Unnamed: 4"": ""1.8""}, {""Page: 138"": NaN, ""Unnamed: 1"": ""Lease liabilities"", ""Unnamed: 2"": ""19"", ""Unnamed: 3"": ""21.3"", ""Unnamed: 4"": ""15.6""}, {""Page: 138"": NaN, ""Unnamed: 1"": ""Trade payables"", ""Unnamed: 2"": ""20"", ""Unnamed: 3"": ""133.1"", ""Unnamed: 4"": ""84.4""}, {""Page: 138"": NaN, ""Unnamed: 1"": ""Other payables"", ""Unnamed: 2"": ""20"", ""Unnamed: 3"": ""101.4"", ""Unnamed: 4"": ""65.2""}, {""Page: 138"": NaN, ""Unnamed: 1"": ""Current tax liabilities"", ""Unnamed: 2"": NaN, ""Unnamed: 3"": ""18.3"", ""Unnamed: 4"": ""14.5""}, {""Page: 138"": NaN, ""Unnamed: 1"": ""Retirement benefit obligations"", ""Unnamed: 2"": ""30"", ""Unnamed: 3"": ""\u2013"", ""Unnamed: 4"": ""0.3""}, {""Page: 138"": NaN, ""Unnamed: 1"": ""Provisions"", ""Unnamed: 2"": ""22"", ""Unnamed: 3"": ""2.9"", ""Unnamed: 4"": ""0.9""}, {""Page: 138"": NaN, ""Unnamed: 1"": ""Derivative financial instruments"", ""Unnamed: 2"": ""31"", ""Unnamed: 3"": ""0.4"", ""Unnamed: 4"": ""\u2013""}, {""Page: 138"": NaN, ""Unnamed: 1"": NaN, ""Unnamed: 2"": NaN, ""Unnamed: 3"": ""280.7"", ""Unnamed: 4"": ""182.7""}, {""Page: 138"": NaN, ""Unnamed: 1"": ""Net current assets"", ""Unnamed: 2"": NaN, ""Unnamed: 3"": ""137.2"", ""Unnamed: 4"": ""113.9""}, {""Page: 138"": NaN, ""Unnamed: 1"": ""Non-current liabilities"", ""Unnamed: 2"": NaN, ""Unnamed: 3"": NaN, ""Unnamed: 4"": NaN}, {""Page: 138"": NaN, ""Unnamed: 1"": ""Borrowings"", ""Unnamed: 2"": ""19"", ""Unnamed: 3"": ""143.1"", ""Unnamed: 4"": ""89.6""}, {""Page: 138"": NaN, ""Unnamed: 1"": ""Lease liabilities"", ""Unnamed: 2"": ""19"", ""Unnamed: 3"": ""16.1"", ""Unnamed: 4"": ""19.2""}, {""Page: 138"": NaN, ""Unnamed: 1"": ""Other payables"", ""Unnamed: 2"": ""20"", ""Unnamed: 3"": ""26.9"", ""Unnamed: 4"": ""1.4""}, {""Page: 138"": NaN, ""Unnamed: 1"": ""Deferred tax liabilities"", ""Unnamed: 2"": ""21"", ""Unnamed: 3"": ""28.2"", ""Unnamed: 4"": ""6.9""}, {""Page: 138"": NaN, ""Unnamed: 1"": ""Retirement benefit obligations"", ""Unnamed: 2"": ""30"", ""Unnamed: 3"": ""7.5"", ""Unnamed: 4"": ""2.3""}, {""Page: 138"": NaN, ""Unnamed: 1"": ""Provisions"", ""Unnamed: 2"": ""22"", ""Unnamed: 3"": ""1.0"", ""Unnamed: 4"": ""0.4""}, {""Page: 138"": NaN, ""Unnamed: 1"": NaN, ""Unnamed: 2"": NaN, ""Unnamed: 3"": ""222.8"", ""Unnamed: 4"": ""119.8""}, {""Page: 138"": NaN, ""Unnamed: 1"": ""Total liabilities"", ""Unnamed: 2"": NaN, ""Unnamed: 3"": ""503.5"", ""Unnamed: 4"": ""302.5""}, {""Page: 138"": NaN, ""Unnamed: 1"": ""Net assets"", ""Unnamed: 2"": NaN, ""Unnamed: 3"": ""335.6"", ""Unnamed: 4"": ""232.7""}, {""Page: 138"": NaN, ""Unnamed: 1"": ""Equity"", ""Unnamed: 2"": NaN, ""Unnamed: 3"": NaN, ""Unnamed: 4"": NaN}, {""Page: 138"": NaN, ""Unnamed: 1"": ""Share capital"", ""Unnamed: 2"": ""23"", ""Unnamed: 3"": ""69.6"", ""Unnamed: 4"": ""62.7""}, {""Page: 138"": NaN, ""Unnamed: 1"": ""Share premium account"", ""Unnamed: 2"": ""23"", ""Unnamed: 3"": ""62.0"", ""Unnamed: 4"": ""60.7""}, {""Page: 138"": NaN, ""Unnamed: 1"": ""Non-distributable reserve"", ""Unnamed: 2"": ""24"", ""Unnamed: 3"": ""2.5"", ""Unnamed: 4"": ""2.5""}, {""Page: 138"": NaN, ""Unnamed: 1"": ""Hedging and translation reserve"", ""Unnamed: 2"": NaN, ""Unnamed: 3"": ""(13.9)"", ""Unnamed: 4"": ""(14.6)""}, {""Page: 138"": NaN, ""Unnamed: 1"": ""Own shares"", ""Unnamed: 2"": ""24"", ""Unnamed: 3"": ""(4.3)"", ""Unnamed: 4"": ""(1.0)""}, {""Page: 138"": NaN, ""Unnamed: 1"": ""Retained earnings"", ""Unnamed: 2"": NaN, ""Unnamed: 3"": ""211.3"", ""Unnamed: 4"": ""115.0""}, {""Page: 138"": NaN, ""Unnamed: 1"": ""Total attributable to owners of the parent"", ""Unnamed: 2"": NaN, ""Unnamed: 3"": ""327.2"", ""Unnamed: 4"": ""225.3""}, {""Page: 138"": NaN, ""Unnamed: 1"": ""Non-controlling interests"", ""Unnamed: 2"": ""25"", ""Unnamed: 3"": ""8.4"", ""Unnamed: 4"": ""7.4""}, {""Page: 138"": NaN, ""Unnamed: 1"": ""Total equity"", ""Unnamed: 2"": NaN, ""Unnamed: 3"": ""335.6"", ""Unnamed: 4"": ""232.7""}, {""Page: 138"": NaN, ""Unnamed: 1"": NaN, ""Unnamed: 2"": ""The notes on pages 139 to 181 are an integral part of these financial statements. The consolidated financial statements of"", ""Unnamed: 3"": NaN, ""Unnamed: 4"": NaN}]
---
[{""Page: 136"": ""Table Index: 13"", ""Unnamed: 1"": NaN, ""Unnamed: 2"": NaN, ""Unnamed: 3"": NaN, ""Unnamed: 4"": NaN, ""Unnamed: 5"": NaN, ""Unnamed: 6"": NaN, ""Unnamed: 7"": NaN, ""Unnamed: 8"": NaN}, {""Page: 136"": ""Table Header: , , , 2024, , , 2023, "", ""Unnamed: 1"": NaN, ""Unnamed: 2"": NaN, ""Unnamed: 3"": NaN, ""Unnamed: 4"": NaN, ""Unnamed: 5"": NaN, ""Unnamed: 6"": NaN, ""Unnamed: 7"": NaN, ""Unnamed: 8"": NaN}, {""Page: 136"": ""Page Header: Consolidated Income Statement | For the 52 weeks ended 31 March 2024 (52 weeks ended 2 April 2023) | 2024 2023"", ""Unnamed: 1"": NaN, ""Unnamed: 2"": NaN, ""Unnamed: 3"": NaN, ""Unnamed: 4"": NaN, ""Unnamed: 5"": NaN, ""Unnamed: 6"": NaN, ""Unnamed: 7"": NaN, ""Unnamed: 8"": NaN}, {""Page: 136"": ""Notes Mentioned: Note 4, Note 4"", ""Unnamed: 1"": NaN, ""Unnamed: 2"": NaN, ""Unnamed: 3"": NaN, ""Unnamed: 4"": NaN, ""Unnamed: 5"": NaN, ""Unnamed: 6"": NaN, ""Unnamed: 7"": NaN, ""Unnamed: 8"": NaN}, {""Page: 136"": NaN, ""Unnamed: 1"": NaN, ""Unnamed: 2"": NaN, ""Unnamed: 3"": NaN, ""Unnamed: 4"": ""2024"", ""Unnamed: 5"": NaN, ""Unnamed: 6"": NaN, ""Unnamed: 7"": ""2023"", ""Unnamed: 8"": NaN}, {""Page: 136"": NaN, ""Unnamed: 1"": NaN, ""Unnamed: 2"": NaN, ""Unnamed: 3"": ""Before"", ""Unnamed: 4"": ""Adjusting"", ""Unnamed: 5"": NaN, ""Unnamed: 6"": ""Before"", ""Unnamed: 7"": ""Adjusting"", ""Unnamed: 8"": NaN}, {""Page: 136"": NaN, ""Unnamed: 1"": NaN, ""Unnamed: 2"": NaN, ""Unnamed: 3"": ""adjusting"", ""Unnamed: 4"": ""items and"", ""Unnamed: 5"": NaN, ""Unnamed: 6"": ""adjusting"", ""Unnamed: 7"": ""items and"", ""Unnamed: 8"": NaN}, {""Page: 136"": NaN, ""Unnamed: 1"": NaN, ""Unnamed: 2"": NaN, ""Unnamed: 3"": ""items and"", ""Unnamed: 4"": ""share-based"", ""Unnamed: 5"": NaN, ""Unnamed: 6"": ""items and"", ""Unnamed: 7"": ""share-based"", ""Unnamed: 8"": NaN}, {""Page: 136"": NaN, ""Unnamed: 1"": NaN, ""Unnamed: 2"": NaN, ""Unnamed: 3"": ""share-based"", ""Unnamed: 4"": ""payments"", ""Unnamed: 5"": NaN, ""Unnamed: 6"": ""share-based"", ""Unnamed: 7"": ""payments"", ""Unnamed: 8"": NaN}, {""Page: 136"": NaN, ""Unnamed: 1"": NaN, ""Unnamed: 2"": NaN, ""Unnamed: 3"": ""payments"", ""Unnamed: 4"": ""(Note 4)"", ""Unnamed: 5"": ""Total"", ""Unnamed: 6"": ""payments"", ""Unnamed: 7"": ""(Note 4)"", ""Unnamed: 8"": ""Total""}, {""Page: 136"": NaN, ""Unnamed: 1"": NaN, ""Unnamed: 2"": ""Notes"", ""Unnamed: 3"": ""$\u2019m"", ""Unnamed: 4"": ""$\u2019m"", ""Unnamed: 5"": ""$\u2019m"", ""Unnamed: 6"": ""$\u2019m"", ""Unnamed: 7"": ""$\u2019m"", ""Unnamed: 8"": ""$\u2019m""}, {""Page: 136"": NaN, ""Unnamed: 1"": ""Revenue"", ""Unnamed: 2"": ""3"", ""Unnamed: 3"": ""912.8"", ""Unnamed: 4"": ""\u2013"", ""Unnamed: 5"": ""912.8"", ""Unnamed: 6"": ""722.8"", ""Unnamed: 7"": ""\u2013"", ""Unnamed: 8"": ""722.8""}, {""Page: 136"": NaN, ""Unnamed: 1"": ""Cost of sales"", ""Unnamed: 2"": NaN, ""Unnamed: 3"": ""(710.0)"", ""Unnamed: 4"": ""\u2013"", ""Unnamed: 5"": ""(710.0)"", ""Unnamed: 6"": ""(565.8)"", ""Unnamed: 7"": ""\u2013"", ""Unnamed: 8"": ""(565.8)""}, {""Page: 136"": NaN, ""Unnamed: 1"": ""Gross profit"", ""Unnamed: 2"": NaN, ""Unnamed: 3"": ""202.8"", ""Unnamed: 4"": ""\u2013"", ""Unnamed: 5"": ""202.8"", ""Unnamed: 6"": ""157.0"", ""Unnamed: 7"": ""\u2013"", ""Unnamed: 8"": ""157.0""}, {""Page: 136"": NaN, ""Unnamed: 1"": ""Operating expenses"", ""Unnamed: 2"": NaN, ""Unnamed: 3"": ""(113.1)"", ""Unnamed: 4"": ""(25.8)"", ""Unnamed: 5"": ""(138.9)"", ""Unnamed: 6"": ""(89.7)"", ""Unnamed: 7"": ""(13.5)"", ""Unnamed: 8"": ""(103.2)""}, {""Page: 136"": NaN, ""Unnamed: 1"": ""Operating profit"", ""Unnamed: 2"": ""7"", ""Unnamed: 3"": ""89.7"", ""Unnamed: 4"": ""(25.8)"", ""Unnamed: 5"": ""63.9"", ""Unnamed: 6"": ""67.3"", ""Unnamed: 7"": ""(13.5)"", ""Unnamed: 8"": ""53.8""}, {""Page: 136"": NaN, ""Unnamed: 1"": ""Share of net profit from"", ""Unnamed: 2"": NaN, ""Unnamed: 3"": NaN, ""Unnamed: 4"": NaN, ""Unnamed: 5"": NaN, ""Unnamed: 6"": NaN, ""Unnamed: 7"": NaN, ""Unnamed: 8"": NaN}, {""Page: 136"": NaN, ""Unnamed: 1"": ""associates"", ""Unnamed: 2"": ""16"", ""Unnamed: 3"": ""3.2"", ""Unnamed: 4"": ""\u2013"", ""Unnamed: 5"": ""3.2"", ""Unnamed: 6"": ""1.1"", ""Unnamed: 7"": ""\u2013"", ""Unnamed: 8"": ""1.1""}, {""Page: 136"": NaN, ""Unnamed: 1"": ""Finance income"", ""Unnamed: 2"": ""5"", ""Unnamed: 3"": ""1.3"", ""Unnamed: 4"": ""\u2013"", ""Unnamed: 5"": ""1.3"", ""Unnamed: 6"": ""0.4"", ""Unnamed: 7"": ""\u2013"", ""Unnamed: 8"": ""0.4""}, {""Page: 136"": NaN, ""Unnamed: 1"": ""Finance costs"", ""Unnamed: 2"": ""6"", ""Unnamed: 3"": ""(16.8)"", ""Unnamed: 4"": ""\u2013"", ""Unnamed: 5"": ""(16.8)"", ""Unnamed: 6"": ""(9.5)"", ""Unnamed: 7"": ""\u2013"", ""Unnamed: 8"": ""(9.5)""}, {""Page: 136"": NaN, ""Unnamed: 1"": ""Profit before taxation"", ""Unnamed: 2"": NaN, ""Unnamed: 3"": ""77.4"", ""Unnamed: 4"": ""(25.8)"", ""Unnamed: 5"": ""51.6"", ""Unnamed: 6"": ""59.3"", ""Unnamed: 7"": ""(13.5)"", ""Unnamed: 8"": ""45.8""}, {""Page: 136"": NaN, ""Unnamed: 1"": ""Taxation"", ""Unnamed: 2"": ""10"", ""Unnamed: 3"": ""(15.9)"", ""Unnamed: 4"": ""4.5"", ""Unnamed: 5"": ""(11.4)"", ""Unnamed: 6"": ""(10.7)"", ""Unnamed: 7"": ""2.3"", ""Unnamed: 8"": ""(8.4)""}, {""Page: 136"": NaN, ""Unnamed: 1"": ""Profit for the period"", ""Unnamed: 2"": NaN, ""Unnamed: 3"": ""61.5"", ""Unnamed: 4"": ""(21.3)"", ""Unnamed: 5"": ""40.2"", ""Unnamed: 6"": ""48.6"", ""Unnamed: 7"": ""(11.2)"", ""Unnamed: 8"": ""37.4""}, {""Page: 136"": NaN, ""Unnamed: 1"": ""Profit is attributable to:"", ""Unnamed: 2"": NaN, ""Unnamed: 3"": NaN, ""Unnamed: 4"": NaN, ""Unnamed: 5"": NaN, ""Unnamed: 6"": NaN, ""Unnamed: 7"": NaN, ""Unnamed: 8"": NaN}, {""Page: 136"": NaN, ""Unnamed: 1"": ""Owners of the parent"", ""Unnamed: 2"": NaN, ""Unnamed: 3"": ""60.5"", ""Unnamed: 4"": ""(21.2)"", ""Unnamed: 5"": ""39.3"", ""Unnamed: 6"": ""48.0"", ""Unnamed: 7"": ""(11.2)"", ""Unnamed: 8"": ""36.8""}, {""Page: 136"": NaN, ""Unnamed: 1"": ""Non-controlling interests"", ""Unnamed: 2"": NaN, ""Unnamed: 3"": ""1.0"", ""Unnamed: 4"": ""(0.1)"", ""Unnamed: 5"": ""0.9"", ""Unnamed: 6"": ""0.6"", ""Unnamed: 7"": ""\u2013"", ""Unnamed: 8"": ""0.6""}, {""Page: 136"": NaN, ""Unnamed: 1"": NaN, ""Unnamed: 2"": NaN, ""Unnamed: 3"": ""61.5"", ""Unnamed: 4"": ""(21.3)"", ""Unnamed: 5"": ""40.2"", ""Unnamed: 6"": ""48.6"", ""Unnamed: 7"": ""(11.2)"", ""Unnamed: 8"": ""37.4""}, {""Page: 136"": NaN, ""Unnamed: 1"": ""Earnings per share (cents)"", ""Unnamed: 2"": NaN, ""Unnamed: 3"": NaN, ""Unnamed: 4"": NaN, ""Unnamed: 5"": NaN, ""Unnamed: 6"": NaN, ""Unnamed: 7"": NaN, ""Unnamed: 8"": NaN}, {""Page: 136"": NaN, ""Unnamed: 1"": ""Basic"", ""Unnamed: 2"": ""11"", ""Unnamed: 3"": ""33.7"", ""Unnamed: 4"": NaN, ""Unnamed: 5"": ""21.8"", ""Unnamed: 6"": ""30.2"", ""Unnamed: 7"": NaN, ""Unnamed: 8"": ""23.2""}, {""Page: 136"": NaN, ""Unnamed: 1"": ""Diluted"", ""Unnamed: 2"": ""11"", ""Unnamed: 3"": ""33.0"", ""Unnamed: 4"": NaN, ""Unnamed: 5"": ""21.4"", ""Unnamed: 6"": ""28.8"", ""Unnamed: 7"": NaN, ""Unnamed: 8"": ""22.1""}]","[0.2497, 0.3261, 0.3427]"
Cash Flow Template,taxation(paid) / recovered,What is Income tax expense recognised in profit or loss under Cash flows from operating activities in Statement of cash flows for year 2023 and 2024?,"[{""Page: 171"": ""Table Index: 54"", ""Unnamed: 1"": NaN, ""Unnamed: 2"": NaN, ""Unnamed: 3"": NaN}, {""Page: 171"": ""Table Header: 28. Notes to the statement of cash flows, , "", ""Unnamed: 1"": NaN, ""Unnamed: 2"": NaN, ""Unnamed: 3"": NaN}, {""Page: 171"": ""Page Header: 28. Notes to the statement of cash flows | 2024 2023 | $\u2019m $\u2019m"", ""Unnamed: 1"": NaN, ""Unnamed: 2"": NaN, ""Unnamed: 3"": NaN}, {""Page: 171"": ""Notes Mentioned: None"", ""Unnamed: 1"": NaN, ""Unnamed: 2"": NaN, ""Unnamed: 3"": NaN}, {""Page: 171"": NaN, ""Unnamed: 1"": ""28. Notes to the statement of cash flows"", ""Unnamed: 2"": NaN, ""Unnamed: 3"": NaN}, {""Page: 171"": NaN, ""Unnamed: 1"": NaN, ""Unnamed: 2"": ""2024"", ""Unnamed: 3"": ""2023""}, {""Page: 171"": NaN, ""Unnamed: 1"": NaN, ""Unnamed: 2"": ""$\u2019m"", ""Unnamed: 3"": ""$\u2019m""}, {""Page: 171"": NaN, ""Unnamed: 1"": ""Profit for the period"", ""Unnamed: 2"": ""40.2"", ""Unnamed: 3"": ""37.4""}, {""Page: 171"": NaN, ""Unnamed: 1"": ""Adjustments for:"", ""Unnamed: 2"": NaN, ""Unnamed: 3"": NaN}, {""Page: 171"": NaN, ""Unnamed: 1"": ""Finance income (note 5)"", ""Unnamed: 2"": ""(1.3)"", ""Unnamed: 3"": ""(0.4)""}, {""Page: 171"": NaN, ""Unnamed: 1"": ""Finance costs (note 6)"", ""Unnamed: 2"": ""16.8"", ""Unnamed: 3"": ""9.5""}, {""Page: 171"": NaN, ""Unnamed: 1"": ""Income tax expense (note 10)"", ""Unnamed: 2"": ""11.4"", ""Unnamed: 3"": ""8.4""}, {""Page: 171"": NaN, ""Unnamed: 1"": ""Share of net profit from associates"", ""Unnamed: 2"": ""(3.2)"", ""Unnamed: 3"": ""(1.1)""}, {""Page: 171"": NaN, ""Unnamed: 1"": ""Depreciation of property, plant and equipment (note 14)"", ""Unnamed: 2"": ""12.3"", ""Unnamed: 3"": ""8.2""}, {""Page: 171"": NaN, ""Unnamed: 1"": ""Depreciation of right-of-use assets (note 15)"", ""Unnamed: 2"": ""7.4"", ""Unnamed: 3"": ""4.8""}, {""Page: 171"": NaN, ""Unnamed: 1"": ""Amortisation of intangible assets (note 13)"", ""Unnamed: 2"": ""15.6"", ""Unnamed: 3"": ""10.2""}, {""Page: 171"": NaN, ""Unnamed: 1"": ""Loss on disposal of property, plant and equipment"", ""Unnamed: 2"": ""\u2013"", ""Unnamed: 3"": ""0.1""}, {""Page: 171"": NaN, ""Unnamed: 1"": ""Share-based payment charge (note 29)"", ""Unnamed: 2"": ""6.3"", ""Unnamed: 3"": ""3.7""}, {""Page: 171"": NaN, ""Unnamed: 1"": ""Contingent consideration adjustments (note 4)"", ""Unnamed: 2"": ""(1.3)"", ""Unnamed: 3"": ""(1.3)""}, {""Page: 171"": NaN, ""Unnamed: 1"": ""Decrease in provisions"", ""Unnamed: 2"": ""(1.5)"", ""Unnamed: 3"": ""(1.1)""}, {""Page: 171"": NaN, ""Unnamed: 1"": ""Operating cash flow before movement in working capital"", ""Unnamed: 2"": ""102.7"", ""Unnamed: 3"": ""78.4""}, {""Page: 171"": NaN, ""Unnamed: 1"": ""Increase in inventories"", ""Unnamed: 2"": ""(5.6)"", ""Unnamed: 3"": ""(0.2)""}, {""Page: 171"": NaN, ""Unnamed: 1"": ""Increase in receivables"", ""Unnamed: 2"": ""(17.4)"", ""Unnamed: 3"": ""(15.4)""}, {""Page: 171"": NaN, ""Unnamed: 1"": ""Increase in payables"", ""Unnamed: 2"": ""24.9"", ""Unnamed: 3"": ""7.0""}, {""Page: 171"": NaN, ""Unnamed: 1"": ""Movement in working capital"", ""Unnamed: 2"": ""1.9"", ""Unnamed: 3"": ""(8.6)""}, {""Page: 171"": NaN, ""Unnamed: 1"": ""Cash generated from operations"", ""Unnamed: 2"": ""104.6"", ""Unnamed: 3"": ""69.8""}, {""Page: 171"": NaN, ""Unnamed: 1"": ""Cash generated from operations before adjusting operating items"", ""Unnamed: 2"": ""111.6"", ""Unnamed: 3"": ""72.0""}, {""Page: 171"": NaN, ""Unnamed: 1"": ""Cash used by adjusting operating items"", ""Unnamed: 2"": ""(7.0)"", ""Unnamed: 3"": ""(2.2)""}, {""Page: 171"": NaN, ""Unnamed: 1"": ""Taxation paid"", ""Unnamed: 2"": ""(14.9)"", ""Unnamed: 3"": ""(7.9)""}, {""Page: 171"": NaN, ""Unnamed: 1"": ""Interest paid"", ""Unnamed: 2"": ""(11.4)"", ""Unnamed: 3"": ""(6.2)""}, {""Page: 171"": NaN, ""Unnamed: 1"": ""Net cash generated from operating activities"", ""Unnamed: 2"": ""78.3"", ""Unnamed: 3"": ""55.7""}, {""Page: 171"": NaN, ""Unnamed: 1"": ""Cash and cash equivalents"", ""Unnamed: 2"": NaN, ""Unnamed: 3"": NaN}, {""Page: 171"": NaN, ""Unnamed: 1"": NaN, ""Unnamed: 2"": ""2024"", ""Unnamed: 3"": ""2023""}, {""Page: 171"": NaN, ""Unnamed: 1"": NaN, ""Unnamed: 2"": ""$\u2019m"", ""Unnamed: 3"": ""$\u2019m""}, {""Page: 171"": NaN, ""Unnamed: 1"": ""Cash and bank balances"", ""Unnamed: 2"": ""29.8"", ""Unnamed: 3"": ""22.5""}, {""Page: 171"": NaN, ""Unnamed: 1"": ""Bank overdrafts"", ""Unnamed: 2"": ""(1.0)"", ""Unnamed: 3"": ""(1.8)""}, {""Page: 171"": NaN, ""Unnamed: 1"": NaN, ""Unnamed: 2"": ""28.8"", ""Unnamed: 3"": ""20.7""}, {""Page: 171"": NaN, ""Unnamed: 1"": NaN, ""Unnamed: 2"": ""Cash and cash equivalents comprise cash held by the Group and bank overdrafts. The carrying amount of these assets"", ""Unnamed: 3"": NaN}, {""Page: 171"": NaN, ""Unnamed: 1"": NaN, ""Unnamed: 2"": ""approximates their fair value. Included within cash and cash equivalents is $nil (2023: $0.1m) held in trust, which can only be"", ""Unnamed: 3"": NaN}, {""Page: 171"": NaN, ""Unnamed: 1"": ""used for Volex employees."", ""Unnamed: 2"": NaN, ""Unnamed: 3"": NaN}]
---
[{""Page: 138"": ""Table Index: 15"", ""Unnamed: 1"": NaN, ""Unnamed: 2"": NaN, ""Unnamed: 3"": NaN, ""Unnamed: 4"": NaN}, {""Page: 138"": ""Table Header: , , 2024, 2023"", ""Unnamed: 1"": NaN, ""Unnamed: 2"": NaN, ""Unnamed: 3"": NaN, ""Unnamed: 4"": NaN}, {""Page: 138"": ""Page Header: Consolidated Statement of Financial Position | As at 31 March 2024 (2 April 2023) | 2024 2023"", ""Unnamed: 1"": NaN, ""Unnamed: 2"": NaN, ""Unnamed: 3"": NaN, ""Unnamed: 4"": NaN}, {""Page: 138"": ""Notes Mentioned: None"", ""Unnamed: 1"": NaN, ""Unnamed: 2"": NaN, ""Unnamed: 3"": NaN, ""Unnamed: 4"": NaN}, {""Page: 138"": NaN, ""Unnamed: 1"": NaN, ""Unnamed: 2"": NaN, ""Unnamed: 3"": ""2024"", ""Unnamed: 4"": ""2023""}, {""Page: 138"": NaN, ""Unnamed: 1"": NaN, ""Unnamed: 2"": ""Notes"", ""Unnamed: 3"": ""$\u2019m"", ""Unnamed: 4"": ""$\u2019m""}, {""Page: 138"": NaN, ""Unnamed: 1"": ""Non-current assets"", ""Unnamed: 2"": NaN, ""Unnamed: 3"": NaN, ""Unnamed: 4"": NaN}, {""Page: 138"": NaN, ""Unnamed: 1"": ""Goodwill"", ""Unnamed: 2"": ""12"", ""Unnamed: 3"": ""121.4"", ""Unnamed: 4"": ""82.3""}, {""Page: 138"": NaN, ""Unnamed: 1"": ""Other intangible assets"", ""Unnamed: 2"": ""13"", ""Unnamed: 3"": ""131.7"", ""Unnamed: 4"": ""41.8""}, {""Page: 138"": NaN, ""Unnamed: 1"": ""Property, plant and equipment"", ""Unnamed: 2"": ""14"", ""Unnamed: 3"": ""91.8"", ""Unnamed: 4"": ""50.1""}, {""Page: 138"": NaN, ""Unnamed: 1"": ""Right-of-use assets"", ""Unnamed: 2"": ""15"", ""Unnamed: 3"": ""38.4"", ""Unnamed: 4"": ""34.5""}, {""Page: 138"": NaN, ""Unnamed: 1"": ""Interests in associates"", ""Unnamed: 2"": ""16"", ""Unnamed: 3"": ""8.1"", ""Unnamed: 4"": ""2.6""}, {""Page: 138"": NaN, ""Unnamed: 1"": ""Other receivables"", ""Unnamed: 2"": ""18"", ""Unnamed: 3"": ""2.0"", ""Unnamed: 4"": ""1.8""}, {""Page: 138"": NaN, ""Unnamed: 1"": ""Derivative financial instruments"", ""Unnamed: 2"": ""31"", ""Unnamed: 3"": ""1.5"", ""Unnamed: 4"": ""0.9""}, {""Page: 138"": NaN, ""Unnamed: 1"": ""Retirement benefit asset"", ""Unnamed: 2"": ""30"", ""Unnamed: 3"": ""0.4"", ""Unnamed: 4"": ""\u2013""}, {""Page: 138"": NaN, ""Unnamed: 1"": ""Deferred tax assets"", ""Unnamed: 2"": ""21"", ""Unnamed: 3"": ""25.9"", ""Unnamed: 4"": ""24.6""}, {""Page: 138"": NaN, ""Unnamed: 1"": NaN, ""Unnamed: 2"": NaN, ""Unnamed: 3"": ""421.2"", ""Unnamed: 4"": ""238.6""}, {""Page: 138"": NaN, ""Unnamed: 1"": ""Current assets"", ""Unnamed: 2"": NaN, ""Unnamed: 3"": NaN, ""Unnamed: 4"": NaN}, {""Page: 138"": NaN, ""Unnamed: 1"": ""Inventories"", ""Unnamed: 2"": ""17"", ""Unnamed: 3"": ""174.3"", ""Unnamed: 4"": ""120.5""}, {""Page: 138"": NaN, ""Unnamed: 1"": ""Trade receivables"", ""Unnamed: 2"": ""18"", ""Unnamed: 3"": ""187.6"", ""Unnamed: 4"": ""136.2""}, {""Page: 138"": NaN, ""Unnamed: 1"": ""Other receivables"", ""Unnamed: 2"": ""18"", ""Unnamed: 3"": ""23.4"", ""Unnamed: 4"": ""15.7""}, {""Page: 138"": NaN, ""Unnamed: 1"": ""Current tax assets"", ""Unnamed: 2"": NaN, ""Unnamed: 3"": ""1.8"", ""Unnamed: 4"": ""0.8""}, {""Page: 138"": NaN, ""Unnamed: 1"": ""Derivative financial instruments"", ""Unnamed: 2"": ""31"", ""Unnamed: 3"": ""1.0"", ""Unnamed: 4"": ""0.9""}, {""Page: 138"": NaN, ""Unnamed: 1"": ""Cash and bank balances"", ""Unnamed: 2"": ""28"", ""Unnamed: 3"": ""29.8"", ""Unnamed: 4"": ""22.5""}, {""Page: 138"": NaN, ""Unnamed: 1"": NaN, ""Unnamed: 2"": NaN, ""Unnamed: 3"": ""417.9"", ""Unnamed: 4"": ""296.6""}, {""Page: 138"": NaN, ""Unnamed: 1"": ""Total assets"", ""Unnamed: 2"": NaN, ""Unnamed: 3"": ""839.1"", ""Unnamed: 4"": ""535.2""}, {""Page: 138"": NaN, ""Unnamed: 1"": ""Current liabilities"", ""Unnamed: 2"": NaN, ""Unnamed: 3"": NaN, ""Unnamed: 4"": NaN}, {""Page: 138"": NaN, ""Unnamed: 1"": ""Borrowings"", ""Unnamed: 2"": ""19"", ""Unnamed: 3"": ""3.3"", ""Unnamed: 4"": ""1.8""}, {""Page: 138"": NaN, ""Unnamed: 1"": ""Lease liabilities"", ""Unnamed: 2"": ""19"", ""Unnamed: 3"": ""21.3"", ""Unnamed: 4"": ""15.6""}, {""Page: 138"": NaN, ""Unnamed: 1"": ""Trade payables"", ""Unnamed: 2"": ""20"", ""Unnamed: 3"": ""133.1"", ""Unnamed: 4"": ""84.4""}, {""Page: 138"": NaN, ""Unnamed: 1"": ""Other payables"", ""Unnamed: 2"": ""20"", ""Unnamed: 3"": ""101.4"", ""Unnamed: 4"": ""65.2""}, {""Page: 138"": NaN, ""Unnamed: 1"": ""Current tax liabilities"", ""Unnamed: 2"": NaN, ""Unnamed: 3"": ""18.3"", ""Unnamed: 4"": ""14.5""}, {""Page: 138"": NaN, ""Unnamed: 1"": ""Retirement benefit obligations"", ""Unnamed: 2"": ""30"", ""Unnamed: 3"": ""\u2013"", ""Unnamed: 4"": ""0.3""}, {""Page: 138"": NaN, ""Unnamed: 1"": ""Provisions"", ""Unnamed: 2"": ""22"", ""Unnamed: 3"": ""2.9"", ""Unnamed: 4"": ""0.9""}, {""Page: 138"": NaN, ""Unnamed: 1"": ""Derivative financial instruments"", ""Unnamed: 2"": ""31"", ""Unnamed: 3"": ""0.4"", ""Unnamed: 4"": ""\u2013""}, {""Page: 138"": NaN, ""Unnamed: 1"": NaN, ""Unnamed: 2"": NaN, ""Unnamed: 3"": ""280.7"", ""Unnamed: 4"": ""182.7""}, {""Page: 138"": NaN, ""Unnamed: 1"": ""Net current assets"", ""Unnamed: 2"": NaN, ""Unnamed: 3"": ""137.2"", ""Unnamed: 4"": ""113.9""}, {""Page: 138"": NaN, ""Unnamed: 1"": ""Non-current liabilities"", ""Unnamed: 2"": NaN, ""Unnamed: 3"": NaN, ""Unnamed: 4"": NaN}, {""Page: 138"": NaN, ""Unnamed: 1"": ""Borrowings"", ""Unnamed: 2"": ""19"", ""Unnamed: 3"": ""143.1"", ""Unnamed: 4"": ""89.6""}, {""Page: 138"": NaN, ""Unnamed: 1"": ""Lease liabilities"", ""Unnamed: 2"": ""19"", ""Unnamed: 3"": ""16.1"", ""Unnamed: 4"": ""19.2""}, {""Page: 138"": NaN, ""Unnamed: 1"": ""Other payables"", ""Unnamed: 2"": ""20"", ""Unnamed: 3"": ""26.9"", ""Unnamed: 4"": ""1.4""}, {""Page: 138"": NaN, ""Unnamed: 1"": ""Deferred tax liabilities"", ""Unnamed: 2"": ""21"", ""Unnamed: 3"": ""28.2"", ""Unnamed: 4"": ""6.9""}, {""Page: 138"": NaN, ""Unnamed: 1"": ""Retirement benefit obligations"", ""Unnamed: 2"": ""30"", ""Unnamed: 3"": ""7.5"", ""Unnamed: 4"": ""2.3""}, {""Page: 138"": NaN, ""Unnamed: 1"": ""Provisions"", ""Unnamed: 2"": ""22"", ""Unnamed: 3"": ""1.0"", ""Unnamed: 4"": ""0.4""}, {""Page: 138"": NaN, ""Unnamed: 1"": NaN, ""Unnamed: 2"": NaN, ""Unnamed: 3"": ""222.8"", ""Unnamed: 4"": ""119.8""}, {""Page: 138"": NaN, ""Unnamed: 1"": ""Total liabilities"", ""Unnamed: 2"": NaN, ""Unnamed: 3"": ""503.5"", ""Unnamed: 4"": ""302.5""}, {""Page: 138"": NaN, ""Unnamed: 1"": ""Net assets"", ""Unnamed: 2"": NaN, ""Unnamed: 3"": ""335.6"", ""Unnamed: 4"": ""232.7""}, {""Page: 138"": NaN, ""Unnamed: 1"": ""Equity"", ""Unnamed: 2"": NaN, ""Unnamed: 3"": NaN, ""Unnamed: 4"": NaN}, {""Page: 138"": NaN, ""Unnamed: 1"": ""Share capital"", ""Unnamed: 2"": ""23"", ""Unnamed: 3"": ""69.6"", ""Unnamed: 4"": ""62.7""}, {""Page: 138"": NaN, ""Unnamed: 1"": ""Share premium account"", ""Unnamed: 2"": ""23"", ""Unnamed: 3"": ""62.0"", ""Unnamed: 4"": ""60.7""}, {""Page: 138"": NaN, ""Unnamed: 1"": ""Non-distributable reserve"", ""Unnamed: 2"": ""24"", ""Unnamed: 3"": ""2.5"", ""Unnamed: 4"": ""2.5""}, {""Page: 138"": NaN, ""Unnamed: 1"": ""Hedging and translation reserve"", ""Unnamed: 2"": NaN, ""Unnamed: 3"": ""(13.9)"", ""Unnamed: 4"": ""(14.6)""}, {""Page: 138"": NaN, ""Unnamed: 1"": ""Own shares"", ""Unnamed: 2"": ""24"", ""Unnamed: 3"": ""(4.3)"", ""Unnamed: 4"": ""(1.0)""}, {""Page: 138"": NaN, ""Unnamed: 1"": ""Retained earnings"", ""Unnamed: 2"": NaN, ""Unnamed: 3"": ""211.3"", ""Unnamed: 4"": ""115.0""}, {""Page: 138"": NaN, ""Unnamed: 1"": ""Total attributable to owners of the parent"", ""Unnamed: 2"": NaN, ""Unnamed: 3"": ""327.2"", ""Unnamed: 4"": ""225.3""}, {""Page: 138"": NaN, ""Unnamed: 1"": ""Non-controlling interests"", ""Unnamed: 2"": ""25"", ""Unnamed: 3"": ""8.4"", ""Unnamed: 4"": ""7.4""}, {""Page: 138"": NaN, ""Unnamed: 1"": ""Total equity"", ""Unnamed: 2"": NaN, ""Unnamed: 3"": ""335.6"", ""Unnamed: 4"": ""232.7""}, {""Page: 138"": NaN, ""Unnamed: 1"": NaN, ""Unnamed: 2"": ""The notes on pages 139 to 181 are an integral part of these financial statements. The consolidated financial statements of"", ""Unnamed: 3"": NaN, ""Unnamed: 4"": NaN}]
---
[{""Page: 136"": ""Table Index: 13"", ""Unnamed: 1"": NaN, ""Unnamed: 2"": NaN, ""Unnamed: 3"": NaN, ""Unnamed: 4"": NaN, ""Unnamed: 5"": NaN, ""Unnamed: 6"": NaN, ""Unnamed: 7"": NaN, ""Unnamed: 8"": NaN}, {""Page: 136"": ""Table Header: , , , 2024, , , 2023, "", ""Unnamed: 1"": NaN, ""Unnamed: 2"": NaN, ""Unnamed: 3"": NaN, ""Unnamed: 4"": NaN, ""Unnamed: 5"": NaN, ""Unnamed: 6"": NaN, ""Unnamed: 7"": NaN, ""Unnamed: 8"": NaN}, {""Page: 136"": ""Page Header: Consolidated Income Statement | For the 52 weeks ended 31 March 2024 (52 weeks ended 2 April 2023) | 2024 2023"", ""Unnamed: 1"": NaN, ""Unnamed: 2"": NaN, ""Unnamed: 3"": NaN, ""Unnamed: 4"": NaN, ""Unnamed: 5"": NaN, ""Unnamed: 6"": NaN, ""Unnamed: 7"": NaN, ""Unnamed: 8"": NaN}, {""Page: 136"": ""Notes Mentioned: Note 4, Note 4"", ""Unnamed: 1"": NaN, ""Unnamed: 2"": NaN, ""Unnamed: 3"": NaN, ""Unnamed: 4"": NaN, ""Unnamed: 5"": NaN, ""Unnamed: 6"": NaN, ""Unnamed: 7"": NaN, ""Unnamed: 8"": NaN}, {""Page: 136"": NaN, ""Unnamed: 1"": NaN, ""Unnamed: 2"": NaN, ""Unnamed: 3"": NaN, ""Unnamed: 4"": ""2024"", ""Unnamed: 5"": NaN, ""Unnamed: 6"": NaN, ""Unnamed: 7"": ""2023"", ""Unnamed: 8"": NaN}, {""Page: 136"": NaN, ""Unnamed: 1"": NaN, ""Unnamed: 2"": NaN, ""Unnamed: 3"": ""Before"", ""Unnamed: 4"": ""Adjusting"", ""Unnamed: 5"": NaN, ""Unnamed: 6"": ""Before"", ""Unnamed: 7"": ""Adjusting"", ""Unnamed: 8"": NaN}, {""Page: 136"": NaN, ""Unnamed: 1"": NaN, ""Unnamed: 2"": NaN, ""Unnamed: 3"": ""adjusting"", ""Unnamed: 4"": ""items and"", ""Unnamed: 5"": NaN, ""Unnamed: 6"": ""adjusting"", ""Unnamed: 7"": ""items and"", ""Unnamed: 8"": NaN}, {""Page: 136"": NaN, ""Unnamed: 1"": NaN, ""Unnamed: 2"": NaN, ""Unnamed: 3"": ""items and"", ""Unnamed: 4"": ""share-based"", ""Unnamed: 5"": NaN, ""Unnamed: 6"": ""items and"", ""Unnamed: 7"": ""share-based"", ""Unnamed: 8"": NaN}, {""Page: 136"": NaN, ""Unnamed: 1"": NaN, ""Unnamed: 2"": NaN, ""Unnamed: 3"": ""share-based"", ""Unnamed: 4"": ""payments"", ""Unnamed: 5"": NaN, ""Unnamed: 6"": ""share-based"", ""Unnamed: 7"": ""payments"", ""Unnamed: 8"": NaN}, {""Page: 136"": NaN, ""Unnamed: 1"": NaN, ""Unnamed: 2"": NaN, ""Unnamed: 3"": ""payments"", ""Unnamed: 4"": ""(Note 4)"", ""Unnamed: 5"": ""Total"", ""Unnamed: 6"": ""payments"", ""Unnamed: 7"": ""(Note 4)"", ""Unnamed: 8"": ""Total""}, {""Page: 136"": NaN, ""Unnamed: 1"": NaN, ""Unnamed: 2"": ""Notes"", ""Unnamed: 3"": ""$\u2019m"", ""Unnamed: 4"": ""$\u2019m"", ""Unnamed: 5"": ""$\u2019m"", ""Unnamed: 6"": ""$\u2019m"", ""Unnamed: 7"": ""$\u2019m"", ""Unnamed: 8"": ""$\u2019m""}, {""Page: 136"": NaN, ""Unnamed: 1"": ""Revenue"", ""Unnamed: 2"": ""3"", ""Unnamed: 3"": ""912.8"", ""Unnamed: 4"": ""\u2013"", ""Unnamed: 5"": ""912.8"", ""Unnamed: 6"": ""722.8"", ""Unnamed: 7"": ""\u2013"", ""Unnamed: 8"": ""722.8""}, {""Page: 136"": NaN, ""Unnamed: 1"": ""Cost of sales"", ""Unnamed: 2"": NaN, ""Unnamed: 3"": ""(710.0)"", ""Unnamed: 4"": ""\u2013"", ""Unnamed: 5"": ""(710.0)"", ""Unnamed: 6"": ""(565.8)"", ""Unnamed: 7"": ""\u2013"", ""Unnamed: 8"": ""(565.8)""}, {""Page: 136"": NaN, ""Unnamed: 1"": ""Gross profit"", ""Unnamed: 2"": NaN, ""Unnamed: 3"": ""202.8"", ""Unnamed: 4"": ""\u2013"", ""Unnamed: 5"": ""202.8"", ""Unnamed: 6"": ""157.0"", ""Unnamed: 7"": ""\u2013"", ""Unnamed: 8"": ""157.0""}, {""Page: 136"": NaN, ""Unnamed: 1"": ""Operating expenses"", ""Unnamed: 2"": NaN, ""Unnamed: 3"": ""(113.1)"", ""Unnamed: 4"": ""(25.8)"", ""Unnamed: 5"": ""(138.9)"", ""Unnamed: 6"": ""(89.7)"", ""Unnamed: 7"": ""(13.5)"", ""Unnamed: 8"": ""(103.2)""}, {""Page: 136"": NaN, ""Unnamed: 1"": ""Operating profit"", ""Unnamed: 2"": ""7"", ""Unnamed: 3"": ""89.7"", ""Unnamed: 4"": ""(25.8)"", ""Unnamed: 5"": ""63.9"", ""Unnamed: 6"": ""67.3"", ""Unnamed: 7"": ""(13.5)"", ""Unnamed: 8"": ""53.8""}, {""Page: 136"": NaN, ""Unnamed: 1"": ""Share of net profit from"", ""Unnamed: 2"": NaN, ""Unnamed: 3"": NaN, ""Unnamed: 4"": NaN, ""Unnamed: 5"": NaN, ""Unnamed: 6"": NaN, ""Unnamed: 7"": NaN, ""Unnamed: 8"": NaN}, {""Page: 136"": NaN, ""Unnamed: 1"": ""associates"", ""Unnamed: 2"": ""16"", ""Unnamed: 3"": ""3.2"", ""Unnamed: 4"": ""\u2013"", ""Unnamed: 5"": ""3.2"", ""Unnamed: 6"": ""1.1"", ""Unnamed: 7"": ""\u2013"", ""Unnamed: 8"": ""1.1""}, {""Page: 136"": NaN, ""Unnamed: 1"": ""Finance income"", ""Unnamed: 2"": ""5"", ""Unnamed: 3"": ""1.3"", ""Unnamed: 4"": ""\u2013"", ""Unnamed: 5"": ""1.3"", ""Unnamed: 6"": ""0.4"", ""Unnamed: 7"": ""\u2013"", ""Unnamed: 8"": ""0.4""}, {""Page: 136"": NaN, ""Unnamed: 1"": ""Finance costs"", ""Unnamed: 2"": ""6"", ""Unnamed: 3"": ""(16.8)"", ""Unnamed: 4"": ""\u2013"", ""Unnamed: 5"": ""(16.8)"", ""Unnamed: 6"": ""(9.5)"", ""Unnamed: 7"": ""\u2013"", ""Unnamed: 8"": ""(9.5)""}, {""Page: 136"": NaN, ""Unnamed: 1"": ""Profit before taxation"", ""Unnamed: 2"": NaN, ""Unnamed: 3"": ""77.4"", ""Unnamed: 4"": ""(25.8)"", ""Unnamed: 5"": ""51.6"", ""Unnamed: 6"": ""59.3"", ""Unnamed: 7"": ""(13.5)"", ""Unnamed: 8"": ""45.8""}, {""Page: 136"": NaN, ""Unnamed: 1"": ""Taxation"", ""Unnamed: 2"": ""10"", ""Unnamed: 3"": ""(15.9)"", ""Unnamed: 4"": ""4.5"", ""Unnamed: 5"": ""(11.4)"", ""Unnamed: 6"": ""(10.7)"", ""Unnamed: 7"": ""2.3"", ""Unnamed: 8"": ""(8.4)""}, {""Page: 136"": NaN, ""Unnamed: 1"": ""Profit for the period"", ""Unnamed: 2"": NaN, ""Unnamed: 3"": ""61.5"", ""Unnamed: 4"": ""(21.3)"", ""Unnamed: 5"": ""40.2"", ""Unnamed: 6"": ""48.6"", ""Unnamed: 7"": ""(11.2)"", ""Unnamed: 8"": ""37.4""}, {""Page: 136"": NaN, ""Unnamed: 1"": ""Profit is attributable to:"", ""Unnamed: 2"": NaN, ""Unnamed: 3"": NaN, ""Unnamed: 4"": NaN, ""Unnamed: 5"": NaN, ""Unnamed: 6"": NaN, ""Unnamed: 7"": NaN, ""Unnamed: 8"": NaN}, {""Page: 136"": NaN, ""Unnamed: 1"": ""Owners of the parent"", ""Unnamed: 2"": NaN, ""Unnamed: 3"": ""60.5"", ""Unnamed: 4"": ""(21.2)"", ""Unnamed: 5"": ""39.3"", ""Unnamed: 6"": ""48.0"", ""Unnamed: 7"": ""(11.2)"", ""Unnamed: 8"": ""36.8""}, {""Page: 136"": NaN, ""Unnamed: 1"": ""Non-controlling interests"", ""Unnamed: 2"": NaN, ""Unnamed: 3"": ""1.0"", ""Unnamed: 4"": ""(0.1)"", ""Unnamed: 5"": ""0.9"", ""Unnamed: 6"": ""0.6"", ""Unnamed: 7"": ""\u2013"", ""Unnamed: 8"": ""0.6""}, {""Page: 136"": NaN, ""Unnamed: 1"": NaN, ""Unnamed: 2"": NaN, ""Unnamed: 3"": ""61.5"", ""Unnamed: 4"": ""(21.3)"", ""Unnamed: 5"": ""40.2"", ""Unnamed: 6"": ""48.6"", ""Unnamed: 7"": ""(11.2)"", ""Unnamed: 8"": ""37.4""}, {""Page: 136"": NaN, ""Unnamed: 1"": ""Earnings per share (cents)"", ""Unnamed: 2"": NaN, ""Unnamed: 3"": NaN, ""Unnamed: 4"": NaN, ""Unnamed: 5"": NaN, ""Unnamed: 6"": NaN, ""Unnamed: 7"": NaN, ""Unnamed: 8"": NaN}, {""Page: 136"": NaN, ""Unnamed: 1"": ""Basic"", ""Unnamed: 2"": ""11"", ""Unnamed: 3"": ""33.7"", ""Unnamed: 4"": NaN, ""Unnamed: 5"": ""21.8"", ""Unnamed: 6"": ""30.2"", ""Unnamed: 7"": NaN, ""Unnamed: 8"": ""23.2""}, {""Page: 136"": NaN, ""Unnamed: 1"": ""Diluted"", ""Unnamed: 2"": ""11"", ""Unnamed: 3"": ""33.0"", ""Unnamed: 4"": NaN, ""Unnamed: 5"": ""21.4"", ""Unnamed: 6"": ""28.8"", ""Unnamed: 7"": NaN, ""Unnamed: 8"": ""22.1""}]","[0.2509, 0.3287, 0.3423]"
Cash Flow Template,taxation(paid) / recovered,What is Taxation charged under Cash flows from operating activities in Consolidated statement of cash flows for year 2023 and 2024?,"[{""Page: 171"": ""Table Index: 54"", ""Unnamed: 1"": NaN, ""Unnamed: 2"": NaN, ""Unnamed: 3"": NaN}, {""Page: 171"": ""Table Header: 28. Notes to the statement of cash flows, , "", ""Unnamed: 1"": NaN, ""Unnamed: 2"": NaN, ""Unnamed: 3"": NaN}, {""Page: 171"": ""Page Header: 28. Notes to the statement of cash flows | 2024 2023 | $\u2019m $\u2019m"", ""Unnamed: 1"": NaN, ""Unnamed: 2"": NaN, ""Unnamed: 3"": NaN}, {""Page: 171"": ""Notes Mentioned: None"", ""Unnamed: 1"": NaN, ""Unnamed: 2"": NaN, ""Unnamed: 3"": NaN}, {""Page: 171"": NaN, ""Unnamed: 1"": ""28. Notes to the statement of cash flows"", ""Unnamed: 2"": NaN, ""Unnamed: 3"": NaN}, {""Page: 171"": NaN, ""Unnamed: 1"": NaN, ""Unnamed: 2"": ""2024"", ""Unnamed: 3"": ""2023""}, {""Page: 171"": NaN, ""Unnamed: 1"": NaN, ""Unnamed: 2"": ""$\u2019m"", ""Unnamed: 3"": ""$\u2019m""}, {""Page: 171"": NaN, ""Unnamed: 1"": ""Profit for the period"", ""Unnamed: 2"": ""40.2"", ""Unnamed: 3"": ""37.4""}, {""Page: 171"": NaN, ""Unnamed: 1"": ""Adjustments for:"", ""Unnamed: 2"": NaN, ""Unnamed: 3"": NaN}, {""Page: 171"": NaN, ""Unnamed: 1"": ""Finance income (note 5)"", ""Unnamed: 2"": ""(1.3)"", ""Unnamed: 3"": ""(0.4)""}, {""Page: 171"": NaN, ""Unnamed: 1"": ""Finance costs (note 6)"", ""Unnamed: 2"": ""16.8"", ""Unnamed: 3"": ""9.5""}, {""Page: 171"": NaN, ""Unnamed: 1"": ""Income tax expense (note 10)"", ""Unnamed: 2"": ""11.4"", ""Unnamed: 3"": ""8.4""}, {""Page: 171"": NaN, ""Unnamed: 1"": ""Share of net profit from associates"", ""Unnamed: 2"": ""(3.2)"", ""Unnamed: 3"": ""(1.1)""}, {""Page: 171"": NaN, ""Unnamed: 1"": ""Depreciation of property, plant and equipment (note 14)"", ""Unnamed: 2"": ""12.3"", ""Unnamed: 3"": ""8.2""}, {""Page: 171"": NaN, ""Unnamed: 1"": ""Depreciation of right-of-use assets (note 15)"", ""Unnamed: 2"": ""7.4"", ""Unnamed: 3"": ""4.8""}, {""Page: 171"": NaN, ""Unnamed: 1"": ""Amortisation of intangible assets (note 13)"", ""Unnamed: 2"": ""15.6"", ""Unnamed: 3"": ""10.2""}, {""Page: 171"": NaN, ""Unnamed: 1"": ""Loss on disposal of property, plant and equipment"", ""Unnamed: 2"": ""\u2013"", ""Unnamed: 3"": ""0.1""}, {""Page: 171"": NaN, ""Unnamed: 1"": ""Share-based payment charge (note 29)"", ""Unnamed: 2"": ""6.3"", ""Unnamed: 3"": ""3.7""}, {""Page: 171"": NaN, ""Unnamed: 1"": ""Contingent consideration adjustments (note 4)"", ""Unnamed: 2"": ""(1.3)"", ""Unnamed: 3"": ""(1.3)""}, {""Page: 171"": NaN, ""Unnamed: 1"": ""Decrease in provisions"", ""Unnamed: 2"": ""(1.5)"", ""Unnamed: 3"": ""(1.1)""}, {""Page: 171"": NaN, ""Unnamed: 1"": ""Operating cash flow before movement in working capital"", ""Unnamed: 2"": ""102.7"", ""Unnamed: 3"": ""78.4""}, {""Page: 171"": NaN, ""Unnamed: 1"": ""Increase in inventories"", ""Unnamed: 2"": ""(5.6)"", ""Unnamed: 3"": ""(0.2)""}, {""Page: 171"": NaN, ""Unnamed: 1"": ""Increase in receivables"", ""Unnamed: 2"": ""(17.4)"", ""Unnamed: 3"": ""(15.4)""}, {""Page: 171"": NaN, ""Unnamed: 1"": ""Increase in payables"", ""Unnamed: 2"": ""24.9"", ""Unnamed: 3"": ""7.0""}, {""Page: 171"": NaN, ""Unnamed: 1"": ""Movement in working capital"", ""Unnamed: 2"": ""1.9"", ""Unnamed: 3"": ""(8.6)""}, {""Page: 171"": NaN, ""Unnamed: 1"": ""Cash generated from operations"", ""Unnamed: 2"": ""104.6"", ""Unnamed: 3"": ""69.8""}, {""Page: 171"": NaN, ""Unnamed: 1"": ""Cash generated from operations before adjusting operating items"", ""Unnamed: 2"": ""111.6"", ""Unnamed: 3"": ""72.0""}, {""Page: 171"": NaN, ""Unnamed: 1"": ""Cash used by adjusting operating items"", ""Unnamed: 2"": ""(7.0)"", ""Unnamed: 3"": ""(2.2)""}, {""Page: 171"": NaN, ""Unnamed: 1"": ""Taxation paid"", ""Unnamed: 2"": ""(14.9)"", ""Unnamed: 3"": ""(7.9)""}, {""Page: 171"": NaN, ""Unnamed: 1"": ""Interest paid"", ""Unnamed: 2"": ""(11.4)"", ""Unnamed: 3"": ""(6.2)""}, {""Page: 171"": NaN, ""Unnamed: 1"": ""Net cash generated from operating activities"", ""Unnamed: 2"": ""78.3"", ""Unnamed: 3"": ""55.7""}, {""Page: 171"": NaN, ""Unnamed: 1"": ""Cash and cash equivalents"", ""Unnamed: 2"": NaN, ""Unnamed: 3"": NaN}, {""Page: 171"": NaN, ""Unnamed: 1"": NaN, ""Unnamed: 2"": ""2024"", ""Unnamed: 3"": ""2023""}, {""Page: 171"": NaN, ""Unnamed: 1"": NaN, ""Unnamed: 2"": ""$\u2019m"", ""Unnamed: 3"": ""$\u2019m""}, {""Page: 171"": NaN, ""Unnamed: 1"": ""Cash and bank balances"", ""Unnamed: 2"": ""29.8"", ""Unnamed: 3"": ""22.5""}, {""Page: 171"": NaN, ""Unnamed: 1"": ""Bank overdrafts"", ""Unnamed: 2"": ""(1.0)"", ""Unnamed: 3"": ""(1.8)""}, {""Page: 171"": NaN, ""Unnamed: 1"": NaN, ""Unnamed: 2"": ""28.8"", ""Unnamed: 3"": ""20.7""}, {""Page: 171"": NaN, ""Unnamed: 1"": NaN, ""Unnamed: 2"": ""Cash and cash equivalents comprise cash held by the Group and bank overdrafts. The carrying amount of these assets"", ""Unnamed: 3"": NaN}, {""Page: 171"": NaN, ""Unnamed: 1"": NaN, ""Unnamed: 2"": ""approximates their fair value. Included within cash and cash equivalents is $nil (2023: $0.1m) held in trust, which can only be"", ""Unnamed: 3"": NaN}, {""Page: 171"": NaN, ""Unnamed: 1"": ""used for Volex employees."", ""Unnamed: 2"": NaN, ""Unnamed: 3"": NaN}]
---
[{""Page: 138"": ""Table Index: 15"", ""Unnamed: 1"": NaN, ""Unnamed: 2"": NaN, ""Unnamed: 3"": NaN, ""Unnamed: 4"": NaN}, {""Page: 138"": ""Table Header: , , 2024, 2023"", ""Unnamed: 1"": NaN, ""Unnamed: 2"": NaN, ""Unnamed: 3"": NaN, ""Unnamed: 4"": NaN}, {""Page: 138"": ""Page Header: Consolidated Statement of Financial Position | As at 31 March 2024 (2 April 2023) | 2024 2023"", ""Unnamed: 1"": NaN, ""Unnamed: 2"": NaN, ""Unnamed: 3"": NaN, ""Unnamed: 4"": NaN}, {""Page: 138"": ""Notes Mentioned: None"", ""Unnamed: 1"": NaN, ""Unnamed: 2"": NaN, ""Unnamed: 3"": NaN, ""Unnamed: 4"": NaN}, {""Page: 138"": NaN, ""Unnamed: 1"": NaN, ""Unnamed: 2"": NaN, ""Unnamed: 3"": ""2024"", ""Unnamed: 4"": ""2023""}, {""Page: 138"": NaN, ""Unnamed: 1"": NaN, ""Unnamed: 2"": ""Notes"", ""Unnamed: 3"": ""$\u2019m"", ""Unnamed: 4"": ""$\u2019m""}, {""Page: 138"": NaN, ""Unnamed: 1"": ""Non-current assets"", ""Unnamed: 2"": NaN, ""Unnamed: 3"": NaN, ""Unnamed: 4"": NaN}, {""Page: 138"": NaN, ""Unnamed: 1"": ""Goodwill"", ""Unnamed: 2"": ""12"", ""Unnamed: 3"": ""121.4"", ""Unnamed: 4"": ""82.3""}, {""Page: 138"": NaN, ""Unnamed: 1"": ""Other intangible assets"", ""Unnamed: 2"": ""13"", ""Unnamed: 3"": ""131.7"", ""Unnamed: 4"": ""41.8""}, {""Page: 138"": NaN, ""Unnamed: 1"": ""Property, plant and equipment"", ""Unnamed: 2"": ""14"", ""Unnamed: 3"": ""91.8"", ""Unnamed: 4"": ""50.1""}, {""Page: 138"": NaN, ""Unnamed: 1"": ""Right-of-use assets"", ""Unnamed: 2"": ""15"", ""Unnamed: 3"": ""38.4"", ""Unnamed: 4"": ""34.5""}, {""Page: 138"": NaN, ""Unnamed: 1"": ""Interests in associates"", ""Unnamed: 2"": ""16"", ""Unnamed: 3"": ""8.1"", ""Unnamed: 4"": ""2.6""}, {""Page: 138"": NaN, ""Unnamed: 1"": ""Other receivables"", ""Unnamed: 2"": ""18"", ""Unnamed: 3"": ""2.0"", ""Unnamed: 4"": ""1.8""}, {""Page: 138"": NaN, ""Unnamed: 1"": ""Derivative financial instruments"", ""Unnamed: 2"": ""31"", ""Unnamed: 3"": ""1.5"", ""Unnamed: 4"": ""0.9""}, {""Page: 138"": NaN, ""Unnamed: 1"": ""Retirement benefit asset"", ""Unnamed: 2"": ""30"", ""Unnamed: 3"": ""0.4"", ""Unnamed: 4"": ""\u2013""}, {""Page: 138"": NaN, ""Unnamed: 1"": ""Deferred tax assets"", ""Unnamed: 2"": ""21"", ""Unnamed: 3"": ""25.9"", ""Unnamed: 4"": ""24.6""}, {""Page: 138"": NaN, ""Unnamed: 1"": NaN, ""Unnamed: 2"": NaN, ""Unnamed: 3"": ""421.2"", ""Unnamed: 4"": ""238.6""}, {""Page: 138"": NaN, ""Unnamed: 1"": ""Current assets"", ""Unnamed: 2"": NaN, ""Unnamed: 3"": NaN, ""Unnamed: 4"": NaN}, {""Page: 138"": NaN, ""Unnamed: 1"": ""Inventories"", ""Unnamed: 2"": ""17"", ""Unnamed: 3"": ""174.3"", ""Unnamed: 4"": ""120.5""}, {""Page: 138"": NaN, ""Unnamed: 1"": ""Trade receivables"", ""Unnamed: 2"": ""18"", ""Unnamed: 3"": ""187.6"", ""Unnamed: 4"": ""136.2""}, {""Page: 138"": NaN, ""Unnamed: 1"": ""Other receivables"", ""Unnamed: 2"": ""18"", ""Unnamed: 3"": ""23.4"", ""Unnamed: 4"": ""15.7""}, {""Page: 138"": NaN, ""Unnamed: 1"": ""Current tax assets"", ""Unnamed: 2"": NaN, ""Unnamed: 3"": ""1.8"", ""Unnamed: 4"": ""0.8""}, {""Page: 138"": NaN, ""Unnamed: 1"": ""Derivative financial instruments"", ""Unnamed: 2"": ""31"", ""Unnamed: 3"": ""1.0"", ""Unnamed: 4"": ""0.9""}, {""Page: 138"": NaN, ""Unnamed: 1"": ""Cash and bank balances"", ""Unnamed: 2"": ""28"", ""Unnamed: 3"": ""29.8"", ""Unnamed: 4"": ""22.5""}, {""Page: 138"": NaN, ""Unnamed: 1"": NaN, ""Unnamed: 2"": NaN, ""Unnamed: 3"": ""417.9"", ""Unnamed: 4"": ""296.6""}, {""Page: 138"": NaN, ""Unnamed: 1"": ""Total assets"", ""Unnamed: 2"": NaN, ""Unnamed: 3"": ""839.1"", ""Unnamed: 4"": ""535.2""}, {""Page: 138"": NaN, ""Unnamed: 1"": ""Current liabilities"", ""Unnamed: 2"": NaN, ""Unnamed: 3"": NaN, ""Unnamed: 4"": NaN}, {""Page: 138"": NaN, ""Unnamed: 1"": ""Borrowings"", ""Unnamed: 2"": ""19"", ""Unnamed: 3"": ""3.3"", ""Unnamed: 4"": ""1.8""}, {""Page: 138"": NaN, ""Unnamed: 1"": ""Lease liabilities"", ""Unnamed: 2"": ""19"", ""Unnamed: 3"": ""21.3"", ""Unnamed: 4"": ""15.6""}, {""Page: 138"": NaN, ""Unnamed: 1"": ""Trade payables"", ""Unnamed: 2"": ""20"", ""Unnamed: 3"": ""133.1"", ""Unnamed: 4"": ""84.4""}, {""Page: 138"": NaN, ""Unnamed: 1"": ""Other payables"", ""Unnamed: 2"": ""20"", ""Unnamed: 3"": ""101.4"", ""Unnamed: 4"": ""65.2""}, {""Page: 138"": NaN, ""Unnamed: 1"": ""Current tax liabilities"", ""Unnamed: 2"": NaN, ""Unnamed: 3"": ""18.3"", ""Unnamed: 4"": ""14.5""}, {""Page: 138"": NaN, ""Unnamed: 1"": ""Retirement benefit obligations"", ""Unnamed: 2"": ""30"", ""Unnamed: 3"": ""\u2013"", ""Unnamed: 4"": ""0.3""}, {""Page: 138"": NaN, ""Unnamed: 1"": ""Provisions"", ""Unnamed: 2"": ""22"", ""Unnamed: 3"": ""2.9"", ""Unnamed: 4"": ""0.9""}, {""Page: 138"": NaN, ""Unnamed: 1"": ""Derivative financial instruments"", ""Unnamed: 2"": ""31"", ""Unnamed: 3"": ""0.4"", ""Unnamed: 4"": ""\u2013""}, {""Page: 138"": NaN, ""Unnamed: 1"": NaN, ""Unnamed: 2"": NaN, ""Unnamed: 3"": ""280.7"", ""Unnamed: 4"": ""182.7""}, {""Page: 138"": NaN, ""Unnamed: 1"": ""Net current assets"", ""Unnamed: 2"": NaN, ""Unnamed: 3"": ""137.2"", ""Unnamed: 4"": ""113.9""}, {""Page: 138"": NaN, ""Unnamed: 1"": ""Non-current liabilities"", ""Unnamed: 2"": NaN, ""Unnamed: 3"": NaN, ""Unnamed: 4"": NaN}, {""Page: 138"": NaN, ""Unnamed: 1"": ""Borrowings"", ""Unnamed: 2"": ""19"", ""Unnamed: 3"": ""143.1"", ""Unnamed: 4"": ""89.6""}, {""Page: 138"": NaN, ""Unnamed: 1"": ""Lease liabilities"", ""Unnamed: 2"": ""19"", ""Unnamed: 3"": ""16.1"", ""Unnamed: 4"": ""19.2""}, {""Page: 138"": NaN, ""Unnamed: 1"": ""Other payables"", ""Unnamed: 2"": ""20"", ""Unnamed: 3"": ""26.9"", ""Unnamed: 4"": ""1.4""}, {""Page: 138"": NaN, ""Unnamed: 1"": ""Deferred tax liabilities"", ""Unnamed: 2"": ""21"", ""Unnamed: 3"": ""28.2"", ""Unnamed: 4"": ""6.9""}, {""Page: 138"": NaN, ""Unnamed: 1"": ""Retirement benefit obligations"", ""Unnamed: 2"": ""30"", ""Unnamed: 3"": ""7.5"", ""Unnamed: 4"": ""2.3""}, {""Page: 138"": NaN, ""Unnamed: 1"": ""Provisions"", ""Unnamed: 2"": ""22"", ""Unnamed: 3"": ""1.0"", ""Unnamed: 4"": ""0.4""}, {""Page: 138"": NaN, ""Unnamed: 1"": NaN, ""Unnamed: 2"": NaN, ""Unnamed: 3"": ""222.8"", ""Unnamed: 4"": ""119.8""}, {""Page: 138"": NaN, ""Unnamed: 1"": ""Total liabilities"", ""Unnamed: 2"": NaN, ""Unnamed: 3"": ""503.5"", ""Unnamed: 4"": ""302.5""}, {""Page: 138"": NaN, ""Unnamed: 1"": ""Net assets"", ""Unnamed: 2"": NaN, ""Unnamed: 3"": ""335.6"", ""Unnamed: 4"": ""232.7""}, {""Page: 138"": NaN, ""Unnamed: 1"": ""Equity"", ""Unnamed: 2"": NaN, ""Unnamed: 3"": NaN, ""Unnamed: 4"": NaN}, {""Page: 138"": NaN, ""Unnamed: 1"": ""Share capital"", ""Unnamed: 2"": ""23"", ""Unnamed: 3"": ""69.6"", ""Unnamed: 4"": ""62.7""}, {""Page: 138"": NaN, ""Unnamed: 1"": ""Share premium account"", ""Unnamed: 2"": ""23"", ""Unnamed: 3"": ""62.0"", ""Unnamed: 4"": ""60.7""}, {""Page: 138"": NaN, ""Unnamed: 1"": ""Non-distributable reserve"", ""Unnamed: 2"": ""24"", ""Unnamed: 3"": ""2.5"", ""Unnamed: 4"": ""2.5""}, {""Page: 138"": NaN, ""Unnamed: 1"": ""Hedging and translation reserve"", ""Unnamed: 2"": NaN, ""Unnamed: 3"": ""(13.9)"", ""Unnamed: 4"": ""(14.6)""}, {""Page: 138"": NaN, ""Unnamed: 1"": ""Own shares"", ""Unnamed: 2"": ""24"", ""Unnamed: 3"": ""(4.3)"", ""Unnamed: 4"": ""(1.0)""}, {""Page: 138"": NaN, ""Unnamed: 1"": ""Retained earnings"", ""Unnamed: 2"": NaN, ""Unnamed: 3"": ""211.3"", ""Unnamed: 4"": ""115.0""}, {""Page: 138"": NaN, ""Unnamed: 1"": ""Total attributable to owners of the parent"", ""Unnamed: 2"": NaN, ""Unnamed: 3"": ""327.2"", ""Unnamed: 4"": ""225.3""}, {""Page: 138"": NaN, ""Unnamed: 1"": ""Non-controlling interests"", ""Unnamed: 2"": ""25"", ""Unnamed: 3"": ""8.4"", ""Unnamed: 4"": ""7.4""}, {""Page: 138"": NaN, ""Unnamed: 1"": ""Total equity"", ""Unnamed: 2"": NaN, ""Unnamed: 3"": ""335.6"", ""Unnamed: 4"": ""232.7""}, {""Page: 138"": NaN, ""Unnamed: 1"": NaN, ""Unnamed: 2"": ""The notes on pages 139 to 181 are an integral part of these financial statements. The consolidated financial statements of"", ""Unnamed: 3"": NaN, ""Unnamed: 4"": NaN}]
---
[{""Page: 136"": ""Table Index: 13"", ""Unnamed: 1"": NaN, ""Unnamed: 2"": NaN, ""Unnamed: 3"": NaN, ""Unnamed: 4"": NaN, ""Unnamed: 5"": NaN, ""Unnamed: 6"": NaN, ""Unnamed: 7"": NaN, ""Unnamed: 8"": NaN}, {""Page: 136"": ""Table Header: , , , 2024, , , 2023, "", ""Unnamed: 1"": NaN, ""Unnamed: 2"": NaN, ""Unnamed: 3"": NaN, ""Unnamed: 4"": NaN, ""Unnamed: 5"": NaN, ""Unnamed: 6"": NaN, ""Unnamed: 7"": NaN, ""Unnamed: 8"": NaN}, {""Page: 136"": ""Page Header: Consolidated Income Statement | For the 52 weeks ended 31 March 2024 (52 weeks ended 2 April 2023) | 2024 2023"", ""Unnamed: 1"": NaN, ""Unnamed: 2"": NaN, ""Unnamed: 3"": NaN, ""Unnamed: 4"": NaN, ""Unnamed: 5"": NaN, ""Unnamed: 6"": NaN, ""Unnamed: 7"": NaN, ""Unnamed: 8"": NaN}, {""Page: 136"": ""Notes Mentioned: Note 4, Note 4"", ""Unnamed: 1"": NaN, ""Unnamed: 2"": NaN, ""Unnamed: 3"": NaN, ""Unnamed: 4"": NaN, ""Unnamed: 5"": NaN, ""Unnamed: 6"": NaN, ""Unnamed: 7"": NaN, ""Unnamed: 8"": NaN}, {""Page: 136"": NaN, ""Unnamed: 1"": NaN, ""Unnamed: 2"": NaN, ""Unnamed: 3"": NaN, ""Unnamed: 4"": ""2024"", ""Unnamed: 5"": NaN, ""Unnamed: 6"": NaN, ""Unnamed: 7"": ""2023"", ""Unnamed: 8"": NaN}, {""Page: 136"": NaN, ""Unnamed: 1"": NaN, ""Unnamed: 2"": NaN, ""Unnamed: 3"": ""Before"", ""Unnamed: 4"": ""Adjusting"", ""Unnamed: 5"": NaN, ""Unnamed: 6"": ""Before"", ""Unnamed: 7"": ""Adjusting"", ""Unnamed: 8"": NaN}, {""Page: 136"": NaN, ""Unnamed: 1"": NaN, ""Unnamed: 2"": NaN, ""Unnamed: 3"": ""adjusting"", ""Unnamed: 4"": ""items and"", ""Unnamed: 5"": NaN, ""Unnamed: 6"": ""adjusting"", ""Unnamed: 7"": ""items and"", ""Unnamed: 8"": NaN}, {""Page: 136"": NaN, ""Unnamed: 1"": NaN, ""Unnamed: 2"": NaN, ""Unnamed: 3"": ""items and"", ""Unnamed: 4"": ""share-based"", ""Unnamed: 5"": NaN, ""Unnamed: 6"": ""items and"", ""Unnamed: 7"": ""share-based"", ""Unnamed: 8"": NaN}, {""Page: 136"": NaN, ""Unnamed: 1"": NaN, ""Unnamed: 2"": NaN, ""Unnamed: 3"": ""share-based"", ""Unnamed: 4"": ""payments"", ""Unnamed: 5"": NaN, ""Unnamed: 6"": ""share-based"", ""Unnamed: 7"": ""payments"", ""Unnamed: 8"": NaN}, {""Page: 136"": NaN, ""Unnamed: 1"": NaN, ""Unnamed: 2"": NaN, ""Unnamed: 3"": ""payments"", ""Unnamed: 4"": ""(Note 4)"", ""Unnamed: 5"": ""Total"", ""Unnamed: 6"": ""payments"", ""Unnamed: 7"": ""(Note 4)"", ""Unnamed: 8"": ""Total""}, {""Page: 136"": NaN, ""Unnamed: 1"": NaN, ""Unnamed: 2"": ""Notes"", ""Unnamed: 3"": ""$\u2019m"", ""Unnamed: 4"": ""$\u2019m"", ""Unnamed: 5"": ""$\u2019m"", ""Unnamed: 6"": ""$\u2019m"", ""Unnamed: 7"": ""$\u2019m"", ""Unnamed: 8"": ""$\u2019m""}, {""Page: 136"": NaN, ""Unnamed: 1"": ""Revenue"", ""Unnamed: 2"": ""3"", ""Unnamed: 3"": ""912.8"", ""Unnamed: 4"": ""\u2013"", ""Unnamed: 5"": ""912.8"", ""Unnamed: 6"": ""722.8"", ""Unnamed: 7"": ""\u2013"", ""Unnamed: 8"": ""722.8""}, {""Page: 136"": NaN, ""Unnamed: 1"": ""Cost of sales"", ""Unnamed: 2"": NaN, ""Unnamed: 3"": ""(710.0)"", ""Unnamed: 4"": ""\u2013"", ""Unnamed: 5"": ""(710.0)"", ""Unnamed: 6"": ""(565.8)"", ""Unnamed: 7"": ""\u2013"", ""Unnamed: 8"": ""(565.8)""}, {""Page: 136"": NaN, ""Unnamed: 1"": ""Gross profit"", ""Unnamed: 2"": NaN, ""Unnamed: 3"": ""202.8"", ""Unnamed: 4"": ""\u2013"", ""Unnamed: 5"": ""202.8"", ""Unnamed: 6"": ""157.0"", ""Unnamed: 7"": ""\u2013"", ""Unnamed: 8"": ""157.0""}, {""Page: 136"": NaN, ""Unnamed: 1"": ""Operating expenses"", ""Unnamed: 2"": NaN, ""Unnamed: 3"": ""(113.1)"", ""Unnamed: 4"": ""(25.8)"", ""Unnamed: 5"": ""(138.9)"", ""Unnamed: 6"": ""(89.7)"", ""Unnamed: 7"": ""(13.5)"", ""Unnamed: 8"": ""(103.2)""}, {""Page: 136"": NaN, ""Unnamed: 1"": ""Operating profit"", ""Unnamed: 2"": ""7"", ""Unnamed: 3"": ""89.7"", ""Unnamed: 4"": ""(25.8)"", ""Unnamed: 5"": ""63.9"", ""Unnamed: 6"": ""67.3"", ""Unnamed: 7"": ""(13.5)"", ""Unnamed: 8"": ""53.8""}, {""Page: 136"": NaN, ""Unnamed: 1"": ""Share of net profit from"", ""Unnamed: 2"": NaN, ""Unnamed: 3"": NaN, ""Unnamed: 4"": NaN, ""Unnamed: 5"": NaN, ""Unnamed: 6"": NaN, ""Unnamed: 7"": NaN, ""Unnamed: 8"": NaN}, {""Page: 136"": NaN, ""Unnamed: 1"": ""associates"", ""Unnamed: 2"": ""16"", ""Unnamed: 3"": ""3.2"", ""Unnamed: 4"": ""\u2013"", ""Unnamed: 5"": ""3.2"", ""Unnamed: 6"": ""1.1"", ""Unnamed: 7"": ""\u2013"", ""Unnamed: 8"": ""1.1""}, {""Page: 136"": NaN, ""Unnamed: 1"": ""Finance income"", ""Unnamed: 2"": ""5"", ""Unnamed: 3"": ""1.3"", ""Unnamed: 4"": ""\u2013"", ""Unnamed: 5"": ""1.3"", ""Unnamed: 6"": ""0.4"", ""Unnamed: 7"": ""\u2013"", ""Unnamed: 8"": ""0.4""}, {""Page: 136"": NaN, ""Unnamed: 1"": ""Finance costs"", ""Unnamed: 2"": ""6"", ""Unnamed: 3"": ""(16.8)"", ""Unnamed: 4"": ""\u2013"", ""Unnamed: 5"": ""(16.8)"", ""Unnamed: 6"": ""(9.5)"", ""Unnamed: 7"": ""\u2013"", ""Unnamed: 8"": ""(9.5)""}, {""Page: 136"": NaN, ""Unnamed: 1"": ""Profit before taxation"", ""Unnamed: 2"": NaN, ""Unnamed: 3"": ""77.4"", ""Unnamed: 4"": ""(25.8)"", ""Unnamed: 5"": ""51.6"", ""Unnamed: 6"": ""59.3"", ""Unnamed: 7"": ""(13.5)"", ""Unnamed: 8"": ""45.8""}, {""Page: 136"": NaN, ""Unnamed: 1"": ""Taxation"", ""Unnamed: 2"": ""10"", ""Unnamed: 3"": ""(15.9)"", ""Unnamed: 4"": ""4.5"", ""Unnamed: 5"": ""(11.4)"", ""Unnamed: 6"": ""(10.7)"", ""Unnamed: 7"": ""2.3"", ""Unnamed: 8"": ""(8.4)""}, {""Page: 136"": NaN, ""Unnamed: 1"": ""Profit for the period"", ""Unnamed: 2"": NaN, ""Unnamed: 3"": ""61.5"", ""Unnamed: 4"": ""(21.3)"", ""Unnamed: 5"": ""40.2"", ""Unnamed: 6"": ""48.6"", ""Unnamed: 7"": ""(11.2)"", ""Unnamed: 8"": ""37.4""}, {""Page: 136"": NaN, ""Unnamed: 1"": ""Profit is attributable to:"", ""Unnamed: 2"": NaN, ""Unnamed: 3"": NaN, ""Unnamed: 4"": NaN, ""Unnamed: 5"": NaN, ""Unnamed: 6"": NaN, ""Unnamed: 7"": NaN, ""Unnamed: 8"": NaN}, {""Page: 136"": NaN, ""Unnamed: 1"": ""Owners of the parent"", ""Unnamed: 2"": NaN, ""Unnamed: 3"": ""60.5"", ""Unnamed: 4"": ""(21.2)"", ""Unnamed: 5"": ""39.3"", ""Unnamed: 6"": ""48.0"", ""Unnamed: 7"": ""(11.2)"", ""Unnamed: 8"": ""36.8""}, {""Page: 136"": NaN, ""Unnamed: 1"": ""Non-controlling interests"", ""Unnamed: 2"": NaN, ""Unnamed: 3"": ""1.0"", ""Unnamed: 4"": ""(0.1)"", ""Unnamed: 5"": ""0.9"", ""Unnamed: 6"": ""0.6"", ""Unnamed: 7"": ""\u2013"", ""Unnamed: 8"": ""0.6""}, {""Page: 136"": NaN, ""Unnamed: 1"": NaN, ""Unnamed: 2"": NaN, ""Unnamed: 3"": ""61.5"", ""Unnamed: 4"": ""(21.3)"", ""Unnamed: 5"": ""40.2"", ""Unnamed: 6"": ""48.6"", ""Unnamed: 7"": ""(11.2)"", ""Unnamed: 8"": ""37.4""}, {""Page: 136"": NaN, ""Unnamed: 1"": ""Earnings per share (cents)"", ""Unnamed: 2"": NaN, ""Unnamed: 3"": NaN, ""Unnamed: 4"": NaN, ""Unnamed: 5"": NaN, ""Unnamed: 6"": NaN, ""Unnamed: 7"": NaN, ""Unnamed: 8"": NaN}, {""Page: 136"": NaN, ""Unnamed: 1"": ""Basic"", ""Unnamed: 2"": ""11"", ""Unnamed: 3"": ""33.7"", ""Unnamed: 4"": NaN, ""Unnamed: 5"": ""21.8"", ""Unnamed: 6"": ""30.2"", ""Unnamed: 7"": NaN, ""Unnamed: 8"": ""23.2""}, {""Page: 136"": NaN, ""Unnamed: 1"": ""Diluted"", ""Unnamed: 2"": ""11"", ""Unnamed: 3"": ""33.0"", ""Unnamed: 4"": NaN, ""Unnamed: 5"": ""21.4"", ""Unnamed: 6"": ""28.8"", ""Unnamed: 7"": NaN, ""Unnamed: 8"": ""22.1""}]","[0.2433, 0.2982, 0.3173]"
